instance_id,feature,shap_value,abs_shap_value,base_value
0,num__MinTemp,-0.05453773960471153,0.05453773960471153,-1.2762953042984009
0,num__MaxTemp,-0.05748629570007324,0.05748629570007324,-1.2762953042984009
0,num__Rainfall,-0.2379668653011322,0.2379668653011322,-1.2762953042984009
0,num__Evaporation,0.013468189164996147,0.013468189164996147,-1.2762953042984009
0,num__Sunshine,-0.03569602593779564,0.03569602593779564,-1.2762953042984009
0,num__WindGustSpeed,-0.1726868599653244,0.1726868599653244,-1.2762953042984009
0,num__WindSpeed9am,0.03771904855966568,0.03771904855966568,-1.2762953042984009
0,num__WindSpeed3pm,0.035957880318164825,0.035957880318164825,-1.2762953042984009
0,num__Humidity9am,-0.04100284352898598,0.04100284352898598,-1.2762953042984009
0,num__Humidity3pm,0.7518549561500549,0.7518549561500549,-1.2762953042984009
0,num__Pressure9am,-0.0016629192978143692,0.0016629192978143692,-1.2762953042984009
0,num__Pressure3pm,-0.1131514310836792,0.1131514310836792,-1.2762953042984009
0,num__Cloud9am,0.012649944052100182,0.012649944052100182,-1.2762953042984009
0,num__Cloud3pm,-0.06565948575735092,0.06565948575735092,-1.2762953042984009
0,num__Temp9am,0.050588902086019516,0.050588902086019516,-1.2762953042984009
0,num__Temp3pm,0.022959982976317406,0.022959982976317406,-1.2762953042984009
0,num__TemperatureDifference,-0.10067804902791977,0.10067804902791977,-1.2762953042984009
0,num__AverageTemperature,0.009846135042607784,0.009846135042607784,-1.2762953042984009
0,num__HumidityIndex,0.028430139645934105,0.028430139645934105,-1.2762953042984009
0,num__PressureDifference,-0.012859613634645939,0.012859613634645939,-1.2762953042984009
0,num__Month,-0.0006702616810798645,0.0006702616810798645,-1.2762953042984009
0,num__Quarter,0.0,0.0,-1.2762953042984009
0,num__DayOfYear,-0.0006502194446511567,0.0006502194446511567,-1.2762953042984009
0,num__IsWeekend,-0.0011892124311998487,0.0011892124311998487,-1.2762953042984009
0,num__RainfallIndicator,0.0,0.0,-1.2762953042984009
0,num__RainTodayBinary,0.0,0.0,-1.2762953042984009
0,cat__Location_Adelaide,-0.007498628925532103,0.007498628925532103,-1.2762953042984009
0,cat__Location_Albany,0.0009853682713583112,0.0009853682713583112,-1.2762953042984009
0,cat__Location_Albury,-0.0005174602847546339,0.0005174602847546339,-1.2762953042984009
0,cat__Location_AliceSprings,0.0008238086593337357,0.0008238086593337357,-1.2762953042984009
0,cat__Location_BadgerysCreek,-0.003030662890523672,0.003030662890523672,-1.2762953042984009
0,cat__Location_Ballarat,0.00482214568182826,0.00482214568182826,-1.2762953042984009
0,cat__Location_Bendigo,-0.0004865092923864722,0.0004865092923864722,-1.2762953042984009
0,cat__Location_Brisbane,-0.009344705380499363,0.009344705380499363,-1.2762953042984009
0,cat__Location_Cairns,-0.002060486003756523,0.002060486003756523,-1.2762953042984009
0,cat__Location_Canberra,-0.0004329702351242304,0.0004329702351242304,-1.2762953042984009
0,cat__Location_Cobar,-0.0002957340911962092,0.0002957340911962092,-1.2762953042984009
0,cat__Location_CoffsHarbour,-0.002253221347928047,0.002253221347928047,-1.2762953042984009
0,cat__Location_Dartmoor,-0.0006182385259307921,0.0006182385259307921,-1.2762953042984009
0,cat__Location_Darwin,0.00945314671844244,0.00945314671844244,-1.2762953042984009
0,cat__Location_GoldCoast,0.003928265068680048,0.003928265068680048,-1.2762953042984009
0,cat__Location_Hobart,0.009384093806147575,0.009384093806147575,-1.2762953042984009
0,cat__Location_Katherine,0.004915498662739992,0.004915498662739992,-1.2762953042984009
0,cat__Location_Launceston,0.0020374294836074114,0.0020374294836074114,-1.2762953042984009
0,cat__Location_Melbourne,-0.0012091654352843761,0.0012091654352843761,-1.2762953042984009
0,cat__Location_MelbourneAirport,0.004237646237015724,0.004237646237015724,-1.2762953042984009
0,cat__Location_Mildura,0.0001375978608848527,0.0001375978608848527,-1.2762953042984009
0,cat__Location_Moree,8.55759863043204e-05,8.55759863043204e-05,-1.2762953042984009
0,cat__Location_MountGambier,-9.87952807918191e-05,9.87952807918191e-05,-1.2762953042984009
0,cat__Location_MountGinini,0.01230432279407978,0.01230432279407978,-1.2762953042984009
0,cat__Location_Newcastle,-3.4636574127944186e-05,3.4636574127944186e-05,-1.2762953042984009
0,cat__Location_Nhil,0.0015106028877198696,0.0015106028877198696,-1.2762953042984009
0,cat__Location_NorahHead,0.009214921854436398,0.009214921854436398,-1.2762953042984009
0,cat__Location_NorfolkIsland,0.0013530956348404288,0.0013530956348404288,-1.2762953042984009
0,cat__Location_Nuriootpa,3.426570037845522e-05,3.426570037845522e-05,-1.2762953042984009
0,cat__Location_PearceRAAF,-0.004812571220099926,0.004812571220099926,-1.2762953042984009
0,cat__Location_Penrith,-0.004712813999503851,0.004712813999503851,-1.2762953042984009
0,cat__Location_Perth,-0.011990988627076149,0.011990988627076149,-1.2762953042984009
0,cat__Location_PerthAirport,-0.004651748575270176,0.004651748575270176,-1.2762953042984009
0,cat__Location_Portland,-0.0005118282861076295,0.0005118282861076295,-1.2762953042984009
0,cat__Location_Richmond,-0.003132518846541643,0.003132518846541643,-1.2762953042984009
0,cat__Location_Sale,0.005835707765072584,0.005835707765072584,-1.2762953042984009
0,cat__Location_SalmonGums,0.0730903148651123,0.0730903148651123,-1.2762953042984009
0,cat__Location_Sydney,-0.00285175908356905,0.00285175908356905,-1.2762953042984009
0,cat__Location_SydneyAirport,8.788750710664317e-05,8.788750710664317e-05,-1.2762953042984009
0,cat__Location_Townsville,0.012252082116901875,0.012252082116901875,-1.2762953042984009
0,cat__Location_Tuggeranong,-0.0030669267289340496,0.0030669267289340496,-1.2762953042984009
0,cat__Location_Uluru,-9.26809516386129e-05,9.26809516386129e-05,-1.2762953042984009
0,cat__Location_WaggaWagga,-0.0012933691032230854,0.0012933691032230854,-1.2762953042984009
0,cat__Location_Walpole,-0.001255040755495429,0.001255040755495429,-1.2762953042984009
0,cat__Location_Watsonia,0.000502059527207166,0.000502059527207166,-1.2762953042984009
0,cat__Location_Williamtown,-0.0040079085156321526,0.0040079085156321526,-1.2762953042984009
0,cat__Location_Witchcliffe,-0.015976006165146828,0.015976006165146828,-1.2762953042984009
0,cat__Location_Wollongong,0.016412755474448204,0.016412755474448204,-1.2762953042984009
0,cat__Location_Woomera,0.0019552481826394796,0.0019552481826394796,-1.2762953042984009
0,cat__WindGustDir_E,0.0004057115875184536,0.0004057115875184536,-1.2762953042984009
0,cat__WindGustDir_ENE,-0.00013032362039666623,0.00013032362039666623,-1.2762953042984009
0,cat__WindGustDir_ESE,-0.00016328139463439584,0.00016328139463439584,-1.2762953042984009
0,cat__WindGustDir_N,-0.004752730950713158,0.004752730950713158,-1.2762953042984009
0,cat__WindGustDir_NE,-0.00026234189863316715,0.00026234189863316715,-1.2762953042984009
0,cat__WindGustDir_NNE,-0.0001296907284995541,0.0001296907284995541,-1.2762953042984009
0,cat__WindGustDir_NNW,-0.003219179343432188,0.003219179343432188,-1.2762953042984009
0,cat__WindGustDir_NW,-0.0005622039316222072,0.0005622039316222072,-1.2762953042984009
0,cat__WindGustDir_S,-5.166879873286234e-06,5.166879873286234e-06,-1.2762953042984009
0,cat__WindGustDir_SE,-0.0005300532793626189,0.0005300532793626189,-1.2762953042984009
0,cat__WindGustDir_SSE,3.4651973692234606e-05,3.4651973692234606e-05,-1.2762953042984009
0,cat__WindGustDir_SSW,-0.00040011084638535976,0.00040011084638535976,-1.2762953042984009
0,cat__WindGustDir_SW,-0.0001903143711388111,0.0001903143711388111,-1.2762953042984009
0,cat__WindGustDir_W,-0.0007500379579141736,0.0007500379579141736,-1.2762953042984009
0,cat__WindGustDir_WNW,-7.060825009830296e-05,7.060825009830296e-05,-1.2762953042984009
0,cat__WindGustDir_WSW,-3.3365548006258905e-05,3.3365548006258905e-05,-1.2762953042984009
0,cat__WindDir9am_E,0.0010962451342493296,0.0010962451342493296,-1.2762953042984009
0,cat__WindDir9am_ENE,-0.0010027906391769648,0.0010027906391769648,-1.2762953042984009
0,cat__WindDir9am_ESE,0.0028066327795386314,0.0028066327795386314,-1.2762953042984009
0,cat__WindDir9am_N,-0.018935155123472214,0.018935155123472214,-1.2762953042984009
0,cat__WindDir9am_NE,-0.0011662227334454656,0.0011662227334454656,-1.2762953042984009
0,cat__WindDir9am_NNE,-0.008519296534359455,0.008519296534359455,-1.2762953042984009
0,cat__WindDir9am_NNW,-0.0031639779917895794,0.0031639779917895794,-1.2762953042984009
0,cat__WindDir9am_NW,-0.003190109273418784,0.003190109273418784,-1.2762953042984009
0,cat__WindDir9am_S,0.0179634727537632,0.0179634727537632,-1.2762953042984009
0,cat__WindDir9am_SE,5.397962013375945e-06,5.397962013375945e-06,-1.2762953042984009
0,cat__WindDir9am_SSE,0.009577116928994656,0.009577116928994656,-1.2762953042984009
0,cat__WindDir9am_SSW,0.002073178067803383,0.002073178067803383,-1.2762953042984009
0,cat__WindDir9am_SW,-0.00016282977594528347,0.00016282977594528347,-1.2762953042984009
0,cat__WindDir9am_W,0.0010227097664028406,0.0010227097664028406,-1.2762953042984009
0,cat__WindDir9am_WNW,-3.05161411233712e-05,3.05161411233712e-05,-1.2762953042984009
0,cat__WindDir9am_WSW,1.1455547792138532e-05,1.1455547792138532e-05,-1.2762953042984009
0,cat__WindDir3pm_E,0.00087057362543419,0.00087057362543419,-1.2762953042984009
0,cat__WindDir3pm_ENE,-0.0001523924875073135,0.0001523924875073135,-1.2762953042984009
0,cat__WindDir3pm_ESE,-0.0021064761094748974,0.0021064761094748974,-1.2762953042984009
0,cat__WindDir3pm_N,-0.004446906968951225,0.004446906968951225,-1.2762953042984009
0,cat__WindDir3pm_NE,0.0007820749888196588,0.0007820749888196588,-1.2762953042984009
0,cat__WindDir3pm_NNE,-0.0004104380786884576,0.0004104380786884576,-1.2762953042984009
0,cat__WindDir3pm_NNW,-0.0120161147788167,0.0120161147788167,-1.2762953042984009
0,cat__WindDir3pm_NW,-0.012881824746727943,0.012881824746727943,-1.2762953042984009
0,cat__WindDir3pm_S,-0.08674818277359009,0.08674818277359009,-1.2762953042984009
0,cat__WindDir3pm_SE,-0.0001246150495717302,0.0001246150495717302,-1.2762953042984009
0,cat__WindDir3pm_SSE,0.00931607186794281,0.00931607186794281,-1.2762953042984009
0,cat__WindDir3pm_SSW,0.011730271391570568,0.011730271391570568,-1.2762953042984009
0,cat__WindDir3pm_SW,0.001652220613323152,0.001652220613323152,-1.2762953042984009
0,cat__WindDir3pm_W,-2.0308769308030605e-05,2.0308769308030605e-05,-1.2762953042984009
0,cat__WindDir3pm_WNW,-0.00871162861585617,0.00871162861585617,-1.2762953042984009
0,cat__WindDir3pm_WSW,0.00015134218847379088,0.00015134218847379088,-1.2762953042984009
0,cat__Season_Autumn,0.003045138670131564,0.003045138670131564,-1.2762953042984009
0,cat__Season_Spring,0.00027336663333699107,0.00027336663333699107,-1.2762953042984009
0,cat__Season_Summer,0.010713011026382446,0.010713011026382446,-1.2762953042984009
0,cat__Season_Winter,0.0006233751773834229,0.0006233751773834229,-1.2762953042984009
0,cat__WindIntensityCategory_High,4.441238706931472e-05,4.441238706931472e-05,-1.2762953042984009
0,cat__WindIntensityCategory_Low,-0.0006723977858200669,0.0006723977858200669,-1.2762953042984009
0,cat__WindIntensityCategory_Moderate,-0.0024245327804237604,0.0024245327804237604,-1.2762953042984009
0,cat__WindIntensityCategory_VeryHigh,0.0,0.0,-1.2762953042984009
0,cat__RainToday_No,0.0,0.0,-1.2762953042984009
0,cat__RainToday_Yes,0.0,0.0,-1.2762953042984009
1,num__MinTemp,-0.045461505651474,0.045461505651474,-1.2762953042984009
1,num__MaxTemp,0.04999813809990883,0.04999813809990883,-1.2762953042984009
1,num__Rainfall,-0.18127241730690002,0.18127241730690002,-1.2762953042984009
1,num__Evaporation,0.01425194088369608,0.01425194088369608,-1.2762953042984009
1,num__Sunshine,0.026585686951875687,0.026585686951875687,-1.2762953042984009
1,num__WindGustSpeed,0.05187505856156349,0.05187505856156349,-1.2762953042984009
1,num__WindSpeed9am,-0.003987206611782312,0.003987206611782312,-1.2762953042984009
1,num__WindSpeed3pm,0.058632031083106995,0.058632031083106995,-1.2762953042984009
1,num__Humidity9am,0.02315022610127926,0.02315022610127926,-1.2762953042984009
1,num__Humidity3pm,-0.542311429977417,0.542311429977417,-1.2762953042984009
1,num__Pressure9am,-0.34884756803512573,0.34884756803512573,-1.2762953042984009
1,num__Pressure3pm,-0.6882548928260803,0.6882548928260803,-1.2762953042984009
1,num__Cloud9am,0.01409984938800335,0.01409984938800335,-1.2762953042984009
1,num__Cloud3pm,-0.39648494124412537,0.39648494124412537,-1.2762953042984009
1,num__Temp9am,-0.03891903534531593,0.03891903534531593,-1.2762953042984009
1,num__Temp3pm,-0.023086566478013992,0.023086566478013992,-1.2762953042984009
1,num__TemperatureDifference,-0.044470369815826416,0.044470369815826416,-1.2762953042984009
1,num__AverageTemperature,-0.007889831438660622,0.007889831438660622,-1.2762953042984009
1,num__HumidityIndex,0.0244625061750412,0.0244625061750412,-1.2762953042984009
1,num__PressureDifference,0.12862281501293182,0.12862281501293182,-1.2762953042984009
1,num__Month,0.00016270346532110125,0.00016270346532110125,-1.2762953042984009
1,num__Quarter,0.0,0.0,-1.2762953042984009
1,num__DayOfYear,-0.07390517741441727,0.07390517741441727,-1.2762953042984009
1,num__IsWeekend,-0.0012643691152334213,0.0012643691152334213,-1.2762953042984009
1,num__RainfallIndicator,0.0,0.0,-1.2762953042984009
1,num__RainTodayBinary,0.0,0.0,-1.2762953042984009
1,cat__Location_Adelaide,-0.008193506859242916,0.008193506859242916,-1.2762953042984009
1,cat__Location_Albany,-2.0443239918677136e-05,2.0443239918677136e-05,-1.2762953042984009
1,cat__Location_Albury,-0.005486282054334879,0.005486282054334879,-1.2762953042984009
1,cat__Location_AliceSprings,0.0022632190957665443,0.0022632190957665443,-1.2762953042984009
1,cat__Location_BadgerysCreek,-0.0025252671912312508,0.0025252671912312508,-1.2762953042984009
1,cat__Location_Ballarat,0.005270568188279867,0.005270568188279867,-1.2762953042984009
1,cat__Location_Bendigo,-0.002120115328580141,0.002120115328580141,-1.2762953042984009
1,cat__Location_Brisbane,-0.004615291021764278,0.004615291021764278,-1.2762953042984009
1,cat__Location_Cairns,-0.0013977650087326765,0.0013977650087326765,-1.2762953042984009
1,cat__Location_Canberra,0.0005378009518608451,0.0005378009518608451,-1.2762953042984009
1,cat__Location_Cobar,-0.0007399114547297359,0.0007399114547297359,-1.2762953042984009
1,cat__Location_CoffsHarbour,-0.010813049972057343,0.010813049972057343,-1.2762953042984009
1,cat__Location_Dartmoor,-0.0008943004650063813,0.0008943004650063813,-1.2762953042984009
1,cat__Location_Darwin,0.008965153247117996,0.008965153247117996,-1.2762953042984009
1,cat__Location_GoldCoast,0.004218770191073418,0.004218770191073418,-1.2762953042984009
1,cat__Location_Hobart,0.009959050454199314,0.009959050454199314,-1.2762953042984009
1,cat__Location_Katherine,0.005033258814364672,0.005033258814364672,-1.2762953042984009
1,cat__Location_Launceston,0.0010953244054690003,0.0010953244054690003,-1.2762953042984009
1,cat__Location_Melbourne,-0.0003517057339195162,0.0003517057339195162,-1.2762953042984009
1,cat__Location_MelbourneAirport,-0.2612205147743225,0.2612205147743225,-1.2762953042984009
1,cat__Location_Mildura,0.00020048148871865124,0.00020048148871865124,-1.2762953042984009
1,cat__Location_Moree,3.1656891223974526e-05,3.1656891223974526e-05,-1.2762953042984009
1,cat__Location_MountGambier,5.654463893733919e-05,5.654463893733919e-05,-1.2762953042984009
1,cat__Location_MountGinini,0.009274373762309551,0.009274373762309551,-1.2762953042984009
1,cat__Location_Newcastle,-3.463657048996538e-05,3.463657048996538e-05,-1.2762953042984009
1,cat__Location_Nhil,0.0007287340704351664,0.0007287340704351664,-1.2762953042984009
1,cat__Location_NorahHead,-0.001458635670132935,0.001458635670132935,-1.2762953042984009
1,cat__Location_NorfolkIsland,0.0011033661430701613,0.0011033661430701613,-1.2762953042984009
1,cat__Location_Nuriootpa,6.817508983658627e-05,6.817508983658627e-05,-1.2762953042984009
1,cat__Location_PearceRAAF,-0.003256311174482107,0.003256311174482107,-1.2762953042984009
1,cat__Location_Penrith,-0.0018823466962203383,0.0018823466962203383,-1.2762953042984009
1,cat__Location_Perth,-0.00645078718662262,0.00645078718662262,-1.2762953042984009
1,cat__Location_PerthAirport,-0.0032212242949754,0.0032212242949754,-1.2762953042984009
1,cat__Location_Portland,-0.0036460377741605043,0.0036460377741605043,-1.2762953042984009
1,cat__Location_Richmond,-0.001292662345804274,0.001292662345804274,-1.2762953042984009
1,cat__Location_Sale,0.007477717008441687,0.007477717008441687,-1.2762953042984009
1,cat__Location_SalmonGums,-0.004381907172501087,0.004381907172501087,-1.2762953042984009
1,cat__Location_Sydney,-0.007280326914042234,0.007280326914042234,-1.2762953042984009
1,cat__Location_SydneyAirport,9.40583340707235e-05,9.40583340707235e-05,-1.2762953042984009
1,cat__Location_Townsville,0.0168545413762331,0.0168545413762331,-1.2762953042984009
1,cat__Location_Tuggeranong,-0.0031569860875606537,0.0031569860875606537,-1.2762953042984009
1,cat__Location_Uluru,0.00017736776499077678,0.00017736776499077678,-1.2762953042984009
1,cat__Location_WaggaWagga,-0.004012530669569969,0.004012530669569969,-1.2762953042984009
1,cat__Location_Walpole,-0.0014554740628227592,0.0014554740628227592,-1.2762953042984009
1,cat__Location_Watsonia,0.0003801315324380994,0.0003801315324380994,-1.2762953042984009
1,cat__Location_Williamtown,-0.018086640164256096,0.018086640164256096,-1.2762953042984009
1,cat__Location_Witchcliffe,-0.010599971748888493,0.010599971748888493,-1.2762953042984009
1,cat__Location_Wollongong,0.01038392260670662,0.01038392260670662,-1.2762953042984009
1,cat__Location_Woomera,0.0010810985695570707,0.0010810985695570707,-1.2762953042984009
1,cat__WindGustDir_E,0.00043835543328896165,0.00043835543328896165,-1.2762953042984009
1,cat__WindGustDir_ENE,-8.436793723376468e-05,8.436793723376468e-05,-1.2762953042984009
1,cat__WindGustDir_ESE,-8.504475408699363e-05,8.504475408699363e-05,-1.2762953042984009
1,cat__WindGustDir_N,-0.0411837212741375,0.0411837212741375,-1.2762953042984009
1,cat__WindGustDir_NE,-0.0012659915955737233,0.0012659915955737233,-1.2762953042984009
1,cat__WindGustDir_NNE,-0.00018020247807726264,0.00018020247807726264,-1.2762953042984009
1,cat__WindGustDir_NNW,-0.0002063866995740682,0.0002063866995740682,-1.2762953042984009
1,cat__WindGustDir_NW,-0.0003324946155771613,0.0003324946155771613,-1.2762953042984009
1,cat__WindGustDir_S,-1.3469392797560431e-05,1.3469392797560431e-05,-1.2762953042984009
1,cat__WindGustDir_SE,-0.0005131285288371146,0.0005131285288371146,-1.2762953042984009
1,cat__WindGustDir_SSE,-2.5157001800835133e-05,2.5157001800835133e-05,-1.2762953042984009
1,cat__WindGustDir_SSW,0.00015518986037932336,0.00015518986037932336,-1.2762953042984009
1,cat__WindGustDir_SW,-0.0011215019039809704,0.0011215019039809704,-1.2762953042984009
1,cat__WindGustDir_W,-0.0007782010361552238,0.0007782010361552238,-1.2762953042984009
1,cat__WindGustDir_WNW,-5.363758828025311e-05,5.363758828025311e-05,-1.2762953042984009
1,cat__WindGustDir_WSW,-1.6761288861744106e-05,1.6761288861744106e-05,-1.2762953042984009
1,cat__WindDir9am_E,0.0011328230611979961,0.0011328230611979961,-1.2762953042984009
1,cat__WindDir9am_ENE,-0.0016584915574640036,0.0016584915574640036,-1.2762953042984009
1,cat__WindDir9am_ESE,0.0028561963699758053,0.0028561963699758053,-1.2762953042984009
1,cat__WindDir9am_N,0.06767965108156204,0.06767965108156204,-1.2762953042984009
1,cat__WindDir9am_NE,-0.0025027943775057793,0.0025027943775057793,-1.2762953042984009
1,cat__WindDir9am_NNE,0.0006818798719905317,0.0006818798719905317,-1.2762953042984009
1,cat__WindDir9am_NNW,7.541777449660003e-06,7.541777449660003e-06,-1.2762953042984009
1,cat__WindDir9am_NW,-0.0010908175026997924,0.0010908175026997924,-1.2762953042984009
1,cat__WindDir9am_S,0.018260803073644638,0.018260803073644638,-1.2762953042984009
1,cat__WindDir9am_SE,5.397962013375945e-06,5.397962013375945e-06,-1.2762953042984009
1,cat__WindDir9am_SSE,0.008763760328292847,0.008763760328292847,-1.2762953042984009
1,cat__WindDir9am_SSW,-0.0001176597288576886,0.0001176597288576886,-1.2762953042984009
1,cat__WindDir9am_SW,-0.014626173302531242,0.014626173302531242,-1.2762953042984009
1,cat__WindDir9am_W,-0.0050760055892169476,0.0050760055892169476,-1.2762953042984009
1,cat__WindDir9am_WNW,-7.688019832130522e-05,7.688019832130522e-05,-1.2762953042984009
1,cat__WindDir9am_WSW,-0.0014718945603817701,0.0014718945603817701,-1.2762953042984009
1,cat__WindDir3pm_E,0.001381167210638523,0.001381167210638523,-1.2762953042984009
1,cat__WindDir3pm_ENE,-0.00017421794473193586,0.00017421794473193586,-1.2762953042984009
1,cat__WindDir3pm_ESE,0.0008558492991141975,0.0008558492991141975,-1.2762953042984009
1,cat__WindDir3pm_N,-0.0016706439200788736,0.0016706439200788736,-1.2762953042984009
1,cat__WindDir3pm_NE,-0.0012325221905484796,0.0012325221905484796,-1.2762953042984009
1,cat__WindDir3pm_NNE,-0.0003634747408796102,0.0003634747408796102,-1.2762953042984009
1,cat__WindDir3pm_NNW,-0.009632082656025887,0.009632082656025887,-1.2762953042984009
1,cat__WindDir3pm_NW,0.00036379400989972055,0.00036379400989972055,-1.2762953042984009
1,cat__WindDir3pm_S,-0.00018140902102459222,0.00018140902102459222,-1.2762953042984009
1,cat__WindDir3pm_SE,-0.00010427508095744997,0.00010427508095744997,-1.2762953042984009
1,cat__WindDir3pm_SSE,0.00704199681058526,0.00704199681058526,-1.2762953042984009
1,cat__WindDir3pm_SSW,-0.0028646965511143208,0.0028646965511143208,-1.2762953042984009
1,cat__WindDir3pm_SW,-0.0033747474662959576,0.0033747474662959576,-1.2762953042984009
1,cat__WindDir3pm_W,0.00038451654836535454,0.00038451654836535454,-1.2762953042984009
1,cat__WindDir3pm_WNW,-0.008840242400765419,0.008840242400765419,-1.2762953042984009
1,cat__WindDir3pm_WSW,0.0021502908784896135,0.0021502908784896135,-1.2762953042984009
1,cat__Season_Autumn,-0.0036835437640547752,0.0036835437640547752,-1.2762953042984009
1,cat__Season_Spring,0.00012075135600753129,0.00012075135600753129,-1.2762953042984009
1,cat__Season_Summer,0.009511612355709076,0.009511612355709076,-1.2762953042984009
1,cat__Season_Winter,-0.016589272767305374,0.016589272767305374,-1.2762953042984009
1,cat__WindIntensityCategory_High,2.5962330255424604e-05,2.5962330255424604e-05,-1.2762953042984009
1,cat__WindIntensityCategory_Low,0.0036995557602494955,0.0036995557602494955,-1.2762953042984009
1,cat__WindIntensityCategory_Moderate,0.004839065484702587,0.004839065484702587,-1.2762953042984009
1,cat__WindIntensityCategory_VeryHigh,0.0,0.0,-1.2762953042984009
1,cat__RainToday_No,0.0,0.0,-1.2762953042984009
1,cat__RainToday_Yes,0.0,0.0,-1.2762953042984009
2,num__MinTemp,-0.01488679088652134,0.01488679088652134,-1.2762953042984009
2,num__MaxTemp,-0.12122727185487747,0.12122727185487747,-1.2762953042984009
2,num__Rainfall,-0.10364443808794022,0.10364443808794022,-1.2762953042984009
2,num__Evaporation,0.0005923015996813774,0.0005923015996813774,-1.2762953042984009
2,num__Sunshine,0.13226985931396484,0.13226985931396484,-1.2762953042984009
2,num__WindGustSpeed,-0.07553765922784805,0.07553765922784805,-1.2762953042984009
2,num__WindSpeed9am,0.03445044159889221,0.03445044159889221,-1.2762953042984009
2,num__WindSpeed3pm,-0.023649411275982857,0.023649411275982857,-1.2762953042984009
2,num__Humidity9am,0.09773547947406769,0.09773547947406769,-1.2762953042984009
2,num__Humidity3pm,-2.178586006164551,2.178586006164551,-1.2762953042984009
2,num__Pressure9am,0.0011519237887114286,0.0011519237887114286,-1.2762953042984009
2,num__Pressure3pm,0.4302244186401367,0.4302244186401367,-1.2762953042984009
2,num__Cloud9am,0.007834111340343952,0.007834111340343952,-1.2762953042984009
2,num__Cloud3pm,0.04490020498633385,0.04490020498633385,-1.2762953042984009
2,num__Temp9am,0.023571550846099854,0.023571550846099854,-1.2762953042984009
2,num__Temp3pm,-0.1057923212647438,0.1057923212647438,-1.2762953042984009
2,num__TemperatureDifference,-0.18395328521728516,0.18395328521728516,-1.2762953042984009
2,num__AverageTemperature,-0.03485871106386185,0.03485871106386185,-1.2762953042984009
2,num__HumidityIndex,-0.02845548279583454,0.02845548279583454,-1.2762953042984009
2,num__PressureDifference,0.5028249621391296,0.5028249621391296,-1.2762953042984009
2,num__Month,0.0006851443904452026,0.0006851443904452026,-1.2762953042984009
2,num__Quarter,0.0,0.0,-1.2762953042984009
2,num__DayOfYear,-0.03597959876060486,0.03597959876060486,-1.2762953042984009
2,num__IsWeekend,-0.0010271667269989848,0.0010271667269989848,-1.2762953042984009
2,num__RainfallIndicator,0.0,0.0,-1.2762953042984009
2,num__RainTodayBinary,0.0,0.0,-1.2762953042984009
2,cat__Location_Adelaide,-0.017775315791368484,0.017775315791368484,-1.2762953042984009
2,cat__Location_Albany,0.002563765039667487,0.002563765039667487,-1.2762953042984009
2,cat__Location_Albury,-0.003407736774533987,0.003407736774533987,-1.2762953042984009
2,cat__Location_AliceSprings,0.000820933491922915,0.000820933491922915,-1.2762953042984009
2,cat__Location_BadgerysCreek,0.0038068455178290606,0.0038068455178290606,-1.2762953042984009
2,cat__Location_Ballarat,0.002351232338696718,0.002351232338696718,-1.2762953042984009
2,cat__Location_Bendigo,-0.0027418567333370447,0.0027418567333370447,-1.2762953042984009
2,cat__Location_Brisbane,-0.003800025675445795,0.003800025675445795,-1.2762953042984009
2,cat__Location_Cairns,-0.0013969457941129804,0.0013969457941129804,-1.2762953042984009
2,cat__Location_Canberra,-0.009849811904132366,0.009849811904132366,-1.2762953042984009
2,cat__Location_Cobar,-0.0012953862315043807,0.0012953862315043807,-1.2762953042984009
2,cat__Location_CoffsHarbour,0.0018994675483554602,0.0018994675483554602,-1.2762953042984009
2,cat__Location_Dartmoor,-0.0031692381016910076,0.0031692381016910076,-1.2762953042984009
2,cat__Location_Darwin,0.009962893091142178,0.009962893091142178,-1.2762953042984009
2,cat__Location_GoldCoast,0.00497151305899024,0.00497151305899024,-1.2762953042984009
2,cat__Location_Hobart,0.008227617479860783,0.008227617479860783,-1.2762953042984009
2,cat__Location_Katherine,0.007472285069525242,0.007472285069525242,-1.2762953042984009
2,cat__Location_Launceston,0.001059655100107193,0.001059655100107193,-1.2762953042984009
2,cat__Location_Melbourne,-0.001673259073868394,0.001673259073868394,-1.2762953042984009
2,cat__Location_MelbourneAirport,0.0016895636217668653,0.0016895636217668653,-1.2762953042984009
2,cat__Location_Mildura,6.257957284105942e-05,6.257957284105942e-05,-1.2762953042984009
2,cat__Location_Moree,8.55759863043204e-05,8.55759863043204e-05,-1.2762953042984009
2,cat__Location_MountGambier,0.03211525082588196,0.03211525082588196,-1.2762953042984009
2,cat__Location_MountGinini,0.0036994798574596643,0.0036994798574596643,-1.2762953042984009
2,cat__Location_Newcastle,-3.4636574127944186e-05,3.4636574127944186e-05,-1.2762953042984009
2,cat__Location_Nhil,0.0005283925565890968,0.0005283925565890968,-1.2762953042984009
2,cat__Location_NorahHead,0.014206204563379288,0.014206204563379288,-1.2762953042984009
2,cat__Location_NorfolkIsland,0.0005718229804188013,0.0005718229804188013,-1.2762953042984009
2,cat__Location_Nuriootpa,-0.00024857057724148035,0.00024857057724148035,-1.2762953042984009
2,cat__Location_PearceRAAF,-0.0026523990090936422,0.0026523990090936422,-1.2762953042984009
2,cat__Location_Penrith,0.0011955153895542026,0.0011955153895542026,-1.2762953042984009
2,cat__Location_Perth,-0.008326590992510319,0.008326590992510319,-1.2762953042984009
2,cat__Location_PerthAirport,-0.006921559572219849,0.006921559572219849,-1.2762953042984009
2,cat__Location_Portland,-0.0004481364449020475,0.0004481364449020475,-1.2762953042984009
2,cat__Location_Richmond,0.0037645602133125067,0.0037645602133125067,-1.2762953042984009
2,cat__Location_Sale,0.003043677657842636,0.003043677657842636,-1.2762953042984009
2,cat__Location_SalmonGums,-0.007865489460527897,0.007865489460527897,-1.2762953042984009
2,cat__Location_Sydney,-0.0018228200497105718,0.0018228200497105718,-1.2762953042984009
2,cat__Location_SydneyAirport,0.00028338172705844045,0.00028338172705844045,-1.2762953042984009
2,cat__Location_Townsville,0.012594906613230705,0.012594906613230705,-1.2762953042984009
2,cat__Location_Tuggeranong,-0.0032709799706935883,0.0032709799706935883,-1.2762953042984009
2,cat__Location_Uluru,0.00019093920127488673,0.00019093920127488673,-1.2762953042984009
2,cat__Location_WaggaWagga,-0.004985291976481676,0.004985291976481676,-1.2762953042984009
2,cat__Location_Walpole,-0.00031024470808915794,0.00031024470808915794,-1.2762953042984009
2,cat__Location_Watsonia,0.00026851281290873885,0.00026851281290873885,-1.2762953042984009
2,cat__Location_Williamtown,-0.0010277846595272422,0.0010277846595272422,-1.2762953042984009
2,cat__Location_Witchcliffe,-0.009085838682949543,0.009085838682949543,-1.2762953042984009
2,cat__Location_Wollongong,0.01717260479927063,0.01717260479927063,-1.2762953042984009
2,cat__Location_Woomera,0.0003928387304767966,0.0003928387304767966,-1.2762953042984009
2,cat__WindGustDir_E,0.00496517401188612,0.00496517401188612,-1.2762953042984009
2,cat__WindGustDir_ENE,-0.00018331062165088952,0.00018331062165088952,-1.2762953042984009
2,cat__WindGustDir_ESE,-7.453266880474985e-05,7.453266880474985e-05,-1.2762953042984009
2,cat__WindGustDir_N,-0.0007899116608314216,0.0007899116608314216,-1.2762953042984009
2,cat__WindGustDir_NE,2.9389855626504868e-05,2.9389855626504868e-05,-1.2762953042984009
2,cat__WindGustDir_NNE,-0.0001227099128300324,0.0001227099128300324,-1.2762953042984009
2,cat__WindGustDir_NNW,0.044370025396347046,0.044370025396347046,-1.2762953042984009
2,cat__WindGustDir_NW,-0.000523787341080606,0.000523787341080606,-1.2762953042984009
2,cat__WindGustDir_S,-0.0002901545085478574,0.0002901545085478574,-1.2762953042984009
2,cat__WindGustDir_SE,-0.00021485864999704063,0.00021485864999704063,-1.2762953042984009
2,cat__WindGustDir_SSE,3.231317168683745e-05,3.231317168683745e-05,-1.2762953042984009
2,cat__WindGustDir_SSW,7.835656288079917e-05,7.835656288079917e-05,-1.2762953042984009
2,cat__WindGustDir_SW,-0.00024630787083879113,0.00024630787083879113,-1.2762953042984009
2,cat__WindGustDir_W,-0.01571965217590332,0.01571965217590332,-1.2762953042984009
2,cat__WindGustDir_WNW,-3.613976150518283e-05,3.613976150518283e-05,-1.2762953042984009
2,cat__WindGustDir_WSW,-6.722097168676555e-06,6.722097168676555e-06,-1.2762953042984009
2,cat__WindDir9am_E,0.0009201200446113944,0.0009201200446113944,-1.2762953042984009
2,cat__WindDir9am_ENE,-0.0017135501839220524,0.0017135501839220524,-1.2762953042984009
2,cat__WindDir9am_ESE,0.0026658466085791588,0.0026658466085791588,-1.2762953042984009
2,cat__WindDir9am_N,-0.016930967569351196,0.016930967569351196,-1.2762953042984009
2,cat__WindDir9am_NE,-7.100100629031658e-05,7.100100629031658e-05,-1.2762953042984009
2,cat__WindDir9am_NNE,-0.006556456908583641,0.006556456908583641,-1.2762953042984009
2,cat__WindDir9am_NNW,-0.00019216457440052181,0.00019216457440052181,-1.2762953042984009
2,cat__WindDir9am_NW,-0.0006911930395290256,0.0006911930395290256,-1.2762953042984009
2,cat__WindDir9am_S,0.008408847264945507,0.008408847264945507,-1.2762953042984009
2,cat__WindDir9am_SE,5.397962013375945e-06,5.397962013375945e-06,-1.2762953042984009
2,cat__WindDir9am_SSE,0.009005744010210037,0.009005744010210037,-1.2762953042984009
2,cat__WindDir9am_SSW,0.001719210296869278,0.001719210296869278,-1.2762953042984009
2,cat__WindDir9am_SW,-0.00013652900815941393,0.00013652900815941393,-1.2762953042984009
2,cat__WindDir9am_W,-0.0014694163110107183,0.0014694163110107183,-1.2762953042984009
2,cat__WindDir9am_WNW,-0.0012883717427030206,0.0012883717427030206,-1.2762953042984009
2,cat__WindDir9am_WSW,3.3906435419339687e-06,3.3906435419339687e-06,-1.2762953042984009
2,cat__WindDir3pm_E,0.00024239736376330256,0.00024239736376330256,-1.2762953042984009
2,cat__WindDir3pm_ENE,-0.00017421794473193586,0.00017421794473193586,-1.2762953042984009
2,cat__WindDir3pm_ESE,0.0008578157867304981,0.0008578157867304981,-1.2762953042984009
2,cat__WindDir3pm_N,-0.014538981020450592,0.014538981020450592,-1.2762953042984009
2,cat__WindDir3pm_NE,0.0005397002678364515,0.0005397002678364515,-1.2762953042984009
2,cat__WindDir3pm_NNE,-0.005443050991743803,0.005443050991743803,-1.2762953042984009
2,cat__WindDir3pm_NNW,-0.011364489793777466,0.011364489793777466,-1.2762953042984009
2,cat__WindDir3pm_NW,0.15446050465106964,0.15446050465106964,-1.2762953042984009
2,cat__WindDir3pm_S,-0.0002815465850289911,0.0002815465850289911,-1.2762953042984009
2,cat__WindDir3pm_SE,-6.256411143112928e-05,6.256411143112928e-05,-1.2762953042984009
2,cat__WindDir3pm_SSE,0.009445292875170708,0.009445292875170708,-1.2762953042984009
2,cat__WindDir3pm_SSW,0.006303013768047094,0.006303013768047094,-1.2762953042984009
2,cat__WindDir3pm_SW,0.0031853762920945883,0.0031853762920945883,-1.2762953042984009
2,cat__WindDir3pm_W,3.935256972908974e-05,3.935256972908974e-05,-1.2762953042984009
2,cat__WindDir3pm_WNW,-0.004587337374687195,0.004587337374687195,-1.2762953042984009
2,cat__WindDir3pm_WSW,0.00013907402171753347,0.00013907402171753347,-1.2762953042984009
2,cat__Season_Autumn,-8.156354306265712e-05,8.156354306265712e-05,-1.2762953042984009
2,cat__Season_Spring,0.017956793308258057,0.017956793308258057,-1.2762953042984009
2,cat__Season_Summer,-0.046955205500125885,0.046955205500125885,-1.2762953042984009
2,cat__Season_Winter,0.004418898839503527,0.004418898839503527,-1.2762953042984009
2,cat__WindIntensityCategory_High,2.5962330255424604e-05,2.5962330255424604e-05,-1.2762953042984009
2,cat__WindIntensityCategory_Low,-0.000932936673052609,0.000932936673052609,-1.2762953042984009
2,cat__WindIntensityCategory_Moderate,-0.0033489603083580732,0.0033489603083580732,-1.2762953042984009
2,cat__WindIntensityCategory_VeryHigh,0.0,0.0,-1.2762953042984009
2,cat__RainToday_No,0.0,0.0,-1.2762953042984009
2,cat__RainToday_Yes,0.0,0.0,-1.2762953042984009
3,num__MinTemp,-0.05342726409435272,0.05342726409435272,-1.2762953042984009
3,num__MaxTemp,-0.07317455112934113,0.07317455112934113,-1.2762953042984009
3,num__Rainfall,-0.13900169730186462,0.13900169730186462,-1.2762953042984009
3,num__Evaporation,0.0038435198366642,0.0038435198366642,-1.2762953042984009
3,num__Sunshine,-0.7792376279830933,0.7792376279830933,-1.2762953042984009
3,num__WindGustSpeed,0.26953819394111633,0.26953819394111633,-1.2762953042984009
3,num__WindSpeed9am,-0.037758681923151016,0.037758681923151016,-1.2762953042984009
3,num__WindSpeed3pm,-0.0412798710167408,0.0412798710167408,-1.2762953042984009
3,num__Humidity9am,-0.08815406262874603,0.08815406262874603,-1.2762953042984009
3,num__Humidity3pm,-1.6082127094268799,1.6082127094268799,-1.2762953042984009
3,num__Pressure9am,0.014073237776756287,0.014073237776756287,-1.2762953042984009
3,num__Pressure3pm,0.18072697520256042,0.18072697520256042,-1.2762953042984009
3,num__Cloud9am,0.016633862629532814,0.016633862629532814,-1.2762953042984009
3,num__Cloud3pm,-0.3989209234714508,0.3989209234714508,-1.2762953042984009
3,num__Temp9am,-0.007651817053556442,0.007651817053556442,-1.2762953042984009
3,num__Temp3pm,0.026743009686470032,0.026743009686470032,-1.2762953042984009
3,num__TemperatureDifference,-0.0459168367087841,0.0459168367087841,-1.2762953042984009
3,num__AverageTemperature,0.012909751385450363,0.012909751385450363,-1.2762953042984009
3,num__HumidityIndex,-0.15102297067642212,0.15102297067642212,-1.2762953042984009
3,num__PressureDifference,0.5358147621154785,0.5358147621154785,-1.2762953042984009
3,num__Month,-0.001086193136870861,0.001086193136870861,-1.2762953042984009
3,num__Quarter,0.0,0.0,-1.2762953042984009
3,num__DayOfYear,-0.006939779967069626,0.006939779967069626,-1.2762953042984009
3,num__IsWeekend,-0.001008586143143475,0.001008586143143475,-1.2762953042984009
3,num__RainfallIndicator,0.0,0.0,-1.2762953042984009
3,num__RainTodayBinary,0.0,0.0,-1.2762953042984009
3,cat__Location_Adelaide,-0.015041426755487919,0.015041426755487919,-1.2762953042984009
3,cat__Location_Albany,0.00027336939820088446,0.00027336939820088446,-1.2762953042984009
3,cat__Location_Albury,-0.004548129625618458,0.004548129625618458,-1.2762953042984009
3,cat__Location_AliceSprings,0.0008144787279888988,0.0008144787279888988,-1.2762953042984009
3,cat__Location_BadgerysCreek,-0.00014148076297715306,0.00014148076297715306,-1.2762953042984009
3,cat__Location_Ballarat,0.0013715322129428387,0.0013715322129428387,-1.2762953042984009
3,cat__Location_Bendigo,-0.0022192117758095264,0.0022192117758095264,-1.2762953042984009
3,cat__Location_Brisbane,-0.004811019636690617,0.004811019636690617,-1.2762953042984009
3,cat__Location_Cairns,-0.0021144694183021784,0.0021144694183021784,-1.2762953042984009
3,cat__Location_Canberra,-5.1077891839668155e-05,5.1077891839668155e-05,-1.2762953042984009
3,cat__Location_Cobar,0.00011760022607631981,0.00011760022607631981,-1.2762953042984009
3,cat__Location_CoffsHarbour,0.0036913917865604162,0.0036913917865604162,-1.2762953042984009
3,cat__Location_Dartmoor,-0.0032250364311039448,0.0032250364311039448,-1.2762953042984009
3,cat__Location_Darwin,0.007758596912026405,0.007758596912026405,-1.2762953042984009
3,cat__Location_GoldCoast,0.00526283448562026,0.00526283448562026,-1.2762953042984009
3,cat__Location_Hobart,0.0058559817261993885,0.0058559817261993885,-1.2762953042984009
3,cat__Location_Katherine,0.009382231160998344,0.009382231160998344,-1.2762953042984009
3,cat__Location_Launceston,0.0019517724867910147,0.0019517724867910147,-1.2762953042984009
3,cat__Location_Melbourne,0.06925930082798004,0.06925930082798004,-1.2762953042984009
3,cat__Location_MelbourneAirport,0.0012804489815607667,0.0012804489815607667,-1.2762953042984009
3,cat__Location_Mildura,6.89188382239081e-05,6.89188382239081e-05,-1.2762953042984009
3,cat__Location_Moree,8.55759863043204e-05,8.55759863043204e-05,-1.2762953042984009
3,cat__Location_MountGambier,-0.0009508763905614614,0.0009508763905614614,-1.2762953042984009
3,cat__Location_MountGinini,0.0036559030413627625,0.0036559030413627625,-1.2762953042984009
3,cat__Location_Newcastle,-3.463657048996538e-05,3.463657048996538e-05,-1.2762953042984009
3,cat__Location_Nhil,0.000649885565508157,0.000649885565508157,-1.2762953042984009
3,cat__Location_NorahHead,0.015860779210925102,0.015860779210925102,-1.2762953042984009
3,cat__Location_NorfolkIsland,0.0008480596588924527,0.0008480596588924527,-1.2762953042984009
3,cat__Location_Nuriootpa,-6.327578739728779e-05,6.327578739728779e-05,-1.2762953042984009
3,cat__Location_PearceRAAF,-0.003580718068405986,0.003580718068405986,-1.2762953042984009
3,cat__Location_Penrith,0.0017040338134393096,0.0017040338134393096,-1.2762953042984009
3,cat__Location_Perth,-0.011928846128284931,0.011928846128284931,-1.2762953042984009
3,cat__Location_PerthAirport,-0.007628479041159153,0.007628479041159153,-1.2762953042984009
3,cat__Location_Portland,-0.0004111907910555601,0.0004111907910555601,-1.2762953042984009
3,cat__Location_Richmond,0.004357158672064543,0.004357158672064543,-1.2762953042984009
3,cat__Location_Sale,0.0009744570124894381,0.0009744570124894381,-1.2762953042984009
3,cat__Location_SalmonGums,-0.007219245657324791,0.007219245657324791,-1.2762953042984009
3,cat__Location_Sydney,-0.002897960599511862,0.002897960599511862,-1.2762953042984009
3,cat__Location_SydneyAirport,0.000830101955216378,0.000830101955216378,-1.2762953042984009
3,cat__Location_Townsville,0.015458192676305771,0.015458192676305771,-1.2762953042984009
3,cat__Location_Tuggeranong,-0.002132921712473035,0.002132921712473035,-1.2762953042984009
3,cat__Location_Uluru,0.00017736776499077678,0.00017736776499077678,-1.2762953042984009
3,cat__Location_WaggaWagga,-0.0019848537631332874,0.0019848537631332874,-1.2762953042984009
3,cat__Location_Walpole,-0.0025298651307821274,0.0025298651307821274,-1.2762953042984009
3,cat__Location_Watsonia,0.0002498601679690182,0.0002498601679690182,-1.2762953042984009
3,cat__Location_Williamtown,1.5597017409163527e-05,1.5597017409163527e-05,-1.2762953042984009
3,cat__Location_Witchcliffe,-0.010377061553299427,0.010377061553299427,-1.2762953042984009
3,cat__Location_Wollongong,0.01653439737856388,0.01653439737856388,-1.2762953042984009
3,cat__Location_Woomera,0.00038079603109508753,0.00038079603109508753,-1.2762953042984009
3,cat__WindGustDir_E,0.0011696394067257643,0.0011696394067257643,-1.2762953042984009
3,cat__WindGustDir_ENE,-0.000227310141781345,0.000227310141781345,-1.2762953042984009
3,cat__WindGustDir_ESE,-0.00010445970110595226,0.00010445970110595226,-1.2762953042984009
3,cat__WindGustDir_N,0.0044163609854876995,0.0044163609854876995,-1.2762953042984009
3,cat__WindGustDir_NE,0.0007760105072520673,0.0007760105072520673,-1.2762953042984009
3,cat__WindGustDir_NNE,0.00015436969988513738,0.00015436969988513738,-1.2762953042984009
3,cat__WindGustDir_NNW,-0.004260099492967129,0.004260099492967129,-1.2762953042984009
3,cat__WindGustDir_NW,-0.00034344205050729215,0.00034344205050729215,-1.2762953042984009
3,cat__WindGustDir_S,-0.0017021605744957924,0.0017021605744957924,-1.2762953042984009
3,cat__WindGustDir_SE,-0.0004403739294502884,0.0004403739294502884,-1.2762953042984009
3,cat__WindGustDir_SSE,4.432155765243806e-05,4.432155765243806e-05,-1.2762953042984009
3,cat__WindGustDir_SSW,0.00016006393707357347,0.00016006393707357347,-1.2762953042984009
3,cat__WindGustDir_SW,-0.00023223014432005584,0.00023223014432005584,-1.2762953042984009
3,cat__WindGustDir_W,-0.00141840148717165,0.00141840148717165,-1.2762953042984009
3,cat__WindGustDir_WNW,0.0058580609038472176,0.0058580609038472176,-1.2762953042984009
3,cat__WindGustDir_WSW,1.3469601981341839e-05,1.3469601981341839e-05,-1.2762953042984009
3,cat__WindDir9am_E,0.0010225053410977125,0.0010225053410977125,-1.2762953042984009
3,cat__WindDir9am_ENE,-0.0010784037876874208,0.0010784037876874208,-1.2762953042984009
3,cat__WindDir9am_ESE,0.0028150477446615696,0.0028150477446615696,-1.2762953042984009
3,cat__WindDir9am_N,0.15656203031539917,0.15656203031539917,-1.2762953042984009
3,cat__WindDir9am_NE,0.00048766215331852436,0.00048766215331852436,-1.2762953042984009
3,cat__WindDir9am_NNE,-0.007991872727870941,0.007991872727870941,-1.2762953042984009
3,cat__WindDir9am_NNW,-7.179557724157348e-05,7.179557724157348e-05,-1.2762953042984009
3,cat__WindDir9am_NW,-0.001181055442430079,0.001181055442430079,-1.2762953042984009
3,cat__WindDir9am_S,0.01582680083811283,0.01582680083811283,-1.2762953042984009
3,cat__WindDir9am_SE,1.722438719298225e-05,1.722438719298225e-05,-1.2762953042984009
3,cat__WindDir9am_SSE,0.0024501285515725613,0.0024501285515725613,-1.2762953042984009
3,cat__WindDir9am_SSW,0.0017198394052684307,0.0017198394052684307,-1.2762953042984009
3,cat__WindDir9am_SW,-0.00018236757023259997,0.00018236757023259997,-1.2762953042984009
3,cat__WindDir9am_W,-2.7669311748468317e-05,2.7669311748468317e-05,-1.2762953042984009
3,cat__WindDir9am_WNW,-2.942660648841411e-05,2.942660648841411e-05,-1.2762953042984009
3,cat__WindDir9am_WSW,-2.467050580889918e-05,2.467050580889918e-05,-1.2762953042984009
3,cat__WindDir3pm_E,0.0013810127275064588,0.0013810127275064588,-1.2762953042984009
3,cat__WindDir3pm_ENE,-0.00011863525287481025,0.00011863525287481025,-1.2762953042984009
3,cat__WindDir3pm_ESE,0.0008772098226472735,0.0008772098226472735,-1.2762953042984009
3,cat__WindDir3pm_N,-0.019152717664837837,0.019152717664837837,-1.2762953042984009
3,cat__WindDir3pm_NE,0.00046122257481329143,0.00046122257481329143,-1.2762953042984009
3,cat__WindDir3pm_NNE,-0.003094324143603444,0.003094324143603444,-1.2762953042984009
3,cat__WindDir3pm_NNW,-0.013187587261199951,0.013187587261199951,-1.2762953042984009
3,cat__WindDir3pm_NW,-0.016224730759859085,0.016224730759859085,-1.2762953042984009
3,cat__WindDir3pm_S,-0.0003284168487880379,0.0003284168487880379,-1.2762953042984009
3,cat__WindDir3pm_SE,-6.686549022560939e-05,6.686549022560939e-05,-1.2762953042984009
3,cat__WindDir3pm_SSE,0.007174194790422916,0.007174194790422916,-1.2762953042984009
3,cat__WindDir3pm_SSW,0.002020331099629402,0.002020331099629402,-1.2762953042984009
3,cat__WindDir3pm_SW,0.003168384777382016,0.003168384777382016,-1.2762953042984009
3,cat__WindDir3pm_W,2.2010644897818565e-05,2.2010644897818565e-05,-1.2762953042984009
3,cat__WindDir3pm_WNW,0.1290111243724823,0.1290111243724823,-1.2762953042984009
3,cat__WindDir3pm_WSW,0.0016363132745027542,0.0016363132745027542,-1.2762953042984009
3,cat__Season_Autumn,0.02405637688934803,0.02405637688934803,-1.2762953042984009
3,cat__Season_Spring,0.02524067461490631,0.02524067461490631,-1.2762953042984009
3,cat__Season_Summer,0.013278402388095856,0.013278402388095856,-1.2762953042984009
3,cat__Season_Winter,0.01099597942084074,0.01099597942084074,-1.2762953042984009
3,cat__WindIntensityCategory_High,2.583935929578729e-05,2.583935929578729e-05,-1.2762953042984009
3,cat__WindIntensityCategory_Low,-0.000401495723053813,0.000401495723053813,-1.2762953042984009
3,cat__WindIntensityCategory_Moderate,0.0027714602183550596,0.0027714602183550596,-1.2762953042984009
3,cat__WindIntensityCategory_VeryHigh,0.0,0.0,-1.2762953042984009
3,cat__RainToday_No,0.0,0.0,-1.2762953042984009
3,cat__RainToday_Yes,0.0,0.0,-1.2762953042984009
4,num__MinTemp,0.11572208255529404,0.11572208255529404,-1.2762953042984009
4,num__MaxTemp,0.00676153926178813,0.00676153926178813,-1.2762953042984009
4,num__Rainfall,-0.1096278578042984,0.1096278578042984,-1.2762953042984009
4,num__Evaporation,0.00029915437335148454,0.00029915437335148454,-1.2762953042984009
4,num__Sunshine,-0.5899637341499329,0.5899637341499329,-1.2762953042984009
4,num__WindGustSpeed,-0.2342808097600937,0.2342808097600937,-1.2762953042984009
4,num__WindSpeed9am,-0.020818345248699188,0.020818345248699188,-1.2762953042984009
4,num__WindSpeed3pm,-0.03791676089167595,0.03791676089167595,-1.2762953042984009
4,num__Humidity9am,-0.08115843683481216,0.08115843683481216,-1.2762953042984009
4,num__Humidity3pm,-2.034914493560791,2.034914493560791,-1.2762953042984009
4,num__Pressure9am,-0.05891875922679901,0.05891875922679901,-1.2762953042984009
4,num__Pressure3pm,0.12747640907764435,0.12747640907764435,-1.2762953042984009
4,num__Cloud9am,-0.11184784770011902,0.11184784770011902,-1.2762953042984009
4,num__Cloud3pm,-0.26109790802001953,0.26109790802001953,-1.2762953042984009
4,num__Temp9am,-0.027046527713537216,0.027046527713537216,-1.2762953042984009
4,num__Temp3pm,-0.02082196995615959,0.02082196995615959,-1.2762953042984009
4,num__TemperatureDifference,-0.22841830551624298,0.22841830551624298,-1.2762953042984009
4,num__AverageTemperature,0.08649652451276779,0.08649652451276779,-1.2762953042984009
4,num__HumidityIndex,-0.1489972323179245,0.1489972323179245,-1.2762953042984009
4,num__PressureDifference,1.0067706108093262,1.0067706108093262,-1.2762953042984009
4,num__Month,-0.004298737272620201,0.004298737272620201,-1.2762953042984009
4,num__Quarter,0.0,0.0,-1.2762953042984009
4,num__DayOfYear,-0.035981155931949615,0.035981155931949615,-1.2762953042984009
4,num__IsWeekend,-0.0010021027410402894,0.0010021027410402894,-1.2762953042984009
4,num__RainfallIndicator,0.0,0.0,-1.2762953042984009
4,num__RainTodayBinary,0.0,0.0,-1.2762953042984009
4,cat__Location_Adelaide,-0.01749909482896328,0.01749909482896328,-1.2762953042984009
4,cat__Location_Albany,0.0005382233648560941,0.0005382233648560941,-1.2762953042984009
4,cat__Location_Albury,-0.005984278861433268,0.005984278861433268,-1.2762953042984009
4,cat__Location_AliceSprings,-0.02662629261612892,0.02662629261612892,-1.2762953042984009
4,cat__Location_BadgerysCreek,0.0039285640232264996,0.0039285640232264996,-1.2762953042984009
4,cat__Location_Ballarat,0.0014622216112911701,0.0014622216112911701,-1.2762953042984009
4,cat__Location_Bendigo,-0.0027661207132041454,0.0027661207132041454,-1.2762953042984009
4,cat__Location_Brisbane,-0.004640802275389433,0.004640802275389433,-1.2762953042984009
4,cat__Location_Cairns,-0.0015250790165737271,0.0015250790165737271,-1.2762953042984009
4,cat__Location_Canberra,-0.014609437435865402,0.014609437435865402,-1.2762953042984009
4,cat__Location_Cobar,-5.563676677411422e-05,5.563676677411422e-05,-1.2762953042984009
4,cat__Location_CoffsHarbour,0.003098689019680023,0.003098689019680023,-1.2762953042984009
4,cat__Location_Dartmoor,-0.0031586233526468277,0.0031586233526468277,-1.2762953042984009
4,cat__Location_Darwin,0.010307454504072666,0.010307454504072666,-1.2762953042984009
4,cat__Location_GoldCoast,0.005287881009280682,0.005287881009280682,-1.2762953042984009
4,cat__Location_Hobart,0.0032642728183418512,0.0032642728183418512,-1.2762953042984009
4,cat__Location_Katherine,0.024455470964312553,0.024455470964312553,-1.2762953042984009
4,cat__Location_Launceston,0.0012852190993726254,0.0012852190993726254,-1.2762953042984009
4,cat__Location_Melbourne,-0.002546377247199416,0.002546377247199416,-1.2762953042984009
4,cat__Location_MelbourneAirport,0.000611661933362484,0.000611661933362484,-1.2762953042984009
4,cat__Location_Mildura,8.205452468246222e-05,8.205452468246222e-05,-1.2762953042984009
4,cat__Location_Moree,8.55759863043204e-05,8.55759863043204e-05,-1.2762953042984009
4,cat__Location_MountGambier,-0.0008728925604373217,0.0008728925604373217,-1.2762953042984009
4,cat__Location_MountGinini,0.0013294987147673965,0.0013294987147673965,-1.2762953042984009
4,cat__Location_Newcastle,-2.834464430634398e-05,2.834464430634398e-05,-1.2762953042984009
4,cat__Location_Nhil,0.00047045096289366484,0.00047045096289366484,-1.2762953042984009
4,cat__Location_NorahHead,0.013875437900424004,0.013875437900424004,-1.2762953042984009
4,cat__Location_NorfolkIsland,-8.449173765257001e-05,8.449173765257001e-05,-1.2762953042984009
4,cat__Location_Nuriootpa,-0.00024857057724148035,0.00024857057724148035,-1.2762953042984009
4,cat__Location_PearceRAAF,-0.0023371099960058928,0.0023371099960058928,-1.2762953042984009
4,cat__Location_Penrith,6.990447582211345e-05,6.990447582211345e-05,-1.2762953042984009
4,cat__Location_Perth,-0.015498732216656208,0.015498732216656208,-1.2762953042984009
4,cat__Location_PerthAirport,-0.006044444162398577,0.006044444162398577,-1.2762953042984009
4,cat__Location_Portland,-0.0003488653455860913,0.0003488653455860913,-1.2762953042984009
4,cat__Location_Richmond,0.005113327410072088,0.005113327410072088,-1.2762953042984009
4,cat__Location_Sale,0.004393038339912891,0.004393038339912891,-1.2762953042984009
4,cat__Location_SalmonGums,-0.0038199175614863634,0.0038199175614863634,-1.2762953042984009
4,cat__Location_Sydney,-0.0015478531131520867,0.0015478531131520867,-1.2762953042984009
4,cat__Location_SydneyAirport,0.00021043140441179276,0.00021043140441179276,-1.2762953042984009
4,cat__Location_Townsville,0.0143488934263587,0.0143488934263587,-1.2762953042984009
4,cat__Location_Tuggeranong,-0.005395218729972839,0.005395218729972839,-1.2762953042984009
4,cat__Location_Uluru,0.00019093920127488673,0.00019093920127488673,-1.2762953042984009
4,cat__Location_WaggaWagga,-0.004298729822039604,0.004298729822039604,-1.2762953042984009
4,cat__Location_Walpole,-0.00112814805470407,0.00112814805470407,-1.2762953042984009
4,cat__Location_Watsonia,0.0003316940856166184,0.0003316940856166184,-1.2762953042984009
4,cat__Location_Williamtown,-0.004513226915150881,0.004513226915150881,-1.2762953042984009
4,cat__Location_Witchcliffe,-0.006942285690456629,0.006942285690456629,-1.2762953042984009
4,cat__Location_Wollongong,0.015116428025066853,0.015116428025066853,-1.2762953042984009
4,cat__Location_Woomera,0.0005292739951983094,0.0005292739951983094,-1.2762953042984009
4,cat__WindGustDir_E,0.00229180371388793,0.00229180371388793,-1.2762953042984009
4,cat__WindGustDir_ENE,-0.000284943962469697,0.000284943962469697,-1.2762953042984009
4,cat__WindGustDir_ESE,-6.835263047832996e-05,6.835263047832996e-05,-1.2762953042984009
4,cat__WindGustDir_N,0.07069465517997742,0.07069465517997742,-1.2762953042984009
4,cat__WindGustDir_NE,-0.0003824384184554219,0.0003824384184554219,-1.2762953042984009
4,cat__WindGustDir_NNE,-0.0010768551146611571,0.0010768551146611571,-1.2762953042984009
4,cat__WindGustDir_NNW,-0.010303525254130363,0.010303525254130363,-1.2762953042984009
4,cat__WindGustDir_NW,-0.0005545626627281308,0.0005545626627281308,-1.2762953042984009
4,cat__WindGustDir_S,-0.002522919327020645,0.002522919327020645,-1.2762953042984009
4,cat__WindGustDir_SE,0.00010402256157249212,0.00010402256157249212,-1.2762953042984009
4,cat__WindGustDir_SSE,-1.6181369574042037e-05,1.6181369574042037e-05,-1.2762953042984009
4,cat__WindGustDir_SSW,0.0002012111945077777,0.0002012111945077777,-1.2762953042984009
4,cat__WindGustDir_SW,-0.00024203778593800962,0.00024203778593800962,-1.2762953042984009
4,cat__WindGustDir_W,-0.022206755355000496,0.022206755355000496,-1.2762953042984009
4,cat__WindGustDir_WNW,-0.001309164217673242,0.001309164217673242,-1.2762953042984009
4,cat__WindGustDir_WSW,8.879505912773311e-06,8.879505912773311e-06,-1.2762953042984009
4,cat__WindDir9am_E,0.059098321944475174,0.059098321944475174,-1.2762953042984009
4,cat__WindDir9am_ENE,-0.001497351680882275,0.001497351680882275,-1.2762953042984009
4,cat__WindDir9am_ESE,0.006582701578736305,0.006582701578736305,-1.2762953042984009
4,cat__WindDir9am_N,-0.012139572761952877,0.012139572761952877,-1.2762953042984009
4,cat__WindDir9am_NE,0.001031405758112669,0.001031405758112669,-1.2762953042984009
4,cat__WindDir9am_NNE,-0.01935814693570137,0.01935814693570137,-1.2762953042984009
4,cat__WindDir9am_NNW,0.0029487484134733677,0.0029487484134733677,-1.2762953042984009
4,cat__WindDir9am_NW,-0.0005908761522732675,0.0005908761522732675,-1.2762953042984009
4,cat__WindDir9am_S,0.008566788397729397,0.008566788397729397,-1.2762953042984009
4,cat__WindDir9am_SE,5.397962013375945e-06,5.397962013375945e-06,-1.2762953042984009
4,cat__WindDir9am_SSE,0.008555569685995579,0.008555569685995579,-1.2762953042984009
4,cat__WindDir9am_SSW,-0.0012090301606804132,0.0012090301606804132,-1.2762953042984009
4,cat__WindDir9am_SW,-5.386573320720345e-05,5.386573320720345e-05,-1.2762953042984009
4,cat__WindDir9am_W,-0.0014370136195793748,0.0014370136195793748,-1.2762953042984009
4,cat__WindDir9am_WNW,-0.0012879787245765328,0.0012879787245765328,-1.2762953042984009
4,cat__WindDir9am_WSW,-1.829627581173554e-05,1.829627581173554e-05,-1.2762953042984009
4,cat__WindDir3pm_E,0.00025700751575641334,0.00025700751575641334,-1.2762953042984009
4,cat__WindDir3pm_ENE,-0.00017421794473193586,0.00017421794473193586,-1.2762953042984009
4,cat__WindDir3pm_ESE,0.00025566344265826046,0.00025566344265826046,-1.2762953042984009
4,cat__WindDir3pm_N,0.06002281978726387,0.06002281978726387,-1.2762953042984009
4,cat__WindDir3pm_NE,0.00018291690503247082,0.00018291690503247082,-1.2762953042984009
4,cat__WindDir3pm_NNE,-0.002094161929562688,0.002094161929562688,-1.2762953042984009
4,cat__WindDir3pm_NNW,-0.011298698373138905,0.011298698373138905,-1.2762953042984009
4,cat__WindDir3pm_NW,-0.01983989216387272,0.01983989216387272,-1.2762953042984009
4,cat__WindDir3pm_S,-0.00046214941539801657,0.00046214941539801657,-1.2762953042984009
4,cat__WindDir3pm_SE,-0.00014496756193693727,0.00014496756193693727,-1.2762953042984009
4,cat__WindDir3pm_SSE,0.006576440762728453,0.006576440762728453,-1.2762953042984009
4,cat__WindDir3pm_SSW,0.004064508713781834,0.004064508713781834,-1.2762953042984009
4,cat__WindDir3pm_SW,0.0031973987352102995,0.0031973987352102995,-1.2762953042984009
4,cat__WindDir3pm_W,-0.0007755734259262681,0.0007755734259262681,-1.2762953042984009
4,cat__WindDir3pm_WNW,-0.014747818000614643,0.014747818000614643,-1.2762953042984009
4,cat__WindDir3pm_WSW,0.00012242261436767876,0.00012242261436767876,-1.2762953042984009
4,cat__Season_Autumn,-0.0002870652824640274,0.0002870652824640274,-1.2762953042984009
4,cat__Season_Spring,-0.04577943682670593,0.04577943682670593,-1.2762953042984009
4,cat__Season_Summer,-0.0025248697493225336,0.0025248697493225336,-1.2762953042984009
4,cat__Season_Winter,0.012885550037026405,0.012885550037026405,-1.2762953042984009
4,cat__WindIntensityCategory_High,2.2371394152287394e-05,2.2371394152287394e-05,-1.2762953042984009
4,cat__WindIntensityCategory_Low,-0.0004700791905634105,0.0004700791905634105,-1.2762953042984009
4,cat__WindIntensityCategory_Moderate,-0.002380012534558773,0.002380012534558773,-1.2762953042984009
4,cat__WindIntensityCategory_VeryHigh,0.0,0.0,-1.2762953042984009
4,cat__RainToday_No,0.0,0.0,-1.2762953042984009
4,cat__RainToday_Yes,0.0,0.0,-1.2762953042984009
5,num__MinTemp,-0.1515696942806244,0.1515696942806244,-1.2762953042984009
5,num__MaxTemp,0.030176687985658646,0.030176687985658646,-1.2762953042984009
5,num__Rainfall,-0.16520170867443085,0.16520170867443085,-1.2762953042984009
5,num__Evaporation,-0.07671889662742615,0.07671889662742615,-1.2762953042984009
5,num__Sunshine,0.3697012662887573,0.3697012662887573,-1.2762953042984009
5,num__WindGustSpeed,-1.1250792741775513,1.1250792741775513,-1.2762953042984009
5,num__WindSpeed9am,0.02897685207426548,0.02897685207426548,-1.2762953042984009
5,num__WindSpeed3pm,0.014853699132800102,0.014853699132800102,-1.2762953042984009
5,num__Humidity9am,0.060009367763996124,0.060009367763996124,-1.2762953042984009
5,num__Humidity3pm,-0.299755722284317,0.299755722284317,-1.2762953042984009
5,num__Pressure9am,-0.48128199577331543,0.48128199577331543,-1.2762953042984009
5,num__Pressure3pm,-1.098702311515808,1.098702311515808,-1.2762953042984009
5,num__Cloud9am,-0.0241007711738348,0.0241007711738348,-1.2762953042984009
5,num__Cloud3pm,0.05955476313829422,0.05955476313829422,-1.2762953042984009
5,num__Temp9am,-0.14699506759643555,0.14699506759643555,-1.2762953042984009
5,num__Temp3pm,-0.013831482268869877,0.013831482268869877,-1.2762953042984009
5,num__TemperatureDifference,0.009395720437169075,0.009395720437169075,-1.2762953042984009
5,num__AverageTemperature,0.00840950757265091,0.00840950757265091,-1.2762953042984009
5,num__HumidityIndex,0.04735487326979637,0.04735487326979637,-1.2762953042984009
5,num__PressureDifference,-0.05462024360895157,0.05462024360895157,-1.2762953042984009
5,num__Month,0.0007516364566981792,0.0007516364566981792,-1.2762953042984009
5,num__Quarter,0.0,0.0,-1.2762953042984009
5,num__DayOfYear,0.08893220126628876,0.08893220126628876,-1.2762953042984009
5,num__IsWeekend,0.002499766182154417,0.002499766182154417,-1.2762953042984009
5,num__RainfallIndicator,0.0,0.0,-1.2762953042984009
5,num__RainTodayBinary,0.0,0.0,-1.2762953042984009
5,cat__Location_Adelaide,-0.006477015092968941,0.006477015092968941,-1.2762953042984009
5,cat__Location_Albany,-0.00011922537669306621,0.00011922537669306621,-1.2762953042984009
5,cat__Location_Albury,-0.003228898625820875,0.003228898625820875,-1.2762953042984009
5,cat__Location_AliceSprings,0.0024133201222866774,0.0024133201222866774,-1.2762953042984009
5,cat__Location_BadgerysCreek,-0.009998721070587635,0.009998721070587635,-1.2762953042984009
5,cat__Location_Ballarat,0.00615864060819149,0.00615864060819149,-1.2762953042984009
5,cat__Location_Bendigo,-0.0006548311794176698,0.0006548311794176698,-1.2762953042984009
5,cat__Location_Brisbane,-0.013782203197479248,0.013782203197479248,-1.2762953042984009
5,cat__Location_Cairns,-0.004580705426633358,0.004580705426633358,-1.2762953042984009
5,cat__Location_Canberra,0.0002227025106549263,0.0002227025106549263,-1.2762953042984009
5,cat__Location_Cobar,-0.0007896219030953944,0.0007896219030953944,-1.2762953042984009
5,cat__Location_CoffsHarbour,-0.015272174961864948,0.015272174961864948,-1.2762953042984009
5,cat__Location_Dartmoor,-0.0010204091668128967,0.0010204091668128967,-1.2762953042984009
5,cat__Location_Darwin,0.006740653421729803,0.006740653421729803,-1.2762953042984009
5,cat__Location_GoldCoast,0.0017436021007597446,0.0017436021007597446,-1.2762953042984009
5,cat__Location_Hobart,0.009603817015886307,0.009603817015886307,-1.2762953042984009
5,cat__Location_Katherine,0.005009394604712725,0.005009394604712725,-1.2762953042984009
5,cat__Location_Launceston,0.0008140625432133675,0.0008140625432133675,-1.2762953042984009
5,cat__Location_Melbourne,-0.0007693608058616519,0.0007693608058616519,-1.2762953042984009
5,cat__Location_MelbourneAirport,0.002778086345642805,0.002778086345642805,-1.2762953042984009
5,cat__Location_Mildura,-0.0075266119092702866,0.0075266119092702866,-1.2762953042984009
5,cat__Location_Moree,3.1656891223974526e-05,3.1656891223974526e-05,-1.2762953042984009
5,cat__Location_MountGambier,-0.0002749740378931165,0.0002749740378931165,-1.2762953042984009
5,cat__Location_MountGinini,0.009235793724656105,0.009235793724656105,-1.2762953042984009
5,cat__Location_Newcastle,-2.848901567631401e-05,2.848901567631401e-05,-1.2762953042984009
5,cat__Location_Nhil,0.001673104357905686,0.001673104357905686,-1.2762953042984009
5,cat__Location_NorahHead,-0.002475475426763296,0.002475475426763296,-1.2762953042984009
5,cat__Location_NorfolkIsland,0.0014166564214974642,0.0014166564214974642,-1.2762953042984009
5,cat__Location_Nuriootpa,6.453047535615042e-05,6.453047535615042e-05,-1.2762953042984009
5,cat__Location_PearceRAAF,-0.004155903588980436,0.004155903588980436,-1.2762953042984009
5,cat__Location_Penrith,-0.010526596568524837,0.010526596568524837,-1.2762953042984009
5,cat__Location_Perth,-0.007880442775785923,0.007880442775785923,-1.2762953042984009
5,cat__Location_PerthAirport,-0.0028056264854967594,0.0028056264854967594,-1.2762953042984009
5,cat__Location_Portland,-0.0034502404741942883,0.0034502404741942883,-1.2762953042984009
5,cat__Location_Richmond,-0.0013933194568380713,0.0013933194568380713,-1.2762953042984009
5,cat__Location_Sale,0.004785521887242794,0.004785521887242794,-1.2762953042984009
5,cat__Location_SalmonGums,-0.0018045649630948901,0.0018045649630948901,-1.2762953042984009
5,cat__Location_Sydney,-0.01805308647453785,0.01805308647453785,-1.2762953042984009
5,cat__Location_SydneyAirport,4.939644713886082e-05,4.939644713886082e-05,-1.2762953042984009
5,cat__Location_Townsville,0.009348698891699314,0.009348698891699314,-1.2762953042984009
5,cat__Location_Tuggeranong,-0.004483991302549839,0.004483991302549839,-1.2762953042984009
5,cat__Location_Uluru,0.00017736776499077678,0.00017736776499077678,-1.2762953042984009
5,cat__Location_WaggaWagga,-0.0017537454841658473,0.0017537454841658473,-1.2762953042984009
5,cat__Location_Walpole,-0.0008083704160526395,0.0008083704160526395,-1.2762953042984009
5,cat__Location_Watsonia,0.0013082963414490223,0.0013082963414490223,-1.2762953042984009
5,cat__Location_Williamtown,-0.021052710711956024,0.021052710711956024,-1.2762953042984009
5,cat__Location_Witchcliffe,-0.009615929797291756,0.009615929797291756,-1.2762953042984009
5,cat__Location_Wollongong,0.006792508065700531,0.006792508065700531,-1.2762953042984009
5,cat__Location_Woomera,0.002569102216511965,0.002569102216511965,-1.2762953042984009
5,cat__WindGustDir_E,0.0003076896246057004,0.0003076896246057004,-1.2762953042984009
5,cat__WindGustDir_ENE,-0.00010476648458279669,0.00010476648458279669,-1.2762953042984009
5,cat__WindGustDir_ESE,-0.0004379074089229107,0.0004379074089229107,-1.2762953042984009
5,cat__WindGustDir_N,0.004579693544656038,0.004579693544656038,-1.2762953042984009
5,cat__WindGustDir_NE,-0.0004999040393158793,0.0004999040393158793,-1.2762953042984009
5,cat__WindGustDir_NNE,-0.00012821267591789365,0.00012821267591789365,-1.2762953042984009
5,cat__WindGustDir_NNW,-0.00020424780086614192,0.00020424780086614192,-1.2762953042984009
5,cat__WindGustDir_NW,-0.0003565803053788841,0.0003565803053788841,-1.2762953042984009
5,cat__WindGustDir_S,-3.135648148600012e-05,3.135648148600012e-05,-1.2762953042984009
5,cat__WindGustDir_SE,0.0017232280224561691,0.0017232280224561691,-1.2762953042984009
5,cat__WindGustDir_SSE,-6.92970643285662e-05,6.92970643285662e-05,-1.2762953042984009
5,cat__WindGustDir_SSW,0.0005534111987799406,0.0005534111987799406,-1.2762953042984009
5,cat__WindGustDir_SW,-7.708941848250106e-05,7.708941848250106e-05,-1.2762953042984009
5,cat__WindGustDir_W,-0.0007633297936990857,0.0007633297936990857,-1.2762953042984009
5,cat__WindGustDir_WNW,-2.9380860723904334e-05,2.9380860723904334e-05,-1.2762953042984009
5,cat__WindGustDir_WSW,-7.899974298197776e-05,7.899974298197776e-05,-1.2762953042984009
5,cat__WindDir9am_E,0.0011213714024052024,0.0011213714024052024,-1.2762953042984009
5,cat__WindDir9am_ENE,-0.0018924603937193751,0.0018924603937193751,-1.2762953042984009
5,cat__WindDir9am_ESE,0.002366265282034874,0.002366265282034874,-1.2762953042984009
5,cat__WindDir9am_N,-0.007208363153040409,0.007208363153040409,-1.2762953042984009
5,cat__WindDir9am_NE,-0.0021403119899332523,0.0021403119899332523,-1.2762953042984009
5,cat__WindDir9am_NNE,0.00023531875922344625,0.00023531875922344625,-1.2762953042984009
5,cat__WindDir9am_NNW,-0.00040709966560825706,0.00040709966560825706,-1.2762953042984009
5,cat__WindDir9am_NW,-0.002684216946363449,0.002684216946363449,-1.2762953042984009
5,cat__WindDir9am_S,-0.18155549466609955,0.18155549466609955,-1.2762953042984009
5,cat__WindDir9am_SE,5.397962013375945e-06,5.397962013375945e-06,-1.2762953042984009
5,cat__WindDir9am_SSE,0.006938694044947624,0.006938694044947624,-1.2762953042984009
5,cat__WindDir9am_SSW,0.0014674088452011347,0.0014674088452011347,-1.2762953042984009
5,cat__WindDir9am_SW,-0.0057463254779577255,0.0057463254779577255,-1.2762953042984009
5,cat__WindDir9am_W,-0.01955351047217846,0.01955351047217846,-1.2762953042984009
5,cat__WindDir9am_WNW,0.0002372780436417088,0.0002372780436417088,-1.2762953042984009
5,cat__WindDir9am_WSW,6.796017260057852e-06,6.796017260057852e-06,-1.2762953042984009
5,cat__WindDir3pm_E,0.0003120066539850086,0.0003120066539850086,-1.2762953042984009
5,cat__WindDir3pm_ENE,-0.0009172905120067298,0.0009172905120067298,-1.2762953042984009
5,cat__WindDir3pm_ESE,0.0001457496255170554,0.0001457496255170554,-1.2762953042984009
5,cat__WindDir3pm_N,-0.001781328464858234,0.001781328464858234,-1.2762953042984009
5,cat__WindDir3pm_NE,-0.0014780713245272636,0.0014780713245272636,-1.2762953042984009
5,cat__WindDir3pm_NNE,-0.0023248745128512383,0.0023248745128512383,-1.2762953042984009
5,cat__WindDir3pm_NNW,-0.007883531041443348,0.007883531041443348,-1.2762953042984009
5,cat__WindDir3pm_NW,0.00540160434320569,0.00540160434320569,-1.2762953042984009
5,cat__WindDir3pm_S,-0.00026441121008247137,0.00026441121008247137,-1.2762953042984009
5,cat__WindDir3pm_SE,-0.00011236548016313463,0.00011236548016313463,-1.2762953042984009
5,cat__WindDir3pm_SSE,0.007960926741361618,0.007960926741361618,-1.2762953042984009
5,cat__WindDir3pm_SSW,-0.0638754665851593,0.0638754665851593,-1.2762953042984009
5,cat__WindDir3pm_SW,-0.004955857060849667,0.004955857060849667,-1.2762953042984009
5,cat__WindDir3pm_W,-7.090295548550785e-05,7.090295548550785e-05,-1.2762953042984009
5,cat__WindDir3pm_WNW,-0.006908020935952663,0.006908020935952663,-1.2762953042984009
5,cat__WindDir3pm_WSW,0.00016074767336249352,0.00016074767336249352,-1.2762953042984009
5,cat__Season_Autumn,0.003567529609426856,0.003567529609426856,-1.2762953042984009
5,cat__Season_Spring,0.00022838552831672132,0.00022838552831672132,-1.2762953042984009
5,cat__Season_Summer,0.0021180524490773678,0.0021180524490773678,-1.2762953042984009
5,cat__Season_Winter,-0.01732461340725422,0.01732461340725422,-1.2762953042984009
5,cat__WindIntensityCategory_High,2.2476700905826874e-05,2.2476700905826874e-05,-1.2762953042984009
5,cat__WindIntensityCategory_Low,0.002099520293995738,0.002099520293995738,-1.2762953042984009
5,cat__WindIntensityCategory_Moderate,0.004837338346987963,0.004837338346987963,-1.2762953042984009
5,cat__WindIntensityCategory_VeryHigh,0.0,0.0,-1.2762953042984009
5,cat__RainToday_No,0.0,0.0,-1.2762953042984009
5,cat__RainToday_Yes,0.0,0.0,-1.2762953042984009
6,num__MinTemp,0.008192899636924267,0.008192899636924267,-1.2762953042984009
6,num__MaxTemp,-0.06064913049340248,0.06064913049340248,-1.2762953042984009
6,num__Rainfall,0.05368854105472565,0.05368854105472565,-1.2762953042984009
6,num__Evaporation,0.04232781380414963,0.04232781380414963,-1.2762953042984009
6,num__Sunshine,0.00977051816880703,0.00977051816880703,-1.2762953042984009
6,num__WindGustSpeed,0.7156776785850525,0.7156776785850525,-1.2762953042984009
6,num__WindSpeed9am,-0.09863048791885376,0.09863048791885376,-1.2762953042984009
6,num__WindSpeed3pm,-0.10877321660518646,0.10877321660518646,-1.2762953042984009
6,num__Humidity9am,-0.06242406740784645,0.06242406740784645,-1.2762953042984009
6,num__Humidity3pm,-0.3101167678833008,0.3101167678833008,-1.2762953042984009
6,num__Pressure9am,-0.008536641485989094,0.008536641485989094,-1.2762953042984009
6,num__Pressure3pm,0.03624504432082176,0.03624504432082176,-1.2762953042984009
6,num__Cloud9am,-0.0583973228931427,0.0583973228931427,-1.2762953042984009
6,num__Cloud3pm,0.18064069747924805,0.18064069747924805,-1.2762953042984009
6,num__Temp9am,0.011219073086977005,0.011219073086977005,-1.2762953042984009
6,num__Temp3pm,-0.012838311493396759,0.012838311493396759,-1.2762953042984009
6,num__TemperatureDifference,0.06350842863321304,0.06350842863321304,-1.2762953042984009
6,num__AverageTemperature,-0.00990939699113369,0.00990939699113369,-1.2762953042984009
6,num__HumidityIndex,-0.0893356204032898,0.0893356204032898,-1.2762953042984009
6,num__PressureDifference,-0.32603931427001953,0.32603931427001953,-1.2762953042984009
6,num__Month,-0.0013088101986795664,0.0013088101986795664,-1.2762953042984009
6,num__Quarter,0.0,0.0,-1.2762953042984009
6,num__DayOfYear,0.01190817728638649,0.01190817728638649,-1.2762953042984009
6,num__IsWeekend,-0.0010706849861890078,0.0010706849861890078,-1.2762953042984009
6,num__RainfallIndicator,0.0,0.0,-1.2762953042984009
6,num__RainTodayBinary,0.0,0.0,-1.2762953042984009
6,cat__Location_Adelaide,-0.010172511450946331,0.010172511450946331,-1.2762953042984009
6,cat__Location_Albany,0.001978736836463213,0.001978736836463213,-1.2762953042984009
6,cat__Location_Albury,-0.006203994154930115,0.006203994154930115,-1.2762953042984009
6,cat__Location_AliceSprings,0.0015861503779888153,0.0015861503779888153,-1.2762953042984009
6,cat__Location_BadgerysCreek,-0.0012993067502975464,0.0012993067502975464,-1.2762953042984009
6,cat__Location_Ballarat,0.0016209639143198729,0.0016209639143198729,-1.2762953042984009
6,cat__Location_Bendigo,-0.0007837867015041411,0.0007837867015041411,-1.2762953042984009
6,cat__Location_Brisbane,-0.006418630946427584,0.006418630946427584,-1.2762953042984009
6,cat__Location_Cairns,-0.004383584950119257,0.004383584950119257,-1.2762953042984009
6,cat__Location_Canberra,0.000993244000710547,0.000993244000710547,-1.2762953042984009
6,cat__Location_Cobar,-0.0029030560981482267,0.0029030560981482267,-1.2762953042984009
6,cat__Location_CoffsHarbour,-0.0028761099092662334,0.0028761099092662334,-1.2762953042984009
6,cat__Location_Dartmoor,-0.0011063169222325087,0.0011063169222325087,-1.2762953042984009
6,cat__Location_Darwin,0.00922989472746849,0.00922989472746849,-1.2762953042984009
6,cat__Location_GoldCoast,0.0012030972866341472,0.0012030972866341472,-1.2762953042984009
6,cat__Location_Hobart,0.00746794231235981,0.00746794231235981,-1.2762953042984009
6,cat__Location_Katherine,0.005733851343393326,0.005733851343393326,-1.2762953042984009
6,cat__Location_Launceston,0.001587645965628326,0.001587645965628326,-1.2762953042984009
6,cat__Location_Melbourne,-0.0005287003004923463,0.0005287003004923463,-1.2762953042984009
6,cat__Location_MelbourneAirport,0.006802830845117569,0.006802830845117569,-1.2762953042984009
6,cat__Location_Mildura,0.00013936011237092316,0.00013936011237092316,-1.2762953042984009
6,cat__Location_Moree,8.55759863043204e-05,8.55759863043204e-05,-1.2762953042984009
6,cat__Location_MountGambier,-0.00397666497156024,0.00397666497156024,-1.2762953042984009
6,cat__Location_MountGinini,0.007283585611730814,0.007283585611730814,-1.2762953042984009
6,cat__Location_Newcastle,-2.8986458346480504e-05,2.8986458346480504e-05,-1.2762953042984009
6,cat__Location_Nhil,0.00216878904029727,0.00216878904029727,-1.2762953042984009
6,cat__Location_NorahHead,0.0064667146652936935,0.0064667146652936935,-1.2762953042984009
6,cat__Location_NorfolkIsland,-0.14910951256752014,0.14910951256752014,-1.2762953042984009
6,cat__Location_Nuriootpa,4.219382753944956e-05,4.219382753944956e-05,-1.2762953042984009
6,cat__Location_PearceRAAF,-0.0036726261023432016,0.0036726261023432016,-1.2762953042984009
6,cat__Location_Penrith,-0.0050386846996843815,0.0050386846996843815,-1.2762953042984009
6,cat__Location_Perth,-0.008279242552816868,0.008279242552816868,-1.2762953042984009
6,cat__Location_PerthAirport,-0.003963325172662735,0.003963325172662735,-1.2762953042984009
6,cat__Location_Portland,-0.0002478546812199056,0.0002478546812199056,-1.2762953042984009
6,cat__Location_Richmond,-0.0001207557725138031,0.0001207557725138031,-1.2762953042984009
6,cat__Location_Sale,0.010138536803424358,0.010138536803424358,-1.2762953042984009
6,cat__Location_SalmonGums,-0.0019278551917523146,0.0019278551917523146,-1.2762953042984009
6,cat__Location_Sydney,-0.006729168351739645,0.006729168351739645,-1.2762953042984009
6,cat__Location_SydneyAirport,0.00018819242541212589,0.00018819242541212589,-1.2762953042984009
6,cat__Location_Townsville,0.01386618334800005,0.01386618334800005,-1.2762953042984009
6,cat__Location_Tuggeranong,-0.002624594373628497,0.002624594373628497,-1.2762953042984009
6,cat__Location_Uluru,0.00017736776499077678,0.00017736776499077678,-1.2762953042984009
6,cat__Location_WaggaWagga,-0.001578324125148356,0.001578324125148356,-1.2762953042984009
6,cat__Location_Walpole,-0.002056904137134552,0.002056904137134552,-1.2762953042984009
6,cat__Location_Watsonia,0.0004215041408315301,0.0004215041408315301,-1.2762953042984009
6,cat__Location_Williamtown,-0.00777346221730113,0.00777346221730113,-1.2762953042984009
6,cat__Location_Witchcliffe,-0.011579865589737892,0.011579865589737892,-1.2762953042984009
6,cat__Location_Wollongong,0.008304244838654995,0.008304244838654995,-1.2762953042984009
6,cat__Location_Woomera,0.0010421003680676222,0.0010421003680676222,-1.2762953042984009
6,cat__WindGustDir_E,0.000334344309521839,0.000334344309521839,-1.2762953042984009
6,cat__WindGustDir_ENE,-5.5820943089202046e-05,5.5820943089202046e-05,-1.2762953042984009
6,cat__WindGustDir_ESE,-0.00013943162048235536,0.00013943162048235536,-1.2762953042984009
6,cat__WindGustDir_N,0.0005219934391789138,0.0005219934391789138,-1.2762953042984009
6,cat__WindGustDir_NE,0.0014112800126895308,0.0014112800126895308,-1.2762953042984009
6,cat__WindGustDir_NNE,-7.840406760806218e-05,7.840406760806218e-05,-1.2762953042984009
6,cat__WindGustDir_NNW,-0.00013916901662014425,0.00013916901662014425,-1.2762953042984009
6,cat__WindGustDir_NW,-0.0003426906478125602,0.0003426906478125602,-1.2762953042984009
6,cat__WindGustDir_S,-2.2964561139815487e-05,2.2964561139815487e-05,-1.2762953042984009
6,cat__WindGustDir_SE,-0.0004363513726275414,0.0004363513726275414,-1.2762953042984009
6,cat__WindGustDir_SSE,6.374058284563944e-05,6.374058284563944e-05,-1.2762953042984009
6,cat__WindGustDir_SSW,-0.00043259328231215477,0.00043259328231215477,-1.2762953042984009
6,cat__WindGustDir_SW,-0.0015920225996524096,0.0015920225996524096,-1.2762953042984009
6,cat__WindGustDir_W,-0.0005438608350232244,0.0005438608350232244,-1.2762953042984009
6,cat__WindGustDir_WNW,-4.718449054053053e-05,4.718449054053053e-05,-1.2762953042984009
6,cat__WindGustDir_WSW,2.3530912585556507e-05,2.3530912585556507e-05,-1.2762953042984009
6,cat__WindDir9am_E,0.0007292984519153833,0.0007292984519153833,-1.2762953042984009
6,cat__WindDir9am_ENE,-0.0011415578192099929,0.0011415578192099929,-1.2762953042984009
6,cat__WindDir9am_ESE,0.002863843459635973,0.002863843459635973,-1.2762953042984009
6,cat__WindDir9am_N,-0.015343586914241314,0.015343586914241314,-1.2762953042984009
6,cat__WindDir9am_NE,-0.0021046381443738937,0.0021046381443738937,-1.2762953042984009
6,cat__WindDir9am_NNE,-0.011460650712251663,0.011460650712251663,-1.2762953042984009
6,cat__WindDir9am_NNW,-3.217873745597899e-05,3.217873745597899e-05,-1.2762953042984009
6,cat__WindDir9am_NW,-0.0036646146327257156,0.0036646146327257156,-1.2762953042984009
6,cat__WindDir9am_S,0.012769615277647972,0.012769615277647972,-1.2762953042984009
6,cat__WindDir9am_SE,1.722438719298225e-05,1.722438719298225e-05,-1.2762953042984009
6,cat__WindDir9am_SSE,0.007981522008776665,0.007981522008776665,-1.2762953042984009
6,cat__WindDir9am_SSW,0.0018905311590060592,0.0018905311590060592,-1.2762953042984009
6,cat__WindDir9am_SW,0.0016231375047937036,0.0016231375047937036,-1.2762953042984009
6,cat__WindDir9am_W,2.1836565792909823e-05,2.1836565792909823e-05,-1.2762953042984009
6,cat__WindDir9am_WNW,-3.05161411233712e-05,3.05161411233712e-05,-1.2762953042984009
6,cat__WindDir9am_WSW,-0.0001517485943622887,0.0001517485943622887,-1.2762953042984009
6,cat__WindDir3pm_E,0.0005236511351540685,0.0005236511351540685,-1.2762953042984009
6,cat__WindDir3pm_ENE,-8.843536488711834e-05,8.843536488711834e-05,-1.2762953042984009
6,cat__WindDir3pm_ESE,0.0008693322888575494,0.0008693322888575494,-1.2762953042984009
6,cat__WindDir3pm_N,-0.003126556985080242,0.003126556985080242,-1.2762953042984009
6,cat__WindDir3pm_NE,0.0007513508899137378,0.0007513508899137378,-1.2762953042984009
6,cat__WindDir3pm_NNE,-0.0003175204910803586,0.0003175204910803586,-1.2762953042984009
6,cat__WindDir3pm_NNW,-0.013378847390413284,0.013378847390413284,-1.2762953042984009
6,cat__WindDir3pm_NW,-0.009263280779123306,0.009263280779123306,-1.2762953042984009
6,cat__WindDir3pm_S,-0.0001175110082840547,0.0001175110082840547,-1.2762953042984009
6,cat__WindDir3pm_SE,-8.374231401830912e-05,8.374231401830912e-05,-1.2762953042984009
6,cat__WindDir3pm_SSE,0.010364862158894539,0.010364862158894539,-1.2762953042984009
6,cat__WindDir3pm_SSW,-0.03421008586883545,0.03421008586883545,-1.2762953042984009
6,cat__WindDir3pm_SW,0.003068943740800023,0.003068943740800023,-1.2762953042984009
6,cat__WindDir3pm_W,5.455850623548031e-05,5.455850623548031e-05,-1.2762953042984009
6,cat__WindDir3pm_WNW,-0.008492229506373405,0.008492229506373405,-1.2762953042984009
6,cat__WindDir3pm_WSW,0.00014759509940631688,0.00014759509940631688,-1.2762953042984009
6,cat__Season_Autumn,-0.007655561901628971,0.007655561901628971,-1.2762953042984009
6,cat__Season_Spring,6.895400292705745e-05,6.895400292705745e-05,-1.2762953042984009
6,cat__Season_Summer,0.02830132655799389,0.02830132655799389,-1.2762953042984009
6,cat__Season_Winter,0.000358183984644711,0.000358183984644711,-1.2762953042984009
6,cat__WindIntensityCategory_High,-0.0001017526737996377,0.0001017526737996377,-1.2762953042984009
6,cat__WindIntensityCategory_Low,-0.0006768408929929137,0.0006768408929929137,-1.2762953042984009
6,cat__WindIntensityCategory_Moderate,0.007919682189822197,0.007919682189822197,-1.2762953042984009
6,cat__WindIntensityCategory_VeryHigh,0.0,0.0,-1.2762953042984009
6,cat__RainToday_No,0.0,0.0,-1.2762953042984009
6,cat__RainToday_Yes,0.0,0.0,-1.2762953042984009
7,num__MinTemp,0.0028736451640725136,0.0028736451640725136,-1.2762953042984009
7,num__MaxTemp,-0.003525962121784687,0.003525962121784687,-1.2762953042984009
7,num__Rainfall,0.43774303793907166,0.43774303793907166,-1.2762953042984009
7,num__Evaporation,0.019694911316037178,0.019694911316037178,-1.2762953042984009
7,num__Sunshine,-0.019512929022312164,0.019512929022312164,-1.2762953042984009
7,num__WindGustSpeed,-0.01644582487642765,0.01644582487642765,-1.2762953042984009
7,num__WindSpeed9am,0.04345470666885376,0.04345470666885376,-1.2762953042984009
7,num__WindSpeed3pm,0.036762699484825134,0.036762699484825134,-1.2762953042984009
7,num__Humidity9am,-0.021725179627537727,0.021725179627537727,-1.2762953042984009
7,num__Humidity3pm,0.35200929641723633,0.35200929641723633,-1.2762953042984009
7,num__Pressure9am,-0.008126087486743927,0.008126087486743927,-1.2762953042984009
7,num__Pressure3pm,-0.19531019032001495,0.19531019032001495,-1.2762953042984009
7,num__Cloud9am,0.017984962090849876,0.017984962090849876,-1.2762953042984009
7,num__Cloud3pm,-0.06356537342071533,0.06356537342071533,-1.2762953042984009
7,num__Temp9am,0.021049566566944122,0.021049566566944122,-1.2762953042984009
7,num__Temp3pm,-0.012364965863525867,0.012364965863525867,-1.2762953042984009
7,num__TemperatureDifference,0.048515670001506805,0.048515670001506805,-1.2762953042984009
7,num__AverageTemperature,0.005837812088429928,0.005837812088429928,-1.2762953042984009
7,num__HumidityIndex,0.01779896952211857,0.01779896952211857,-1.2762953042984009
7,num__PressureDifference,-0.050365954637527466,0.050365954637527466,-1.2762953042984009
7,num__Month,-0.0006662032101303339,0.0006662032101303339,-1.2762953042984009
7,num__Quarter,0.0,0.0,-1.2762953042984009
7,num__DayOfYear,0.015274979174137115,0.015274979174137115,-1.2762953042984009
7,num__IsWeekend,-0.0006804803851991892,0.0006804803851991892,-1.2762953042984009
7,num__RainfallIndicator,0.0,0.0,-1.2762953042984009
7,num__RainTodayBinary,0.0,0.0,-1.2762953042984009
7,cat__Location_Adelaide,-0.009899969212710857,0.009899969212710857,-1.2762953042984009
7,cat__Location_Albany,0.00010355102858738974,0.00010355102858738974,-1.2762953042984009
7,cat__Location_Albury,-0.005298550706356764,0.005298550706356764,-1.2762953042984009
7,cat__Location_AliceSprings,-0.0006943766493350267,0.0006943766493350267,-1.2762953042984009
7,cat__Location_BadgerysCreek,-0.0016730654751881957,0.0016730654751881957,-1.2762953042984009
7,cat__Location_Ballarat,0.007179906126111746,0.007179906126111746,-1.2762953042984009
7,cat__Location_Bendigo,-0.0005552280927076936,0.0005552280927076936,-1.2762953042984009
7,cat__Location_Brisbane,-0.009437307715415955,0.009437307715415955,-1.2762953042984009
7,cat__Location_Cairns,-0.002210945589467883,0.002210945589467883,-1.2762953042984009
7,cat__Location_Canberra,0.00021012272918596864,0.00021012272918596864,-1.2762953042984009
7,cat__Location_Cobar,-0.00021739899239037186,0.00021739899239037186,-1.2762953042984009
7,cat__Location_CoffsHarbour,-0.0033097178675234318,0.0033097178675234318,-1.2762953042984009
7,cat__Location_Dartmoor,-0.0005025606951676309,0.0005025606951676309,-1.2762953042984009
7,cat__Location_Darwin,0.009487763047218323,0.009487763047218323,-1.2762953042984009
7,cat__Location_GoldCoast,0.0009800520492717624,0.0009800520492717624,-1.2762953042984009
7,cat__Location_Hobart,0.008701571263372898,0.008701571263372898,-1.2762953042984009
7,cat__Location_Katherine,0.0047128149308264256,0.0047128149308264256,-1.2762953042984009
7,cat__Location_Launceston,0.0009104034397751093,0.0009104034397751093,-1.2762953042984009
7,cat__Location_Melbourne,-0.0013447410892695189,0.0013447410892695189,-1.2762953042984009
7,cat__Location_MelbourneAirport,0.005291481036692858,0.005291481036692858,-1.2762953042984009
7,cat__Location_Mildura,0.00020048148871865124,0.00020048148871865124,-1.2762953042984009
7,cat__Location_Moree,3.7986777897458524e-05,3.7986777897458524e-05,-1.2762953042984009
7,cat__Location_MountGambier,-9.475176921114326e-05,9.475176921114326e-05,-1.2762953042984009
7,cat__Location_MountGinini,0.010358343832194805,0.010358343832194805,-1.2762953042984009
7,cat__Location_Newcastle,-3.4636574127944186e-05,3.4636574127944186e-05,-1.2762953042984009
7,cat__Location_Nhil,0.0029518925584852695,0.0029518925584852695,-1.2762953042984009
7,cat__Location_NorahHead,0.011600346304476261,0.011600346304476261,-1.2762953042984009
7,cat__Location_NorfolkIsland,0.0009374612127430737,0.0009374612127430737,-1.2762953042984009
7,cat__Location_Nuriootpa,6.453047535615042e-05,6.453047535615042e-05,-1.2762953042984009
7,cat__Location_PearceRAAF,-0.003204687964171171,0.003204687964171171,-1.2762953042984009
7,cat__Location_Penrith,-0.006498588714748621,0.006498588714748621,-1.2762953042984009
7,cat__Location_Perth,-0.00757286511361599,0.00757286511361599,-1.2762953042984009
7,cat__Location_PerthAirport,-0.005272449925541878,0.005272449925541878,-1.2762953042984009
7,cat__Location_Portland,-0.0003487092908471823,0.0003487092908471823,-1.2762953042984009
7,cat__Location_Richmond,-0.002989965258166194,0.002989965258166194,-1.2762953042984009
7,cat__Location_Sale,0.005118361674249172,0.005118361674249172,-1.2762953042984009
7,cat__Location_SalmonGums,-0.0040322523564100266,0.0040322523564100266,-1.2762953042984009
7,cat__Location_Sydney,-0.005261930637061596,0.005261930637061596,-1.2762953042984009
7,cat__Location_SydneyAirport,4.939644713886082e-05,4.939644713886082e-05,-1.2762953042984009
7,cat__Location_Townsville,0.015252934768795967,0.015252934768795967,-1.2762953042984009
7,cat__Location_Tuggeranong,-0.004145490005612373,0.004145490005612373,-1.2762953042984009
7,cat__Location_Uluru,-9.26809516386129e-05,9.26809516386129e-05,-1.2762953042984009
7,cat__Location_WaggaWagga,-0.0013375200796872377,0.0013375200796872377,-1.2762953042984009
7,cat__Location_Walpole,-0.0012605598894879222,0.0012605598894879222,-1.2762953042984009
7,cat__Location_Watsonia,0.00047854913282208145,0.00047854913282208145,-1.2762953042984009
7,cat__Location_Williamtown,-0.0035823979414999485,0.0035823979414999485,-1.2762953042984009
7,cat__Location_Witchcliffe,-0.017629144713282585,0.017629144713282585,-1.2762953042984009
7,cat__Location_Wollongong,-0.6208640933036804,0.6208640933036804,-1.2762953042984009
7,cat__Location_Woomera,0.002107832347974181,0.002107832347974181,-1.2762953042984009
7,cat__WindGustDir_E,0.0004092400777153671,0.0004092400777153671,-1.2762953042984009
7,cat__WindGustDir_ENE,-0.00010813004337251186,0.00010813004337251186,-1.2762953042984009
7,cat__WindGustDir_ESE,-0.00016425557259935886,0.00016425557259935886,-1.2762953042984009
7,cat__WindGustDir_N,-0.0010716727701947093,0.0010716727701947093,-1.2762953042984009
7,cat__WindGustDir_NE,0.0001328766520600766,0.0001328766520600766,-1.2762953042984009
7,cat__WindGustDir_NNE,-0.0001687501062406227,0.0001687501062406227,-1.2762953042984009
7,cat__WindGustDir_NNW,-0.0002702268538996577,0.0002702268538996577,-1.2762953042984009
7,cat__WindGustDir_NW,-0.0003801802813541144,0.0003801802813541144,-1.2762953042984009
7,cat__WindGustDir_S,1.6754500393290073e-05,1.6754500393290073e-05,-1.2762953042984009
7,cat__WindGustDir_SE,-0.0074861980974674225,0.0074861980974674225,-1.2762953042984009
7,cat__WindGustDir_SSE,-3.788275353144854e-05,3.788275353144854e-05,-1.2762953042984009
7,cat__WindGustDir_SSW,0.00018639530753716826,0.00018639530753716826,-1.2762953042984009
7,cat__WindGustDir_SW,-0.0001563388796057552,0.0001563388796057552,-1.2762953042984009
7,cat__WindGustDir_W,-0.0008298448519781232,0.0008298448519781232,-1.2762953042984009
7,cat__WindGustDir_WNW,-7.334043766604736e-05,7.334043766604736e-05,-1.2762953042984009
7,cat__WindGustDir_WSW,0.0002689365646801889,0.0002689365646801889,-1.2762953042984009
7,cat__WindDir9am_E,0.001235872390680015,0.001235872390680015,-1.2762953042984009
7,cat__WindDir9am_ENE,-0.001122538116760552,0.001122538116760552,-1.2762953042984009
7,cat__WindDir9am_ESE,0.002890139352530241,0.002890139352530241,-1.2762953042984009
7,cat__WindDir9am_N,-0.01741662621498108,0.01741662621498108,-1.2762953042984009
7,cat__WindDir9am_NE,-0.0011464784620329738,0.0011464784620329738,-1.2762953042984009
7,cat__WindDir9am_NNE,-0.007229550275951624,0.007229550275951624,-1.2762953042984009
7,cat__WindDir9am_NNW,-0.00014309486141428351,0.00014309486141428351,-1.2762953042984009
7,cat__WindDir9am_NW,-0.0010177287040278316,0.0010177287040278316,-1.2762953042984009
7,cat__WindDir9am_S,0.006883139256387949,0.006883139256387949,-1.2762953042984009
7,cat__WindDir9am_SE,5.397962013375945e-06,5.397962013375945e-06,-1.2762953042984009
7,cat__WindDir9am_SSE,0.007152164820581675,0.007152164820581675,-1.2762953042984009
7,cat__WindDir9am_SSW,-0.024465173482894897,0.024465173482894897,-1.2762953042984009
7,cat__WindDir9am_SW,-0.0001422867935616523,0.0001422867935616523,-1.2762953042984009
7,cat__WindDir9am_W,-2.1197627575020306e-05,2.1197627575020306e-05,-1.2762953042984009
7,cat__WindDir9am_WNW,-3.05161411233712e-05,3.05161411233712e-05,-1.2762953042984009
7,cat__WindDir9am_WSW,-0.00010266293975291774,0.00010266293975291774,-1.2762953042984009
7,cat__WindDir3pm_E,0.0008753332658670843,0.0008753332658670843,-1.2762953042984009
7,cat__WindDir3pm_ENE,-0.00011207789066247642,0.00011207789066247642,-1.2762953042984009
7,cat__WindDir3pm_ESE,0.0008236588328145444,0.0008236588328145444,-1.2762953042984009
7,cat__WindDir3pm_N,-0.0023388105910271406,0.0023388105910271406,-1.2762953042984009
7,cat__WindDir3pm_NE,0.007525968831032515,0.007525968831032515,-1.2762953042984009
7,cat__WindDir3pm_NNE,-0.0003906588244717568,0.0003906588244717568,-1.2762953042984009
7,cat__WindDir3pm_NNW,-0.01137260440737009,0.01137260440737009,-1.2762953042984009
7,cat__WindDir3pm_NW,-0.008149988949298859,0.008149988949298859,-1.2762953042984009
7,cat__WindDir3pm_S,-0.010031716898083687,0.010031716898083687,-1.2762953042984009
7,cat__WindDir3pm_SE,-0.0026960524264723063,0.0026960524264723063,-1.2762953042984009
7,cat__WindDir3pm_SSE,0.0045081451535224915,0.0045081451535224915,-1.2762953042984009
7,cat__WindDir3pm_SSW,0.004216962493956089,0.004216962493956089,-1.2762953042984009
7,cat__WindDir3pm_SW,0.0021236524917185307,0.0021236524917185307,-1.2762953042984009
7,cat__WindDir3pm_W,-6.628598202951252e-05,6.628598202951252e-05,-1.2762953042984009
7,cat__WindDir3pm_WNW,-0.008589869365096092,0.008589869365096092,-1.2762953042984009
7,cat__WindDir3pm_WSW,0.00016074767336249352,0.00016074767336249352,-1.2762953042984009
7,cat__Season_Autumn,0.010121984407305717,0.010121984407305717,-1.2762953042984009
7,cat__Season_Spring,0.0002755270106717944,0.0002755270106717944,-1.2762953042984009
7,cat__Season_Summer,0.009148499928414822,0.009148499928414822,-1.2762953042984009
7,cat__Season_Winter,0.0009875968098640442,0.0009875968098640442,-1.2762953042984009
7,cat__WindIntensityCategory_High,2.5962330255424604e-05,2.5962330255424604e-05,-1.2762953042984009
7,cat__WindIntensityCategory_Low,0.003551791189238429,0.003551791189238429,-1.2762953042984009
7,cat__WindIntensityCategory_Moderate,0.0032439755741506815,0.0032439755741506815,-1.2762953042984009
7,cat__WindIntensityCategory_VeryHigh,0.0,0.0,-1.2762953042984009
7,cat__RainToday_No,0.0,0.0,-1.2762953042984009
7,cat__RainToday_Yes,0.0,0.0,-1.2762953042984009
8,num__MinTemp,0.0035471217706799507,0.0035471217706799507,-1.2762953042984009
8,num__MaxTemp,0.023060154169797897,0.023060154169797897,-1.2762953042984009
8,num__Rainfall,-0.15787582099437714,0.15787582099437714,-1.2762953042984009
8,num__Evaporation,0.015066878870129585,0.015066878870129585,-1.2762953042984009
8,num__Sunshine,0.535190999507904,0.535190999507904,-1.2762953042984009
8,num__WindGustSpeed,-0.17801792919635773,0.17801792919635773,-1.2762953042984009
8,num__WindSpeed9am,-0.04050859808921814,0.04050859808921814,-1.2762953042984009
8,num__WindSpeed3pm,0.03555767610669136,0.03555767610669136,-1.2762953042984009
8,num__Humidity9am,-0.040646787732839584,0.040646787732839584,-1.2762953042984009
8,num__Humidity3pm,-0.3862849175930023,0.3862849175930023,-1.2762953042984009
8,num__Pressure9am,-0.003119251225143671,0.003119251225143671,-1.2762953042984009
8,num__Pressure3pm,-0.4406972825527191,0.4406972825527191,-1.2762953042984009
8,num__Cloud9am,0.028552791103720665,0.028552791103720665,-1.2762953042984009
8,num__Cloud3pm,0.13016416132450104,0.13016416132450104,-1.2762953042984009
8,num__Temp9am,0.0037199247162789106,0.0037199247162789106,-1.2762953042984009
8,num__Temp3pm,-0.02041783183813095,0.02041783183813095,-1.2762953042984009
8,num__TemperatureDifference,0.025294652208685875,0.025294652208685875,-1.2762953042984009
8,num__AverageTemperature,0.012171940878033638,0.012171940878033638,-1.2762953042984009
8,num__HumidityIndex,0.005971195176243782,0.005971195176243782,-1.2762953042984009
8,num__PressureDifference,-0.13258463144302368,0.13258463144302368,-1.2762953042984009
8,num__Month,0.0009656201582401991,0.0009656201582401991,-1.2762953042984009
8,num__Quarter,0.0,0.0,-1.2762953042984009
8,num__DayOfYear,0.003442706074565649,0.003442706074565649,-1.2762953042984009
8,num__IsWeekend,-0.0008828883874230087,0.0008828883874230087,-1.2762953042984009
8,num__RainfallIndicator,0.0,0.0,-1.2762953042984009
8,num__RainTodayBinary,0.0,0.0,-1.2762953042984009
8,cat__Location_Adelaide,-0.007890354841947556,0.007890354841947556,-1.2762953042984009
8,cat__Location_Albany,-8.53234450914897e-05,8.53234450914897e-05,-1.2762953042984009
8,cat__Location_Albury,0.0005677120643667877,0.0005677120643667877,-1.2762953042984009
8,cat__Location_AliceSprings,0.0008206401253119111,0.0008206401253119111,-1.2762953042984009
8,cat__Location_BadgerysCreek,-0.0010071946308016777,0.0010071946308016777,-1.2762953042984009
8,cat__Location_Ballarat,0.003999125212430954,0.003999125212430954,-1.2762953042984009
8,cat__Location_Bendigo,-0.0007953650201670825,0.0007953650201670825,-1.2762953042984009
8,cat__Location_Brisbane,-0.007069632411003113,0.007069632411003113,-1.2762953042984009
8,cat__Location_Cairns,-0.0025265540461987257,0.0025265540461987257,-1.2762953042984009
8,cat__Location_Canberra,0.0004668212204705924,0.0004668212204705924,-1.2762953042984009
8,cat__Location_Cobar,-0.0014282971387729049,0.0014282971387729049,-1.2762953042984009
8,cat__Location_CoffsHarbour,-0.007958046160638332,0.007958046160638332,-1.2762953042984009
8,cat__Location_Dartmoor,-0.0014867871068418026,0.0014867871068418026,-1.2762953042984009
8,cat__Location_Darwin,0.0076783038675785065,0.0076783038675785065,-1.2762953042984009
8,cat__Location_GoldCoast,0.004005516413599253,0.004005516413599253,-1.2762953042984009
8,cat__Location_Hobart,0.010007301345467567,0.010007301345467567,-1.2762953042984009
8,cat__Location_Katherine,0.004393151495605707,0.004393151495605707,-1.2762953042984009
8,cat__Location_Launceston,0.0014465872664004564,0.0014465872664004564,-1.2762953042984009
8,cat__Location_Melbourne,-0.0004425698716659099,0.0004425698716659099,-1.2762953042984009
8,cat__Location_MelbourneAirport,-0.19938890635967255,0.19938890635967255,-1.2762953042984009
8,cat__Location_Mildura,0.00020048148871865124,0.00020048148871865124,-1.2762953042984009
8,cat__Location_Moree,0.00044204859295859933,0.00044204859295859933,-1.2762953042984009
8,cat__Location_MountGambier,-0.00011325028026476502,0.00011325028026476502,-1.2762953042984009
8,cat__Location_MountGinini,0.01014165859669447,0.01014165859669447,-1.2762953042984009
8,cat__Location_Newcastle,-3.4636574127944186e-05,3.4636574127944186e-05,-1.2762953042984009
8,cat__Location_Nhil,0.001747581292875111,0.001747581292875111,-1.2762953042984009
8,cat__Location_NorahHead,0.001239593024365604,0.001239593024365604,-1.2762953042984009
8,cat__Location_NorfolkIsland,0.001716460334137082,0.001716460334137082,-1.2762953042984009
8,cat__Location_Nuriootpa,6.453047535615042e-05,6.453047535615042e-05,-1.2762953042984009
8,cat__Location_PearceRAAF,-0.0031801960431039333,0.0031801960431039333,-1.2762953042984009
8,cat__Location_Penrith,-0.001273364177905023,0.001273364177905023,-1.2762953042984009
8,cat__Location_Perth,-0.011131060309708118,0.011131060309708118,-1.2762953042984009
8,cat__Location_PerthAirport,-0.0016518926713615656,0.0016518926713615656,-1.2762953042984009
8,cat__Location_Portland,-0.0010481399949640036,0.0010481399949640036,-1.2762953042984009
8,cat__Location_Richmond,-0.0005018203519284725,0.0005018203519284725,-1.2762953042984009
8,cat__Location_Sale,0.008173133246600628,0.008173133246600628,-1.2762953042984009
8,cat__Location_SalmonGums,-0.003949012607336044,0.003949012607336044,-1.2762953042984009
8,cat__Location_Sydney,-0.010431545786559582,0.010431545786559582,-1.2762953042984009
8,cat__Location_SydneyAirport,4.939644713886082e-05,4.939644713886082e-05,-1.2762953042984009
8,cat__Location_Townsville,0.01624992862343788,0.01624992862343788,-1.2762953042984009
8,cat__Location_Tuggeranong,-0.0031074578873813152,0.0031074578873813152,-1.2762953042984009
8,cat__Location_Uluru,0.00017736776499077678,0.00017736776499077678,-1.2762953042984009
8,cat__Location_WaggaWagga,-0.001361981499940157,0.001361981499940157,-1.2762953042984009
8,cat__Location_Walpole,8.414109470322728e-05,8.414109470322728e-05,-1.2762953042984009
8,cat__Location_Watsonia,0.000402451230911538,0.000402451230911538,-1.2762953042984009
8,cat__Location_Williamtown,-0.00799492932856083,0.00799492932856083,-1.2762953042984009
8,cat__Location_Witchcliffe,-0.010293018072843552,0.010293018072843552,-1.2762953042984009
8,cat__Location_Wollongong,0.01114661805331707,0.01114661805331707,-1.2762953042984009
8,cat__Location_Woomera,0.002709991065785289,0.002709991065785289,-1.2762953042984009
8,cat__WindGustDir_E,0.0003731566248461604,0.0003731566248461604,-1.2762953042984009
8,cat__WindGustDir_ENE,-0.00010476648458279669,0.00010476648458279669,-1.2762953042984009
8,cat__WindGustDir_ESE,-0.00019418260490056127,0.00019418260490056127,-1.2762953042984009
8,cat__WindGustDir_N,-0.00031131829018704593,0.00031131829018704593,-1.2762953042984009
8,cat__WindGustDir_NE,0.00012847705511376262,0.00012847705511376262,-1.2762953042984009
8,cat__WindGustDir_NNE,-0.0001525131519883871,0.0001525131519883871,-1.2762953042984009
8,cat__WindGustDir_NNW,-0.00023577571846544743,0.00023577571846544743,-1.2762953042984009
8,cat__WindGustDir_NW,-0.0003016251721419394,0.0003016251721419394,-1.2762953042984009
8,cat__WindGustDir_S,-1.8385297153145075e-05,1.8385297153145075e-05,-1.2762953042984009
8,cat__WindGustDir_SE,-0.0005505025619640946,0.0005505025619640946,-1.2762953042984009
8,cat__WindGustDir_SSE,-3.055520937778056e-05,3.055520937778056e-05,-1.2762953042984009
8,cat__WindGustDir_SSW,1.7182668671011925e-05,1.7182668671011925e-05,-1.2762953042984009
8,cat__WindGustDir_SW,-0.0011644359910860658,0.0011644359910860658,-1.2762953042984009
8,cat__WindGustDir_W,-0.0006947187939658761,0.0006947187939658761,-1.2762953042984009
8,cat__WindGustDir_WNW,-3.8040889194235206e-05,3.8040889194235206e-05,-1.2762953042984009
8,cat__WindGustDir_WSW,1.5566438378300518e-05,1.5566438378300518e-05,-1.2762953042984009
8,cat__WindDir9am_E,0.0010962451342493296,0.0010962451342493296,-1.2762953042984009
8,cat__WindDir9am_ENE,-0.0005097383982501924,0.0005097383982501924,-1.2762953042984009
8,cat__WindDir9am_ESE,0.0028066327795386314,0.0028066327795386314,-1.2762953042984009
8,cat__WindDir9am_N,-0.00989731028676033,0.00989731028676033,-1.2762953042984009
8,cat__WindDir9am_NE,-0.0022760555148124695,0.0022760555148124695,-1.2762953042984009
8,cat__WindDir9am_NNE,-0.012730782851576805,0.012730782851576805,-1.2762953042984009
8,cat__WindDir9am_NNW,6.106615910539404e-05,6.106615910539404e-05,-1.2762953042984009
8,cat__WindDir9am_NW,-0.00380028341896832,0.00380028341896832,-1.2762953042984009
8,cat__WindDir9am_S,0.015469081699848175,0.015469081699848175,-1.2762953042984009
8,cat__WindDir9am_SE,5.397962013375945e-06,5.397962013375945e-06,-1.2762953042984009
8,cat__WindDir9am_SSE,0.009957311674952507,0.009957311674952507,-1.2762953042984009
8,cat__WindDir9am_SSW,0.00166045140940696,0.00166045140940696,-1.2762953042984009
8,cat__WindDir9am_SW,-0.0001601252588443458,0.0001601252588443458,-1.2762953042984009
8,cat__WindDir9am_W,0.0014094942016527057,0.0014094942016527057,-1.2762953042984009
8,cat__WindDir9am_WNW,-3.05161411233712e-05,3.05161411233712e-05,-1.2762953042984009
8,cat__WindDir9am_WSW,-0.0014817630872130394,0.0014817630872130394,-1.2762953042984009
8,cat__WindDir3pm_E,0.001452986034564674,0.001452986034564674,-1.2762953042984009
8,cat__WindDir3pm_ENE,-0.00012874994718004018,0.00012874994718004018,-1.2762953042984009
8,cat__WindDir3pm_ESE,0.000832495978102088,0.000832495978102088,-1.2762953042984009
8,cat__WindDir3pm_N,-0.0019129931461066008,0.0019129931461066008,-1.2762953042984009
8,cat__WindDir3pm_NE,-0.0005913281929679215,0.0005913281929679215,-1.2762953042984009
8,cat__WindDir3pm_NNE,-0.0008209421066567302,0.0008209421066567302,-1.2762953042984009
8,cat__WindDir3pm_NNW,-0.011476030573248863,0.011476030573248863,-1.2762953042984009
8,cat__WindDir3pm_NW,-0.005964403972029686,0.005964403972029686,-1.2762953042984009
8,cat__WindDir3pm_S,-0.00016515453171450645,0.00016515453171450645,-1.2762953042984009
8,cat__WindDir3pm_SE,-7.357856520684436e-05,7.357856520684436e-05,-1.2762953042984009
8,cat__WindDir3pm_SSE,0.007086670491844416,0.007086670491844416,-1.2762953042984009
8,cat__WindDir3pm_SSW,0.0043752845376729965,0.0043752845376729965,-1.2762953042984009
8,cat__WindDir3pm_SW,0.004240137059241533,0.004240137059241533,-1.2762953042984009
8,cat__WindDir3pm_W,-0.0001273329253308475,0.0001273329253308475,-1.2762953042984009
8,cat__WindDir3pm_WNW,-0.007686197757720947,0.007686197757720947,-1.2762953042984009
8,cat__WindDir3pm_WSW,-0.0020242328755557537,0.0020242328755557537,-1.2762953042984009
8,cat__Season_Autumn,0.009959494695067406,0.009959494695067406,-1.2762953042984009
8,cat__Season_Spring,0.00017085242143366486,0.00017085242143366486,-1.2762953042984009
8,cat__Season_Summer,0.019258085638284683,0.019258085638284683,-1.2762953042984009
8,cat__Season_Winter,0.0005297196912579238,0.0005297196912579238,-1.2762953042984009
8,cat__WindIntensityCategory_High,2.5962330255424604e-05,2.5962330255424604e-05,-1.2762953042984009
8,cat__WindIntensityCategory_Low,-0.0007004101644270122,0.0007004101644270122,-1.2762953042984009
8,cat__WindIntensityCategory_Moderate,-0.0027033754158765078,0.0027033754158765078,-1.2762953042984009
8,cat__WindIntensityCategory_VeryHigh,0.0,0.0,-1.2762953042984009
8,cat__RainToday_No,0.0,0.0,-1.2762953042984009
8,cat__RainToday_Yes,0.0,0.0,-1.2762953042984009
9,num__MinTemp,-0.1488281637430191,0.1488281637430191,-1.2762953042984009
9,num__MaxTemp,0.017146168276667595,0.017146168276667595,-1.2762953042984009
9,num__Rainfall,0.08038222789764404,0.08038222789764404,-1.2762953042984009
9,num__Evaporation,0.019685950130224228,0.019685950130224228,-1.2762953042984009
9,num__Sunshine,-0.2355411797761917,0.2355411797761917,-1.2762953042984009
9,num__WindGustSpeed,0.6795749664306641,0.6795749664306641,-1.2762953042984009
9,num__WindSpeed9am,-0.01751997508108616,0.01751997508108616,-1.2762953042984009
9,num__WindSpeed3pm,0.06439629197120667,0.06439629197120667,-1.2762953042984009
9,num__Humidity9am,0.026041245087981224,0.026041245087981224,-1.2762953042984009
9,num__Humidity3pm,-0.6196314096450806,0.6196314096450806,-1.2762953042984009
9,num__Pressure9am,-0.015205694362521172,0.015205694362521172,-1.2762953042984009
9,num__Pressure3pm,-0.500758945941925,0.500758945941925,-1.2762953042984009
9,num__Cloud9am,-0.0028695636428892612,0.0028695636428892612,-1.2762953042984009
9,num__Cloud3pm,-0.16102616488933563,0.16102616488933563,-1.2762953042984009
9,num__Temp9am,0.006445024628192186,0.006445024628192186,-1.2762953042984009
9,num__Temp3pm,-0.019839398562908173,0.019839398562908173,-1.2762953042984009
9,num__TemperatureDifference,-0.10775814950466156,0.10775814950466156,-1.2762953042984009
9,num__AverageTemperature,0.0008530212799087167,0.0008530212799087167,-1.2762953042984009
9,num__HumidityIndex,-0.04779869690537453,0.04779869690537453,-1.2762953042984009
9,num__PressureDifference,-0.07324421405792236,0.07324421405792236,-1.2762953042984009
9,num__Month,-0.0009366837912239134,0.0009366837912239134,-1.2762953042984009
9,num__Quarter,0.0,0.0,-1.2762953042984009
9,num__DayOfYear,0.051160939037799835,0.051160939037799835,-1.2762953042984009
9,num__IsWeekend,-0.0008393798489123583,0.0008393798489123583,-1.2762953042984009
9,num__RainfallIndicator,0.0,0.0,-1.2762953042984009
9,num__RainTodayBinary,0.0,0.0,-1.2762953042984009
9,cat__Location_Adelaide,-0.009539203718304634,0.009539203718304634,-1.2762953042984009
9,cat__Location_Albany,-0.00018860684940591455,0.00018860684940591455,-1.2762953042984009
9,cat__Location_Albury,-0.002610336057841778,0.002610336057841778,-1.2762953042984009
9,cat__Location_AliceSprings,0.0022680265828967094,0.0022680265828967094,-1.2762953042984009
9,cat__Location_BadgerysCreek,-0.0005848775617778301,0.0005848775617778301,-1.2762953042984009
9,cat__Location_Ballarat,0.0008596188854426146,0.0008596188854426146,-1.2762953042984009
9,cat__Location_Bendigo,-0.0007185020367614925,0.0007185020367614925,-1.2762953042984009
9,cat__Location_Brisbane,-0.0051078274846076965,0.0051078274846076965,-1.2762953042984009
9,cat__Location_Cairns,-0.005372417159378529,0.005372417159378529,-1.2762953042984009
9,cat__Location_Canberra,0.0009418473928235471,0.0009418473928235471,-1.2762953042984009
9,cat__Location_Cobar,0.0009975432185456157,0.0009975432185456157,-1.2762953042984009
9,cat__Location_CoffsHarbour,-0.0015067143831402063,0.0015067143831402063,-1.2762953042984009
9,cat__Location_Dartmoor,-0.002444655168801546,0.002444655168801546,-1.2762953042984009
9,cat__Location_Darwin,0.008192600682377815,0.008192600682377815,-1.2762953042984009
9,cat__Location_GoldCoast,0.004699694458395243,0.004699694458395243,-1.2762953042984009
9,cat__Location_Hobart,0.01468209270387888,0.01468209270387888,-1.2762953042984009
9,cat__Location_Katherine,0.0073627750389277935,0.0073627750389277935,-1.2762953042984009
9,cat__Location_Launceston,0.0017569349147379398,0.0017569349147379398,-1.2762953042984009
9,cat__Location_Melbourne,-0.0005351727013476193,0.0005351727013476193,-1.2762953042984009
9,cat__Location_MelbourneAirport,0.0034877711441367865,0.0034877711441367865,-1.2762953042984009
9,cat__Location_Mildura,0.000637902703601867,0.000637902703601867,-1.2762953042984009
9,cat__Location_Moree,0.00044204859295859933,0.00044204859295859933,-1.2762953042984009
9,cat__Location_MountGambier,-0.00014552802895195782,0.00014552802895195782,-1.2762953042984009
9,cat__Location_MountGinini,0.00946343969553709,0.00946343969553709,-1.2762953042984009
9,cat__Location_Newcastle,-3.4636574127944186e-05,3.4636574127944186e-05,-1.2762953042984009
9,cat__Location_Nhil,0.0017078436212614179,0.0017078436212614179,-1.2762953042984009
9,cat__Location_NorahHead,0.0008093426586128771,0.0008093426586128771,-1.2762953042984009
9,cat__Location_NorfolkIsland,0.001465813722461462,0.001465813722461462,-1.2762953042984009
9,cat__Location_Nuriootpa,7.245859887916595e-05,7.245859887916595e-05,-1.2762953042984009
9,cat__Location_PearceRAAF,-0.004633760079741478,0.004633760079741478,-1.2762953042984009
9,cat__Location_Penrith,-0.0036455467343330383,0.0036455467343330383,-1.2762953042984009
9,cat__Location_Perth,-0.011508307419717312,0.011508307419717312,-1.2762953042984009
9,cat__Location_PerthAirport,-0.004909079521894455,0.004909079521894455,-1.2762953042984009
9,cat__Location_Portland,-0.001513201859779656,0.001513201859779656,-1.2762953042984009
9,cat__Location_Richmond,-0.0001075197069440037,0.0001075197069440037,-1.2762953042984009
9,cat__Location_Sale,-0.23872315883636475,0.23872315883636475,-1.2762953042984009
9,cat__Location_SalmonGums,-0.00623305793851614,0.00623305793851614,-1.2762953042984009
9,cat__Location_Sydney,-0.007961241528391838,0.007961241528391838,-1.2762953042984009
9,cat__Location_SydneyAirport,7.234260556288064e-05,7.234260556288064e-05,-1.2762953042984009
9,cat__Location_Townsville,0.0157439187169075,0.0157439187169075,-1.2762953042984009
9,cat__Location_Tuggeranong,-0.0018001346616074443,0.0018001346616074443,-1.2762953042984009
9,cat__Location_Uluru,0.00017736776499077678,0.00017736776499077678,-1.2762953042984009
9,cat__Location_WaggaWagga,-0.0013564395485445857,0.0013564395485445857,-1.2762953042984009
9,cat__Location_Walpole,-0.0007287508924491704,0.0007287508924491704,-1.2762953042984009
9,cat__Location_Watsonia,0.00034985708771273494,0.00034985708771273494,-1.2762953042984009
9,cat__Location_Williamtown,-0.014935861341655254,0.014935861341655254,-1.2762953042984009
9,cat__Location_Witchcliffe,-0.010497676208615303,0.010497676208615303,-1.2762953042984009
9,cat__Location_Wollongong,0.016751093789935112,0.016751093789935112,-1.2762953042984009
9,cat__Location_Woomera,0.003021799959242344,0.003021799959242344,-1.2762953042984009
9,cat__WindGustDir_E,0.001442800392396748,0.001442800392396748,-1.2762953042984009
9,cat__WindGustDir_ENE,-0.00011670112144201994,0.00011670112144201994,-1.2762953042984009
9,cat__WindGustDir_ESE,-0.00013943162048235536,0.00013943162048235536,-1.2762953042984009
9,cat__WindGustDir_N,-0.0023749875836074352,0.0023749875836074352,-1.2762953042984009
9,cat__WindGustDir_NE,-0.00024058444250840694,0.00024058444250840694,-1.2762953042984009
9,cat__WindGustDir_NNE,-4.4463678932515904e-05,4.4463678932515904e-05,-1.2762953042984009
9,cat__WindGustDir_NNW,-0.00020529236644506454,0.00020529236644506454,-1.2762953042984009
9,cat__WindGustDir_NW,-0.00026320249889977276,0.00026320249889977276,-1.2762953042984009
9,cat__WindGustDir_S,-5.075131048215553e-05,5.075131048215553e-05,-1.2762953042984009
9,cat__WindGustDir_SE,-0.005647808313369751,0.005647808313369751,-1.2762953042984009
9,cat__WindGustDir_SSE,-7.796521094860509e-05,7.796521094860509e-05,-1.2762953042984009
9,cat__WindGustDir_SSW,0.0001848190149758011,0.0001848190149758011,-1.2762953042984009
9,cat__WindGustDir_SW,-0.00014284685312304646,0.00014284685312304646,-1.2762953042984009
9,cat__WindGustDir_W,-0.00188909110147506,0.00188909110147506,-1.2762953042984009
9,cat__WindGustDir_WNW,0.006648003123700619,0.006648003123700619,-1.2762953042984009
9,cat__WindGustDir_WSW,-3.6238605389371514e-05,3.6238605389371514e-05,-1.2762953042984009
9,cat__WindDir9am_E,0.0012159347534179688,0.0012159347534179688,-1.2762953042984009
9,cat__WindDir9am_ENE,-0.0010962466476485133,0.0010962466476485133,-1.2762953042984009
9,cat__WindDir9am_ESE,0.0027996902354061604,0.0027996902354061604,-1.2762953042984009
9,cat__WindDir9am_N,-0.01024952158331871,0.01024952158331871,-1.2762953042984009
9,cat__WindDir9am_NE,-0.0021459718700498343,0.0021459718700498343,-1.2762953042984009
9,cat__WindDir9am_NNE,-0.013087896630167961,0.013087896630167961,-1.2762953042984009
9,cat__WindDir9am_NNW,-9.55374853219837e-05,9.55374853219837e-05,-1.2762953042984009
9,cat__WindDir9am_NW,-0.0019311647629365325,0.0019311647629365325,-1.2762953042984009
9,cat__WindDir9am_S,0.015668349340558052,0.015668349340558052,-1.2762953042984009
9,cat__WindDir9am_SE,1.722438719298225e-05,1.722438719298225e-05,-1.2762953042984009
9,cat__WindDir9am_SSE,0.009429439902305603,0.009429439902305603,-1.2762953042984009
9,cat__WindDir9am_SSW,0.0017959231045097113,0.0017959231045097113,-1.2762953042984009
9,cat__WindDir9am_SW,-0.00024342365213669837,0.00024342365213669837,-1.2762953042984009
9,cat__WindDir9am_W,0.001589710358530283,0.001589710358530283,-1.2762953042984009
9,cat__WindDir9am_WNW,-6.654454045929015e-05,6.654454045929015e-05,-1.2762953042984009
9,cat__WindDir9am_WSW,1.0324954928364605e-05,1.0324954928364605e-05,-1.2762953042984009
9,cat__WindDir3pm_E,0.0014210102381184697,0.0014210102381184697,-1.2762953042984009
9,cat__WindDir3pm_ENE,-0.00012370175682008266,0.00012370175682008266,-1.2762953042984009
9,cat__WindDir3pm_ESE,0.0008420532685704529,0.0008420532685704529,-1.2762953042984009
9,cat__WindDir3pm_N,-0.003308741142973304,0.003308741142973304,-1.2762953042984009
9,cat__WindDir3pm_NE,-0.0006501498282887042,0.0006501498282887042,-1.2762953042984009
9,cat__WindDir3pm_NNE,-0.00042919127736240625,0.00042919127736240625,-1.2762953042984009
9,cat__WindDir3pm_NNW,-0.011095681227743626,0.011095681227743626,-1.2762953042984009
9,cat__WindDir3pm_NW,-0.009180125780403614,0.009180125780403614,-1.2762953042984009
9,cat__WindDir3pm_S,-0.0001520904479548335,0.0001520904479548335,-1.2762953042984009
9,cat__WindDir3pm_SE,0.002242261078208685,0.002242261078208685,-1.2762953042984009
9,cat__WindDir3pm_SSE,0.00487725343555212,0.00487725343555212,-1.2762953042984009
9,cat__WindDir3pm_SSW,0.0012507542269304395,0.0012507542269304395,-1.2762953042984009
9,cat__WindDir3pm_SW,0.00329757621511817,0.00329757621511817,-1.2762953042984009
9,cat__WindDir3pm_W,1.6395177226513624e-05,1.6395177226513624e-05,-1.2762953042984009
9,cat__WindDir3pm_WNW,-0.008502132259309292,0.008502132259309292,-1.2762953042984009
9,cat__WindDir3pm_WSW,0.00027969435905106366,0.00027969435905106366,-1.2762953042984009
9,cat__Season_Autumn,-0.00022359046852216125,0.00022359046852216125,-1.2762953042984009
9,cat__Season_Spring,0.00018247280968353152,0.00018247280968353152,-1.2762953042984009
9,cat__Season_Summer,0.014712733216583729,0.014712733216583729,-1.2762953042984009
9,cat__Season_Winter,-0.005137554835528135,0.005137554835528135,-1.2762953042984009
9,cat__WindIntensityCategory_High,6.083355401642621e-07,6.083355401642621e-07,-1.2762953042984009
9,cat__WindIntensityCategory_Low,-0.0007004101644270122,0.0007004101644270122,-1.2762953042984009
9,cat__WindIntensityCategory_Moderate,-0.003507991088554263,0.003507991088554263,-1.2762953042984009
9,cat__WindIntensityCategory_VeryHigh,0.0,0.0,-1.2762953042984009
9,cat__RainToday_No,0.0,0.0,-1.2762953042984009
9,cat__RainToday_Yes,0.0,0.0,-1.2762953042984009
10,num__MinTemp,0.021196618676185608,0.021196618676185608,-1.2762953042984009
10,num__MaxTemp,-0.05326114222407341,0.05326114222407341,-1.2762953042984009
10,num__Rainfall,0.4323992133140564,0.4323992133140564,-1.2762953042984009
10,num__Evaporation,0.014629391953349113,0.014629391953349113,-1.2762953042984009
10,num__Sunshine,0.15961666405200958,0.15961666405200958,-1.2762953042984009
10,num__WindGustSpeed,-0.32511618733406067,0.32511618733406067,-1.2762953042984009
10,num__WindSpeed9am,-0.007071638945490122,0.007071638945490122,-1.2762953042984009
10,num__WindSpeed3pm,0.04145651310682297,0.04145651310682297,-1.2762953042984009
10,num__Humidity9am,-0.0018154662102460861,0.0018154662102460861,-1.2762953042984009
10,num__Humidity3pm,0.43573904037475586,0.43573904037475586,-1.2762953042984009
10,num__Pressure9am,0.009389985352754593,0.009389985352754593,-1.2762953042984009
10,num__Pressure3pm,-0.26634329557418823,0.26634329557418823,-1.2762953042984009
10,num__Cloud9am,0.021456632763147354,0.021456632763147354,-1.2762953042984009
10,num__Cloud3pm,0.12409722805023193,0.12409722805023193,-1.2762953042984009
10,num__Temp9am,0.029602015390992165,0.029602015390992165,-1.2762953042984009
10,num__Temp3pm,0.008741137571632862,0.008741137571632862,-1.2762953042984009
10,num__TemperatureDifference,0.02435312047600746,0.02435312047600746,-1.2762953042984009
10,num__AverageTemperature,-0.007882495410740376,0.007882495410740376,-1.2762953042984009
10,num__HumidityIndex,0.015559393912553787,0.015559393912553787,-1.2762953042984009
10,num__PressureDifference,-0.11811734735965729,0.11811734735965729,-1.2762953042984009
10,num__Month,0.0007322756573557854,0.0007322756573557854,-1.2762953042984009
10,num__Quarter,0.0,0.0,-1.2762953042984009
10,num__DayOfYear,-0.012291835620999336,0.012291835620999336,-1.2762953042984009
10,num__IsWeekend,-0.0006148384418338537,0.0006148384418338537,-1.2762953042984009
10,num__RainfallIndicator,0.0,0.0,-1.2762953042984009
10,num__RainTodayBinary,0.0,0.0,-1.2762953042984009
10,cat__Location_Adelaide,-0.009132050909101963,0.009132050909101963,-1.2762953042984009
10,cat__Location_Albany,0.0005921864067204297,0.0005921864067204297,-1.2762953042984009
10,cat__Location_Albury,-1.0487907275091857e-05,1.0487907275091857e-05,-1.2762953042984009
10,cat__Location_AliceSprings,-0.0006866044132038951,0.0006866044132038951,-1.2762953042984009
10,cat__Location_BadgerysCreek,-0.0012779119424521923,0.0012779119424521923,-1.2762953042984009
10,cat__Location_Ballarat,0.003715075785294175,0.003715075785294175,-1.2762953042984009
10,cat__Location_Bendigo,-0.0008215766283683479,0.0008215766283683479,-1.2762953042984009
10,cat__Location_Brisbane,-0.01108914241194725,0.01108914241194725,-1.2762953042984009
10,cat__Location_Cairns,-0.00200054538436234,0.00200054538436234,-1.2762953042984009
10,cat__Location_Canberra,-0.0009131727274507284,0.0009131727274507284,-1.2762953042984009
10,cat__Location_Cobar,-0.002082142746075988,0.002082142746075988,-1.2762953042984009
10,cat__Location_CoffsHarbour,-0.008813684806227684,0.008813684806227684,-1.2762953042984009
10,cat__Location_Dartmoor,-0.0006788539467379451,0.0006788539467379451,-1.2762953042984009
10,cat__Location_Darwin,0.007503890432417393,0.007503890432417393,-1.2762953042984009
10,cat__Location_GoldCoast,0.003732223529368639,0.003732223529368639,-1.2762953042984009
10,cat__Location_Hobart,0.008375970646739006,0.008375970646739006,-1.2762953042984009
10,cat__Location_Katherine,0.004948795307427645,0.004948795307427645,-1.2762953042984009
10,cat__Location_Launceston,0.0009181660716421902,0.0009181660716421902,-1.2762953042984009
10,cat__Location_Melbourne,-0.0009891897207126021,0.0009891897207126021,-1.2762953042984009
10,cat__Location_MelbourneAirport,0.00281317625194788,0.00281317625194788,-1.2762953042984009
10,cat__Location_Mildura,4.778730362886563e-05,4.778730362886563e-05,-1.2762953042984009
10,cat__Location_Moree,3.7986777897458524e-05,3.7986777897458524e-05,-1.2762953042984009
10,cat__Location_MountGambier,-0.0003569447435438633,0.0003569447435438633,-1.2762953042984009
10,cat__Location_MountGinini,0.001976117491722107,0.001976117491722107,-1.2762953042984009
10,cat__Location_Newcastle,-3.4636574127944186e-05,3.4636574127944186e-05,-1.2762953042984009
10,cat__Location_Nhil,0.0029292143881320953,0.0029292143881320953,-1.2762953042984009
10,cat__Location_NorahHead,0.015866290777921677,0.015866290777921677,-1.2762953042984009
10,cat__Location_NorfolkIsland,0.0015619482146576047,0.0015619482146576047,-1.2762953042984009
10,cat__Location_Nuriootpa,6.453047535615042e-05,6.453047535615042e-05,-1.2762953042984009
10,cat__Location_PearceRAAF,-0.0017840543296188116,0.0017840543296188116,-1.2762953042984009
10,cat__Location_Penrith,-0.005349020939320326,0.005349020939320326,-1.2762953042984009
10,cat__Location_Perth,-0.002231152728199959,0.002231152728199959,-1.2762953042984009
10,cat__Location_PerthAirport,-0.0011793774319812655,0.0011793774319812655,-1.2762953042984009
10,cat__Location_Portland,-0.000436714239185676,0.000436714239185676,-1.2762953042984009
10,cat__Location_Richmond,-0.0011748193064704537,0.0011748193064704537,-1.2762953042984009
10,cat__Location_Sale,0.0034024796914309263,0.0034024796914309263,-1.2762953042984009
10,cat__Location_SalmonGums,-0.003433618228882551,0.003433618228882551,-1.2762953042984009
10,cat__Location_Sydney,0.27185991406440735,0.27185991406440735,-1.2762953042984009
10,cat__Location_SydneyAirport,4.939644713886082e-05,4.939644713886082e-05,-1.2762953042984009
10,cat__Location_Townsville,0.011961122043430805,0.011961122043430805,-1.2762953042984009
10,cat__Location_Tuggeranong,-0.004679767414927483,0.004679767414927483,-1.2762953042984009
10,cat__Location_Uluru,-9.26809516386129e-05,9.26809516386129e-05,-1.2762953042984009
10,cat__Location_WaggaWagga,-0.0016910751583054662,0.0016910751583054662,-1.2762953042984009
10,cat__Location_Walpole,-0.00124608154874295,0.00124608154874295,-1.2762953042984009
10,cat__Location_Watsonia,0.00040206703124567866,0.00040206703124567866,-1.2762953042984009
10,cat__Location_Williamtown,-0.004966113716363907,0.004966113716363907,-1.2762953042984009
10,cat__Location_Witchcliffe,-0.011067168787121773,0.011067168787121773,-1.2762953042984009
10,cat__Location_Wollongong,0.010472819209098816,0.010472819209098816,-1.2762953042984009
10,cat__Location_Woomera,0.0017200640868395567,0.0017200640868395567,-1.2762953042984009
10,cat__WindGustDir_E,0.0006135477451607585,0.0006135477451607585,-1.2762953042984009
10,cat__WindGustDir_ENE,-0.00020699048764072359,0.00020699048764072359,-1.2762953042984009
10,cat__WindGustDir_ESE,0.0016264172736555338,0.0016264172736555338,-1.2762953042984009
10,cat__WindGustDir_N,-0.0007863503415137529,0.0007863503415137529,-1.2762953042984009
10,cat__WindGustDir_NE,0.00020112126367166638,0.00020112126367166638,-1.2762953042984009
10,cat__WindGustDir_NNE,-0.0001530210138298571,0.0001530210138298571,-1.2762953042984009
10,cat__WindGustDir_NNW,-0.00020973925711587071,0.00020973925711587071,-1.2762953042984009
10,cat__WindGustDir_NW,-0.00035256880801171064,0.00035256880801171064,-1.2762953042984009
10,cat__WindGustDir_S,-2.9568454920081422e-05,2.9568454920081422e-05,-1.2762953042984009
10,cat__WindGustDir_SE,-0.0005865531275048852,0.0005865531275048852,-1.2762953042984009
10,cat__WindGustDir_SSE,-0.00010709846537793055,0.00010709846537793055,-1.2762953042984009
10,cat__WindGustDir_SSW,0.00014455048949457705,0.00014455048949457705,-1.2762953042984009
10,cat__WindGustDir_SW,-0.00012223029625602067,0.00012223029625602067,-1.2762953042984009
10,cat__WindGustDir_W,-0.0005505586159415543,0.0005505586159415543,-1.2762953042984009
10,cat__WindGustDir_WNW,-5.002943362342194e-05,5.002943362342194e-05,-1.2762953042984009
10,cat__WindGustDir_WSW,-7.899143383838236e-08,7.899143383838236e-08,-1.2762953042984009
10,cat__WindDir9am_E,0.0007600270910188556,0.0007600270910188556,-1.2762953042984009
10,cat__WindDir9am_ENE,-0.0005637850263155997,0.0005637850263155997,-1.2762953042984009
10,cat__WindDir9am_ESE,0.0029510455206036568,0.0029510455206036568,-1.2762953042984009
10,cat__WindDir9am_N,-0.017173223197460175,0.017173223197460175,-1.2762953042984009
10,cat__WindDir9am_NE,-0.0010913772275671363,0.0010913772275671363,-1.2762953042984009
10,cat__WindDir9am_NNE,-0.007820399478077888,0.007820399478077888,-1.2762953042984009
10,cat__WindDir9am_NNW,6.694385956507176e-05,6.694385956507176e-05,-1.2762953042984009
10,cat__WindDir9am_NW,-0.0010526771657168865,0.0010526771657168865,-1.2762953042984009
10,cat__WindDir9am_S,0.009367034770548344,0.009367034770548344,-1.2762953042984009
10,cat__WindDir9am_SE,5.397962013375945e-06,5.397962013375945e-06,-1.2762953042984009
10,cat__WindDir9am_SSE,0.006963414140045643,0.006963414140045643,-1.2762953042984009
10,cat__WindDir9am_SSW,0.0017070624744519591,0.0017070624744519591,-1.2762953042984009
10,cat__WindDir9am_SW,-0.0001493661548011005,0.0001493661548011005,-1.2762953042984009
10,cat__WindDir9am_W,0.0005427378928288817,0.0005427378928288817,-1.2762953042984009
10,cat__WindDir9am_WNW,2.34959225053899e-06,2.34959225053899e-06,-1.2762953042984009
10,cat__WindDir9am_WSW,3.2882853702176362e-06,3.2882853702176362e-06,-1.2762953042984009
10,cat__WindDir3pm_E,0.0008671724353916943,0.0008671724353916943,-1.2762953042984009
10,cat__WindDir3pm_ENE,-9.109151142183691e-05,9.109151142183691e-05,-1.2762953042984009
10,cat__WindDir3pm_ESE,-0.0185126643627882,0.0185126643627882,-1.2762953042984009
10,cat__WindDir3pm_N,-0.002455680863931775,0.002455680863931775,-1.2762953042984009
10,cat__WindDir3pm_NE,0.00042736093746498227,0.00042736093746498227,-1.2762953042984009
10,cat__WindDir3pm_NNE,-0.00023500046518165618,0.00023500046518165618,-1.2762953042984009
10,cat__WindDir3pm_NNW,-0.009227516129612923,0.009227516129612923,-1.2762953042984009
10,cat__WindDir3pm_NW,-0.0062549905851483345,0.0062549905851483345,-1.2762953042984009
10,cat__WindDir3pm_S,-0.00021968534565530717,0.00021968534565530717,-1.2762953042984009
10,cat__WindDir3pm_SE,-4.96843786095269e-05,4.96843786095269e-05,-1.2762953042984009
10,cat__WindDir3pm_SSE,-0.006252472288906574,0.006252472288906574,-1.2762953042984009
10,cat__WindDir3pm_SSW,-0.00212312419898808,0.00212312419898808,-1.2762953042984009
10,cat__WindDir3pm_SW,0.002085864543914795,0.002085864543914795,-1.2762953042984009
10,cat__WindDir3pm_W,-0.00010067902621813118,0.00010067902621813118,-1.2762953042984009
10,cat__WindDir3pm_WNW,-0.00792224146425724,0.00792224146425724,-1.2762953042984009
10,cat__WindDir3pm_WSW,0.00016074767336249352,0.00016074767336249352,-1.2762953042984009
10,cat__Season_Autumn,0.01243507582694292,0.01243507582694292,-1.2762953042984009
10,cat__Season_Spring,0.0001936265907716006,0.0001936265907716006,-1.2762953042984009
10,cat__Season_Summer,0.011473233811557293,0.011473233811557293,-1.2762953042984009
10,cat__Season_Winter,0.00047620999976061285,0.00047620999976061285,-1.2762953042984009
10,cat__WindIntensityCategory_High,4.524917312664911e-05,4.524917312664911e-05,-1.2762953042984009
10,cat__WindIntensityCategory_Low,0.003551791189238429,0.003551791189238429,-1.2762953042984009
10,cat__WindIntensityCategory_Moderate,-0.004688872955739498,0.004688872955739498,-1.2762953042984009
10,cat__WindIntensityCategory_VeryHigh,0.0,0.0,-1.2762953042984009
10,cat__RainToday_No,0.0,0.0,-1.2762953042984009
10,cat__RainToday_Yes,0.0,0.0,-1.2762953042984009
11,num__MinTemp,-0.006672152318060398,0.006672152318060398,-1.2762953042984009
11,num__MaxTemp,0.040613479912281036,0.040613479912281036,-1.2762953042984009
11,num__Rainfall,0.16547930240631104,0.16547930240631104,-1.2762953042984009
11,num__Evaporation,0.012121079489588737,0.012121079489588737,-1.2762953042984009
11,num__Sunshine,-0.009409048594534397,0.009409048594534397,-1.2762953042984009
11,num__WindGustSpeed,-0.05597987398505211,0.05597987398505211,-1.2762953042984009
11,num__WindSpeed9am,0.054362133145332336,0.054362133145332336,-1.2762953042984009
11,num__WindSpeed3pm,-0.030442332848906517,0.030442332848906517,-1.2762953042984009
11,num__Humidity9am,-0.003491498762741685,0.003491498762741685,-1.2762953042984009
11,num__Humidity3pm,-0.19194857776165009,0.19194857776165009,-1.2762953042984009
11,num__Pressure9am,0.016322718933224678,0.016322718933224678,-1.2762953042984009
11,num__Pressure3pm,0.19350935518741608,0.19350935518741608,-1.2762953042984009
11,num__Cloud9am,0.017040740698575974,0.017040740698575974,-1.2762953042984009
11,num__Cloud3pm,-0.047776151448488235,0.047776151448488235,-1.2762953042984009
11,num__Temp9am,-0.007090579718351364,0.007090579718351364,-1.2762953042984009
11,num__Temp3pm,0.006428477820008993,0.006428477820008993,-1.2762953042984009
11,num__TemperatureDifference,-0.013708465732634068,0.013708465732634068,-1.2762953042984009
11,num__AverageTemperature,0.026094725355505943,0.026094725355505943,-1.2762953042984009
11,num__HumidityIndex,0.059347573667764664,0.059347573667764664,-1.2762953042984009
11,num__PressureDifference,0.1678653061389923,0.1678653061389923,-1.2762953042984009
11,num__Month,-0.0008853565086610615,0.0008853565086610615,-1.2762953042984009
11,num__Quarter,0.0,0.0,-1.2762953042984009
11,num__DayOfYear,0.04445529356598854,0.04445529356598854,-1.2762953042984009
11,num__IsWeekend,-0.0009552139090374112,0.0009552139090374112,-1.2762953042984009
11,num__RainfallIndicator,0.0,0.0,-1.2762953042984009
11,num__RainTodayBinary,0.0,0.0,-1.2762953042984009
11,cat__Location_Adelaide,-0.007945301942527294,0.007945301942527294,-1.2762953042984009
11,cat__Location_Albany,-1.799342135200277e-05,1.799342135200277e-05,-1.2762953042984009
11,cat__Location_Albury,0.22410492599010468,0.22410492599010468,-1.2762953042984009
11,cat__Location_AliceSprings,6.514729466289282e-05,6.514729466289282e-05,-1.2762953042984009
11,cat__Location_BadgerysCreek,-0.0014488303568214178,0.0014488303568214178,-1.2762953042984009
11,cat__Location_Ballarat,0.0024798212107270956,0.0024798212107270956,-1.2762953042984009
11,cat__Location_Bendigo,-0.001606060191988945,0.001606060191988945,-1.2762953042984009
11,cat__Location_Brisbane,-0.007218279410153627,0.007218279410153627,-1.2762953042984009
11,cat__Location_Cairns,-0.0009491684613749385,0.0009491684613749385,-1.2762953042984009
11,cat__Location_Canberra,0.0008637430146336555,0.0008637430146336555,-1.2762953042984009
11,cat__Location_Cobar,-0.0011723301140591502,0.0011723301140591502,-1.2762953042984009
11,cat__Location_CoffsHarbour,0.002434750087559223,0.002434750087559223,-1.2762953042984009
11,cat__Location_Dartmoor,-0.0016012709820643067,0.0016012709820643067,-1.2762953042984009
11,cat__Location_Darwin,0.010045245289802551,0.010045245289802551,-1.2762953042984009
11,cat__Location_GoldCoast,0.0038253783714026213,0.0038253783714026213,-1.2762953042984009
11,cat__Location_Hobart,0.008354226127266884,0.008354226127266884,-1.2762953042984009
11,cat__Location_Katherine,0.005403437186032534,0.005403437186032534,-1.2762953042984009
11,cat__Location_Launceston,0.0011579478159546852,0.0011579478159546852,-1.2762953042984009
11,cat__Location_Melbourne,-0.001315880799666047,0.001315880799666047,-1.2762953042984009
11,cat__Location_MelbourneAirport,0.003079637186601758,0.003079637186601758,-1.2762953042984009
11,cat__Location_Mildura,0.0006269540172070265,0.0006269540172070265,-1.2762953042984009
11,cat__Location_Moree,0.00044204859295859933,0.00044204859295859933,-1.2762953042984009
11,cat__Location_MountGambier,-0.0008992809453047812,0.0008992809453047812,-1.2762953042984009
11,cat__Location_MountGinini,0.00444864621385932,0.00444864621385932,-1.2762953042984009
11,cat__Location_Newcastle,-3.4636574127944186e-05,3.4636574127944186e-05,-1.2762953042984009
11,cat__Location_Nhil,0.0007194184581749141,0.0007194184581749141,-1.2762953042984009
11,cat__Location_NorahHead,0.010939807631075382,0.010939807631075382,-1.2762953042984009
11,cat__Location_NorfolkIsland,0.00119499780703336,0.00119499780703336,-1.2762953042984009
11,cat__Location_Nuriootpa,3.426570037845522e-05,3.426570037845522e-05,-1.2762953042984009
11,cat__Location_PearceRAAF,-0.00649464875459671,0.00649464875459671,-1.2762953042984009
11,cat__Location_Penrith,-0.0025643864646553993,0.0025643864646553993,-1.2762953042984009
11,cat__Location_Perth,-0.014545709826052189,0.014545709826052189,-1.2762953042984009
11,cat__Location_PerthAirport,-0.009167656302452087,0.009167656302452087,-1.2762953042984009
11,cat__Location_Portland,-0.001014488167129457,0.001014488167129457,-1.2762953042984009
11,cat__Location_Richmond,-0.0003028242790605873,0.0003028242790605873,-1.2762953042984009
11,cat__Location_Sale,0.006551631260663271,0.006551631260663271,-1.2762953042984009
11,cat__Location_SalmonGums,-0.006051377393305302,0.006051377393305302,-1.2762953042984009
11,cat__Location_Sydney,-0.0016100341454148293,0.0016100341454148293,-1.2762953042984009
11,cat__Location_SydneyAirport,0.0008071557967923582,0.0008071557967923582,-1.2762953042984009
11,cat__Location_Townsville,0.017196662724018097,0.017196662724018097,-1.2762953042984009
11,cat__Location_Tuggeranong,-0.0036507975310087204,0.0036507975310087204,-1.2762953042984009
11,cat__Location_Uluru,0.00017736776499077678,0.00017736776499077678,-1.2762953042984009
11,cat__Location_WaggaWagga,-0.004391839262098074,0.004391839262098074,-1.2762953042984009
11,cat__Location_Walpole,-0.0024084877222776413,0.0024084877222776413,-1.2762953042984009
11,cat__Location_Watsonia,0.00048022405826486647,0.00048022405826486647,-1.2762953042984009
11,cat__Location_Williamtown,-0.0023663758765906096,0.0023663758765906096,-1.2762953042984009
11,cat__Location_Witchcliffe,-0.015431961975991726,0.015431961975991726,-1.2762953042984009
11,cat__Location_Wollongong,0.016216285526752472,0.016216285526752472,-1.2762953042984009
11,cat__Location_Woomera,0.001362590934149921,0.001362590934149921,-1.2762953042984009
11,cat__WindGustDir_E,0.0004141246317885816,0.0004141246317885816,-1.2762953042984009
11,cat__WindGustDir_ENE,-9.851013601291925e-05,9.851013601291925e-05,-1.2762953042984009
11,cat__WindGustDir_ESE,-9.070124360732734e-05,9.070124360732734e-05,-1.2762953042984009
11,cat__WindGustDir_N,-0.000382301484933123,0.000382301484933123,-1.2762953042984009
11,cat__WindGustDir_NE,-0.007134856190532446,0.007134856190532446,-1.2762953042984009
11,cat__WindGustDir_NNE,-0.009587880223989487,0.009587880223989487,-1.2762953042984009
11,cat__WindGustDir_NNW,-0.0002325449895579368,0.0002325449895579368,-1.2762953042984009
11,cat__WindGustDir_NW,0.002524979878216982,0.002524979878216982,-1.2762953042984009
11,cat__WindGustDir_S,-2.263373608002439e-05,2.263373608002439e-05,-1.2762953042984009
11,cat__WindGustDir_SE,-0.0004293917154427618,0.0004293917154427618,-1.2762953042984009
11,cat__WindGustDir_SSE,6.374058284563944e-05,6.374058284563944e-05,-1.2762953042984009
11,cat__WindGustDir_SSW,0.00012815691297873855,0.00012815691297873855,-1.2762953042984009
11,cat__WindGustDir_SW,-3.053549153264612e-05,3.053549153264612e-05,-1.2762953042984009
11,cat__WindGustDir_W,-0.0007990245940163732,0.0007990245940163732,-1.2762953042984009
11,cat__WindGustDir_WNW,-0.00010087106784339994,0.00010087106784339994,-1.2762953042984009
11,cat__WindGustDir_WSW,0.003279278287664056,0.003279278287664056,-1.2762953042984009
11,cat__WindDir9am_E,0.001083108363673091,0.001083108363673091,-1.2762953042984009
11,cat__WindDir9am_ENE,-0.0016656267689540982,0.0016656267689540982,-1.2762953042984009
11,cat__WindDir9am_ESE,0.0023153002839535475,0.0023153002839535475,-1.2762953042984009
11,cat__WindDir9am_N,-0.015037164092063904,0.015037164092063904,-1.2762953042984009
11,cat__WindDir9am_NE,-0.001297495444305241,0.001297495444305241,-1.2762953042984009
11,cat__WindDir9am_NNE,-0.00954795628786087,0.00954795628786087,-1.2762953042984009
11,cat__WindDir9am_NNW,0.0002426837891107425,0.0002426837891107425,-1.2762953042984009
11,cat__WindDir9am_NW,-0.00011628640640992671,0.00011628640640992671,-1.2762953042984009
11,cat__WindDir9am_S,0.007605057675391436,0.007605057675391436,-1.2762953042984009
11,cat__WindDir9am_SE,5.397962013375945e-06,5.397962013375945e-06,-1.2762953042984009
11,cat__WindDir9am_SSE,0.008271878585219383,0.008271878585219383,-1.2762953042984009
11,cat__WindDir9am_SSW,0.0018037756672129035,0.0018037756672129035,-1.2762953042984009
11,cat__WindDir9am_SW,-9.907330968417227e-05,9.907330968417227e-05,-1.2762953042984009
11,cat__WindDir9am_W,0.007719332817941904,0.007719332817941904,-1.2762953042984009
11,cat__WindDir9am_WNW,-0.0006781427655369043,0.0006781427655369043,-1.2762953042984009
11,cat__WindDir9am_WSW,1.9780800357693806e-05,1.9780800357693806e-05,-1.2762953042984009
11,cat__WindDir3pm_E,0.0008679296588525176,0.0008679296588525176,-1.2762953042984009
11,cat__WindDir3pm_ENE,-0.00017421794473193586,0.00017421794473193586,-1.2762953042984009
11,cat__WindDir3pm_ESE,-2.1686573745682836e-06,2.1686573745682836e-06,-1.2762953042984009
11,cat__WindDir3pm_N,-0.002253902843222022,0.002253902843222022,-1.2762953042984009
11,cat__WindDir3pm_NE,9.728528675623238e-05,9.728528675623238e-05,-1.2762953042984009
11,cat__WindDir3pm_NNE,-0.00031015428248792887,0.00031015428248792887,-1.2762953042984009
11,cat__WindDir3pm_NNW,-0.011337467469274998,0.011337467469274998,-1.2762953042984009
11,cat__WindDir3pm_NW,0.140077605843544,0.140077605843544,-1.2762953042984009
11,cat__WindDir3pm_S,-0.00014015666965860873,0.00014015666965860873,-1.2762953042984009
11,cat__WindDir3pm_SE,-0.00012427275942172855,0.00012427275942172855,-1.2762953042984009
11,cat__WindDir3pm_SSE,0.010161892510950565,0.010161892510950565,-1.2762953042984009
11,cat__WindDir3pm_SSW,0.004610070958733559,0.004610070958733559,-1.2762953042984009
11,cat__WindDir3pm_SW,0.003154536010697484,0.003154536010697484,-1.2762953042984009
11,cat__WindDir3pm_W,0.022160321474075317,0.022160321474075317,-1.2762953042984009
11,cat__WindDir3pm_WNW,-0.005377506837248802,0.005377506837248802,-1.2762953042984009
11,cat__WindDir3pm_WSW,0.0036317389458417892,0.0036317389458417892,-1.2762953042984009
11,cat__Season_Autumn,-0.0013132793828845024,0.0013132793828845024,-1.2762953042984009
11,cat__Season_Spring,0.0002171672385884449,0.0002171672385884449,-1.2762953042984009
11,cat__Season_Summer,0.013787240721285343,0.013787240721285343,-1.2762953042984009
11,cat__Season_Winter,0.0011361303040757775,0.0011361303040757775,-1.2762953042984009
11,cat__WindIntensityCategory_High,2.5962330255424604e-05,2.5962330255424604e-05,-1.2762953042984009
11,cat__WindIntensityCategory_Low,-0.000704853271599859,0.000704853271599859,-1.2762953042984009
11,cat__WindIntensityCategory_Moderate,-0.002603937406092882,0.002603937406092882,-1.2762953042984009
11,cat__WindIntensityCategory_VeryHigh,0.0,0.0,-1.2762953042984009
11,cat__RainToday_No,0.0,0.0,-1.2762953042984009
11,cat__RainToday_Yes,0.0,0.0,-1.2762953042984009
12,num__MinTemp,-0.16313321888446808,0.16313321888446808,-1.2762953042984009
12,num__MaxTemp,0.048738718032836914,0.048738718032836914,-1.2762953042984009
12,num__Rainfall,0.02599472738802433,0.02599472738802433,-1.2762953042984009
12,num__Evaporation,0.011223002336919308,0.011223002336919308,-1.2762953042984009
12,num__Sunshine,-0.40898680686950684,0.40898680686950684,-1.2762953042984009
12,num__WindGustSpeed,-0.3869841992855072,0.3869841992855072,-1.2762953042984009
12,num__WindSpeed9am,0.004854569211602211,0.004854569211602211,-1.2762953042984009
12,num__WindSpeed3pm,-0.007148386910557747,0.007148386910557747,-1.2762953042984009
12,num__Humidity9am,0.017711086198687553,0.017711086198687553,-1.2762953042984009
12,num__Humidity3pm,-0.6308404207229614,0.6308404207229614,-1.2762953042984009
12,num__Pressure9am,-0.09216747432947159,0.09216747432947159,-1.2762953042984009
12,num__Pressure3pm,-0.5549848079681396,0.5549848079681396,-1.2762953042984009
12,num__Cloud9am,0.0417846143245697,0.0417846143245697,-1.2762953042984009
12,num__Cloud3pm,-0.299649178981781,0.299649178981781,-1.2762953042984009
12,num__Temp9am,-0.3043200671672821,0.3043200671672821,-1.2762953042984009
12,num__Temp3pm,0.034086424857378006,0.034086424857378006,-1.2762953042984009
12,num__TemperatureDifference,-0.07486674189567566,0.07486674189567566,-1.2762953042984009
12,num__AverageTemperature,0.04880344122648239,0.04880344122648239,-1.2762953042984009
12,num__HumidityIndex,0.01792469248175621,0.01792469248175621,-1.2762953042984009
12,num__PressureDifference,-0.08693065494298935,0.08693065494298935,-1.2762953042984009
12,num__Month,-0.0009108638623729348,0.0009108638623729348,-1.2762953042984009
12,num__Quarter,0.0,0.0,-1.2762953042984009
12,num__DayOfYear,0.08097232133150101,0.08097232133150101,-1.2762953042984009
12,num__IsWeekend,-0.0009421713184565306,0.0009421713184565306,-1.2762953042984009
12,num__RainfallIndicator,0.0,0.0,-1.2762953042984009
12,num__RainTodayBinary,0.0,0.0,-1.2762953042984009
12,cat__Location_Adelaide,-0.012740766629576683,0.012740766629576683,-1.2762953042984009
12,cat__Location_Albany,-8.442854596069083e-05,8.442854596069083e-05,-1.2762953042984009
12,cat__Location_Albury,-0.007114875130355358,0.007114875130355358,-1.2762953042984009
12,cat__Location_AliceSprings,0.0021814159117639065,0.0021814159117639065,-1.2762953042984009
12,cat__Location_BadgerysCreek,-0.0007150392630137503,0.0007150392630137503,-1.2762953042984009
12,cat__Location_Ballarat,0.0056506674736738205,0.0056506674736738205,-1.2762953042984009
12,cat__Location_Bendigo,-0.0006108804373070598,0.0006108804373070598,-1.2762953042984009
12,cat__Location_Brisbane,-0.012688161805272102,0.012688161805272102,-1.2762953042984009
12,cat__Location_Cairns,-0.002058614045381546,0.002058614045381546,-1.2762953042984009
12,cat__Location_Canberra,0.0010011191479861736,0.0010011191479861736,-1.2762953042984009
12,cat__Location_Cobar,0.0008933418430387974,0.0008933418430387974,-1.2762953042984009
12,cat__Location_CoffsHarbour,-0.002644485095515847,0.002644485095515847,-1.2762953042984009
12,cat__Location_Dartmoor,-0.0029294947162270546,0.0029294947162270546,-1.2762953042984009
12,cat__Location_Darwin,0.00716994097456336,0.00716994097456336,-1.2762953042984009
12,cat__Location_GoldCoast,0.004339369013905525,0.004339369013905525,-1.2762953042984009
12,cat__Location_Hobart,-0.28561824560165405,0.28561824560165405,-1.2762953042984009
12,cat__Location_Katherine,0.004781464580446482,0.004781464580446482,-1.2762953042984009
12,cat__Location_Launceston,0.0013568124268203974,0.0013568124268203974,-1.2762953042984009
12,cat__Location_Melbourne,-0.0004279606509953737,0.0004279606509953737,-1.2762953042984009
12,cat__Location_MelbourneAirport,0.003253310453146696,0.003253310453146696,-1.2762953042984009
12,cat__Location_Mildura,0.00020048148871865124,0.00020048148871865124,-1.2762953042984009
12,cat__Location_Moree,0.00044204859295859933,0.00044204859295859933,-1.2762953042984009
12,cat__Location_MountGambier,-0.0008589517674408853,0.0008589517674408853,-1.2762953042984009
12,cat__Location_MountGinini,0.00846802070736885,0.00846802070736885,-1.2762953042984009
12,cat__Location_Newcastle,-3.463657048996538e-05,3.463657048996538e-05,-1.2762953042984009
12,cat__Location_Nhil,0.001646011951379478,0.001646011951379478,-1.2762953042984009
12,cat__Location_NorahHead,0.001085688709281385,0.001085688709281385,-1.2762953042984009
12,cat__Location_NorfolkIsland,0.0011534328805282712,0.0011534328805282712,-1.2762953042984009
12,cat__Location_Nuriootpa,6.453047535615042e-05,6.453047535615042e-05,-1.2762953042984009
12,cat__Location_PearceRAAF,-0.0033837074879556894,0.0033837074879556894,-1.2762953042984009
12,cat__Location_Penrith,-0.003180094761773944,0.003180094761773944,-1.2762953042984009
12,cat__Location_Perth,-0.008251151069998741,0.008251151069998741,-1.2762953042984009
12,cat__Location_PerthAirport,-0.003776914207264781,0.003776914207264781,-1.2762953042984009
12,cat__Location_Portland,-0.0024195569567382336,0.0024195569567382336,-1.2762953042984009
12,cat__Location_Richmond,-0.001407278818078339,0.001407278818078339,-1.2762953042984009
12,cat__Location_Sale,0.005346902180463076,0.005346902180463076,-1.2762953042984009
12,cat__Location_SalmonGums,-0.004906283691525459,0.004906283691525459,-1.2762953042984009
12,cat__Location_Sydney,-0.009421667084097862,0.009421667084097862,-1.2762953042984009
12,cat__Location_SydneyAirport,4.939644713886082e-05,4.939644713886082e-05,-1.2762953042984009
12,cat__Location_Townsville,0.0158408060669899,0.0158408060669899,-1.2762953042984009
12,cat__Location_Tuggeranong,-0.002876633545383811,0.002876633545383811,-1.2762953042984009
12,cat__Location_Uluru,0.00017736776499077678,0.00017736776499077678,-1.2762953042984009
12,cat__Location_WaggaWagga,-0.001096929656341672,0.001096929656341672,-1.2762953042984009
12,cat__Location_Walpole,-0.000817928637843579,0.000817928637843579,-1.2762953042984009
12,cat__Location_Watsonia,0.00032007772824727,0.00032007772824727,-1.2762953042984009
12,cat__Location_Williamtown,-0.02149083837866783,0.02149083837866783,-1.2762953042984009
12,cat__Location_Witchcliffe,-0.010546749457716942,0.010546749457716942,-1.2762953042984009
12,cat__Location_Wollongong,0.007219776976853609,0.007219776976853609,-1.2762953042984009
12,cat__Location_Woomera,0.002081852173432708,0.002081852173432708,-1.2762953042984009
12,cat__WindGustDir_E,0.00040956935845315456,0.00040956935845315456,-1.2762953042984009
12,cat__WindGustDir_ENE,-0.00010553680476732552,0.00010553680476732552,-1.2762953042984009
12,cat__WindGustDir_ESE,-3.57248391082976e-05,3.57248391082976e-05,-1.2762953042984009
12,cat__WindGustDir_N,0.004069401416927576,0.004069401416927576,-1.2762953042984009
12,cat__WindGustDir_NE,-0.001314443303272128,0.001314443303272128,-1.2762953042984009
12,cat__WindGustDir_NNE,-7.023339276202023e-05,7.023339276202023e-05,-1.2762953042984009
12,cat__WindGustDir_NNW,-0.0007872776477597654,0.0007872776477597654,-1.2762953042984009
12,cat__WindGustDir_NW,-0.0003502881445456296,0.0003502881445456296,-1.2762953042984009
12,cat__WindGustDir_S,9.657269401941448e-06,9.657269401941448e-06,-1.2762953042984009
12,cat__WindGustDir_SE,-0.005930711515247822,0.005930711515247822,-1.2762953042984009
12,cat__WindGustDir_SSE,-6.92970643285662e-05,6.92970643285662e-05,-1.2762953042984009
12,cat__WindGustDir_SSW,0.00016011764819268137,0.00016011764819268137,-1.2762953042984009
12,cat__WindGustDir_SW,-8.817265188554302e-05,8.817265188554302e-05,-1.2762953042984009
12,cat__WindGustDir_W,-0.0008650183444842696,0.0008650183444842696,-1.2762953042984009
12,cat__WindGustDir_WNW,-0.0002636040735524148,0.0002636040735524148,-1.2762953042984009
12,cat__WindGustDir_WSW,-7.899974298197776e-05,7.899974298197776e-05,-1.2762953042984009
12,cat__WindDir9am_E,0.0012419578852131963,0.0012419578852131963,-1.2762953042984009
12,cat__WindDir9am_ENE,-0.014258643612265587,0.014258643612265587,-1.2762953042984009
12,cat__WindDir9am_ESE,0.0028561963699758053,0.0028561963699758053,-1.2762953042984009
12,cat__WindDir9am_N,-0.009307638742029667,0.009307638742029667,-1.2762953042984009
12,cat__WindDir9am_NE,-0.0022713495418429375,0.0022713495418429375,-1.2762953042984009
12,cat__WindDir9am_NNE,-0.00043613521847873926,0.00043613521847873926,-1.2762953042984009
12,cat__WindDir9am_NNW,0.003147013019770384,0.003147013019770384,-1.2762953042984009
12,cat__WindDir9am_NW,-0.0011028337758034468,0.0011028337758034468,-1.2762953042984009
12,cat__WindDir9am_S,0.014012210071086884,0.014012210071086884,-1.2762953042984009
12,cat__WindDir9am_SE,5.397962013375945e-06,5.397962013375945e-06,-1.2762953042984009
12,cat__WindDir9am_SSE,0.008492414839565754,0.008492414839565754,-1.2762953042984009
12,cat__WindDir9am_SSW,0.0014622403541579843,0.0014622403541579843,-1.2762953042984009
12,cat__WindDir9am_SW,-0.0001618534734006971,0.0001618534734006971,-1.2762953042984009
12,cat__WindDir9am_W,-0.0011626852210611105,0.0011626852210611105,-1.2762953042984009
12,cat__WindDir9am_WNW,-3.146305971313268e-05,3.146305971313268e-05,-1.2762953042984009
12,cat__WindDir9am_WSW,2.635665805428289e-05,2.635665805428289e-05,-1.2762953042984009
12,cat__WindDir3pm_E,0.0013767326017841697,0.0013767326017841697,-1.2762953042984009
12,cat__WindDir3pm_ENE,-0.00012846825120504946,0.00012846825120504946,-1.2762953042984009
12,cat__WindDir3pm_ESE,0.00030727460398338735,0.00030727460398338735,-1.2762953042984009
12,cat__WindDir3pm_N,-0.002159744966775179,0.002159744966775179,-1.2762953042984009
12,cat__WindDir3pm_NE,-0.00027964706532657146,0.00027964706532657146,-1.2762953042984009
12,cat__WindDir3pm_NNE,0.0066398573108017445,0.0066398573108017445,-1.2762953042984009
12,cat__WindDir3pm_NNW,-0.005024102050811052,0.005024102050811052,-1.2762953042984009
12,cat__WindDir3pm_NW,0.0015605062944814563,0.0015605062944814563,-1.2762953042984009
12,cat__WindDir3pm_S,-0.00012055715342285112,0.00012055715342285112,-1.2762953042984009
12,cat__WindDir3pm_SE,-9.59267927100882e-05,9.59267927100882e-05,-1.2762953042984009
12,cat__WindDir3pm_SSE,0.007186618633568287,0.007186618633568287,-1.2762953042984009
12,cat__WindDir3pm_SSW,0.004228853154927492,0.004228853154927492,-1.2762953042984009
12,cat__WindDir3pm_SW,0.004506110213696957,0.004506110213696957,-1.2762953042984009
12,cat__WindDir3pm_W,-3.414085949771106e-05,3.414085949771106e-05,-1.2762953042984009
12,cat__WindDir3pm_WNW,-0.008035510778427124,0.008035510778427124,-1.2762953042984009
12,cat__WindDir3pm_WSW,0.0006754557834938169,0.0006754557834938169,-1.2762953042984009
12,cat__Season_Autumn,0.0011510900221765041,0.0011510900221765041,-1.2762953042984009
12,cat__Season_Spring,0.00017925904830917716,0.00017925904830917716,-1.2762953042984009
12,cat__Season_Summer,0.004942361731082201,0.004942361731082201,-1.2762953042984009
12,cat__Season_Winter,-0.1297295242547989,0.1297295242547989,-1.2762953042984009
12,cat__WindIntensityCategory_High,2.5962330255424604e-05,2.5962330255424604e-05,-1.2762953042984009
12,cat__WindIntensityCategory_Low,-0.00039751309668645263,0.00039751309668645263,-1.2762953042984009
12,cat__WindIntensityCategory_Moderate,-0.0037035085260868073,0.0037035085260868073,-1.2762953042984009
12,cat__WindIntensityCategory_VeryHigh,0.0,0.0,-1.2762953042984009
12,cat__RainToday_No,0.0,0.0,-1.2762953042984009
12,cat__RainToday_Yes,0.0,0.0,-1.2762953042984009
13,num__MinTemp,-0.16592341661453247,0.16592341661453247,-1.2762953042984009
13,num__MaxTemp,0.029100259765982628,0.029100259765982628,-1.2762953042984009
13,num__Rainfall,0.06971237063407898,0.06971237063407898,-1.2762953042984009
13,num__Evaporation,-0.0509297177195549,0.0509297177195549,-1.2762953042984009
13,num__Sunshine,0.22610707581043243,0.22610707581043243,-1.2762953042984009
13,num__WindGustSpeed,-1.3889780044555664,1.3889780044555664,-1.2762953042984009
13,num__WindSpeed9am,-0.009579039178788662,0.009579039178788662,-1.2762953042984009
13,num__WindSpeed3pm,0.017031094059348106,0.017031094059348106,-1.2762953042984009
13,num__Humidity9am,0.021219953894615173,0.021219953894615173,-1.2762953042984009
13,num__Humidity3pm,0.28048232197761536,0.28048232197761536,-1.2762953042984009
13,num__Pressure9am,-0.45541664958000183,0.45541664958000183,-1.2762953042984009
13,num__Pressure3pm,-0.9965277910232544,0.9965277910232544,-1.2762953042984009
13,num__Cloud9am,0.002951679052785039,0.002951679052785039,-1.2762953042984009
13,num__Cloud3pm,-0.041181594133377075,0.041181594133377075,-1.2762953042984009
13,num__Temp9am,-0.14034289121627808,0.14034289121627808,-1.2762953042984009
13,num__Temp3pm,-0.00048544449964538217,0.00048544449964538217,-1.2762953042984009
13,num__TemperatureDifference,-0.09119213372468948,0.09119213372468948,-1.2762953042984009
13,num__AverageTemperature,0.0012225518003106117,0.0012225518003106117,-1.2762953042984009
13,num__HumidityIndex,0.06924054026603699,0.06924054026603699,-1.2762953042984009
13,num__PressureDifference,0.14718706905841827,0.14718706905841827,-1.2762953042984009
13,num__Month,0.0008608037605881691,0.0008608037605881691,-1.2762953042984009
13,num__Quarter,0.0,0.0,-1.2762953042984009
13,num__DayOfYear,-0.018842771649360657,0.018842771649360657,-1.2762953042984009
13,num__IsWeekend,-0.0008806161931715906,0.0008806161931715906,-1.2762953042984009
13,num__RainfallIndicator,0.0,0.0,-1.2762953042984009
13,num__RainTodayBinary,0.0,0.0,-1.2762953042984009
13,cat__Location_Adelaide,-0.006438469048589468,0.006438469048589468,-1.2762953042984009
13,cat__Location_Albany,-7.84388612373732e-05,7.84388612373732e-05,-1.2762953042984009
13,cat__Location_Albury,-0.003386104479432106,0.003386104479432106,-1.2762953042984009
13,cat__Location_AliceSprings,0.002415422350168228,0.002415422350168228,-1.2762953042984009
13,cat__Location_BadgerysCreek,-0.007474141661077738,0.007474141661077738,-1.2762953042984009
13,cat__Location_Ballarat,0.006572045385837555,0.006572045385837555,-1.2762953042984009
13,cat__Location_Bendigo,-0.001606060191988945,0.001606060191988945,-1.2762953042984009
13,cat__Location_Brisbane,-0.014599140733480453,0.014599140733480453,-1.2762953042984009
13,cat__Location_Cairns,0.0005002740654163063,0.0005002740654163063,-1.2762953042984009
13,cat__Location_Canberra,-2.212483377661556e-05,2.212483377661556e-05,-1.2762953042984009
13,cat__Location_Cobar,-0.0009828356560319662,0.0009828356560319662,-1.2762953042984009
13,cat__Location_CoffsHarbour,-0.011581585742533207,0.011581585742533207,-1.2762953042984009
13,cat__Location_Dartmoor,0.02411103993654251,0.02411103993654251,-1.2762953042984009
13,cat__Location_Darwin,0.0039543285965919495,0.0039543285965919495,-1.2762953042984009
13,cat__Location_GoldCoast,0.0027218107134103775,0.0027218107134103775,-1.2762953042984009
13,cat__Location_Hobart,0.008774306625127792,0.008774306625127792,-1.2762953042984009
13,cat__Location_Katherine,0.002856313716620207,0.002856313716620207,-1.2762953042984009
13,cat__Location_Launceston,0.0009533033007755876,0.0009533033007755876,-1.2762953042984009
13,cat__Location_Melbourne,-0.001329803722910583,0.001329803722910583,-1.2762953042984009
13,cat__Location_MelbourneAirport,0.0012250025756657124,0.0012250025756657124,-1.2762953042984009
13,cat__Location_Mildura,0.00010749100329121575,0.00010749100329121575,-1.2762953042984009
13,cat__Location_Moree,0.00044204859295859933,0.00044204859295859933,-1.2762953042984009
13,cat__Location_MountGambier,0.0006557001615874469,0.0006557001615874469,-1.2762953042984009
13,cat__Location_MountGinini,0.009748492389917374,0.009748492389917374,-1.2762953042984009
13,cat__Location_Newcastle,-2.848901567631401e-05,2.848901567631401e-05,-1.2762953042984009
13,cat__Location_Nhil,0.0007042175275273621,0.0007042175275273621,-1.2762953042984009
13,cat__Location_NorahHead,0.000845370115712285,0.000845370115712285,-1.2762953042984009
13,cat__Location_NorfolkIsland,0.0018352658953517675,0.0018352658953517675,-1.2762953042984009
13,cat__Location_Nuriootpa,6.453047535615042e-05,6.453047535615042e-05,-1.2762953042984009
13,cat__Location_PearceRAAF,-0.003005779581144452,0.003005779581144452,-1.2762953042984009
13,cat__Location_Penrith,-0.005337649490684271,0.005337649490684271,-1.2762953042984009
13,cat__Location_Perth,-0.0060658263973891735,0.0060658263973891735,-1.2762953042984009
13,cat__Location_PerthAirport,-0.002997118281200528,0.002997118281200528,-1.2762953042984009
13,cat__Location_Portland,-0.007081952411681414,0.007081952411681414,-1.2762953042984009
13,cat__Location_Richmond,-0.0012807435123249888,0.0012807435123249888,-1.2762953042984009
13,cat__Location_Sale,0.006715923082083464,0.006715923082083464,-1.2762953042984009
13,cat__Location_SalmonGums,-0.0013394280103966594,0.0013394280103966594,-1.2762953042984009
13,cat__Location_Sydney,-0.007845740765333176,0.007845740765333176,-1.2762953042984009
13,cat__Location_SydneyAirport,9.40583340707235e-05,9.40583340707235e-05,-1.2762953042984009
13,cat__Location_Townsville,0.007456910330802202,0.007456910330802202,-1.2762953042984009
13,cat__Location_Tuggeranong,-0.0076579926535487175,0.0076579926535487175,-1.2762953042984009
13,cat__Location_Uluru,-9.26809516386129e-05,9.26809516386129e-05,-1.2762953042984009
13,cat__Location_WaggaWagga,-0.005266104359179735,0.005266104359179735,-1.2762953042984009
13,cat__Location_Walpole,0.00011109447223134339,0.00011109447223134339,-1.2762953042984009
13,cat__Location_Watsonia,0.0013907842803746462,0.0013907842803746462,-1.2762953042984009
13,cat__Location_Williamtown,-0.013986778445541859,0.013986778445541859,-1.2762953042984009
13,cat__Location_Witchcliffe,-0.013193817809224129,0.013193817809224129,-1.2762953042984009
13,cat__Location_Wollongong,0.0067128087393939495,0.0067128087393939495,-1.2762953042984009
13,cat__Location_Woomera,0.0016934435116127133,0.0016934435116127133,-1.2762953042984009
13,cat__WindGustDir_E,0.00041264836909249425,0.00041264836909249425,-1.2762953042984009
13,cat__WindGustDir_ENE,-0.00010831690451595932,0.00010831690451595932,-1.2762953042984009
13,cat__WindGustDir_ESE,-0.00011858590005431324,0.00011858590005431324,-1.2762953042984009
13,cat__WindGustDir_N,0.003603766206651926,0.003603766206651926,-1.2762953042984009
13,cat__WindGustDir_NE,-0.0003697351203300059,0.0003697351203300059,-1.2762953042984009
13,cat__WindGustDir_NNE,-0.00012821267591789365,0.00012821267591789365,-1.2762953042984009
13,cat__WindGustDir_NNW,-0.00019728274492081255,0.00019728274492081255,-1.2762953042984009
13,cat__WindGustDir_NW,-0.0004835733852814883,0.0004835733852814883,-1.2762953042984009
13,cat__WindGustDir_S,0.00029587699100375175,0.00029587699100375175,-1.2762953042984009
13,cat__WindGustDir_SE,-0.0004773378313984722,0.0004773378313984722,-1.2762953042984009
13,cat__WindGustDir_SSE,-8.202282333513722e-05,8.202282333513722e-05,-1.2762953042984009
13,cat__WindGustDir_SSW,7.884798105806112e-05,7.884798105806112e-05,-1.2762953042984009
13,cat__WindGustDir_SW,-7.94794614193961e-05,7.94794614193961e-05,-1.2762953042984009
13,cat__WindGustDir_W,-0.0007760616717860103,0.0007760616717860103,-1.2762953042984009
13,cat__WindGustDir_WNW,1.9768904166994616e-06,1.9768904166994616e-06,-1.2762953042984009
13,cat__WindGustDir_WSW,-6.646184192504734e-05,6.646184192504734e-05,-1.2762953042984009
13,cat__WindDir9am_E,0.0011459599481895566,0.0011459599481895566,-1.2762953042984009
13,cat__WindDir9am_ENE,-0.0011159704299643636,0.0011159704299643636,-1.2762953042984009
13,cat__WindDir9am_ESE,-0.00030310035799629986,0.00030310035799629986,-1.2762953042984009
13,cat__WindDir9am_N,0.029411016032099724,0.029411016032099724,-1.2762953042984009
13,cat__WindDir9am_NE,-0.0011902828700840473,0.0011902828700840473,-1.2762953042984009
13,cat__WindDir9am_NNE,0.0022476676385849714,0.0022476676385849714,-1.2762953042984009
13,cat__WindDir9am_NNW,0.0002457622322253883,0.0002457622322253883,-1.2762953042984009
13,cat__WindDir9am_NW,0.0002614854311104864,0.0002614854311104864,-1.2762953042984009
13,cat__WindDir9am_S,0.009082820266485214,0.009082820266485214,-1.2762953042984009
13,cat__WindDir9am_SE,5.397962013375945e-06,5.397962013375945e-06,-1.2762953042984009
13,cat__WindDir9am_SSE,0.007735180202871561,0.007735180202871561,-1.2762953042984009
13,cat__WindDir9am_SSW,-0.0001603236742084846,0.0001603236742084846,-1.2762953042984009
13,cat__WindDir9am_SW,-0.009534407407045364,0.009534407407045364,-1.2762953042984009
13,cat__WindDir9am_W,-0.007786465343087912,0.007786465343087912,-1.2762953042984009
13,cat__WindDir9am_WNW,0.0002372780436417088,0.0002372780436417088,-1.2762953042984009
13,cat__WindDir9am_WSW,2.122703517670743e-05,2.122703517670743e-05,-1.2762953042984009
13,cat__WindDir3pm_E,0.0004020071355625987,0.0004020071355625987,-1.2762953042984009
13,cat__WindDir3pm_ENE,-0.0009720877860672772,0.0009720877860672772,-1.2762953042984009
13,cat__WindDir3pm_ESE,0.0002459031529724598,0.0002459031529724598,-1.2762953042984009
13,cat__WindDir3pm_N,-0.0019749528728425503,0.0019749528728425503,-1.2762953042984009
13,cat__WindDir3pm_NE,-0.0016351011581718922,0.0016351011581718922,-1.2762953042984009
13,cat__WindDir3pm_NNE,-0.00042568231583572924,0.00042568231583572924,-1.2762953042984009
13,cat__WindDir3pm_NNW,-0.0053369514644145966,0.0053369514644145966,-1.2762953042984009
13,cat__WindDir3pm_NW,0.005845590960234404,0.005845590960234404,-1.2762953042984009
13,cat__WindDir3pm_S,0.0044072517193853855,0.0044072517193853855,-1.2762953042984009
13,cat__WindDir3pm_SE,-0.00014564227603841573,0.00014564227603841573,-1.2762953042984009
13,cat__WindDir3pm_SSE,0.006060042418539524,0.006060042418539524,-1.2762953042984009
13,cat__WindDir3pm_SSW,0.003915303386747837,0.003915303386747837,-1.2762953042984009
13,cat__WindDir3pm_SW,-0.0020840708166360855,0.0020840708166360855,-1.2762953042984009
13,cat__WindDir3pm_W,-0.0001244736195076257,0.0001244736195076257,-1.2762953042984009
13,cat__WindDir3pm_WNW,-0.008097141981124878,0.008097141981124878,-1.2762953042984009
13,cat__WindDir3pm_WSW,0.0001614333305042237,0.0001614333305042237,-1.2762953042984009
13,cat__Season_Autumn,-0.005419423803687096,0.005419423803687096,-1.2762953042984009
13,cat__Season_Spring,0.00029562911367975175,0.00029562911367975175,-1.2762953042984009
13,cat__Season_Summer,0.002061676699668169,0.002061676699668169,-1.2762953042984009
13,cat__Season_Winter,-0.008277433924376965,0.008277433924376965,-1.2762953042984009
13,cat__WindIntensityCategory_High,3.8726495404262096e-05,3.8726495404262096e-05,-1.2762953042984009
13,cat__WindIntensityCategory_Low,-0.00039751309668645263,0.00039751309668645263,-1.2762953042984009
13,cat__WindIntensityCategory_Moderate,-0.003736914601176977,0.003736914601176977,-1.2762953042984009
13,cat__WindIntensityCategory_VeryHigh,0.0,0.0,-1.2762953042984009
13,cat__RainToday_No,0.0,0.0,-1.2762953042984009
13,cat__RainToday_Yes,0.0,0.0,-1.2762953042984009
14,num__MinTemp,0.021387197077274323,0.021387197077274323,-1.2762953042984009
14,num__MaxTemp,-0.06039315089583397,0.06039315089583397,-1.2762953042984009
14,num__Rainfall,0.13557225465774536,0.13557225465774536,-1.2762953042984009
14,num__Evaporation,0.006897943094372749,0.006897943094372749,-1.2762953042984009
14,num__Sunshine,0.4331835210323334,0.4331835210323334,-1.2762953042984009
14,num__WindGustSpeed,-0.4833256006240845,0.4833256006240845,-1.2762953042984009
14,num__WindSpeed9am,0.03894991800189018,0.03894991800189018,-1.2762953042984009
14,num__WindSpeed3pm,0.028465284034609795,0.028465284034609795,-1.2762953042984009
14,num__Humidity9am,0.12406487762928009,0.12406487762928009,-1.2762953042984009
14,num__Humidity3pm,-0.3041222095489502,0.3041222095489502,-1.2762953042984009
14,num__Pressure9am,-0.00889177992939949,0.00889177992939949,-1.2762953042984009
14,num__Pressure3pm,0.019802337512373924,0.019802337512373924,-1.2762953042984009
14,num__Cloud9am,-0.03716357797384262,0.03716357797384262,-1.2762953042984009
14,num__Cloud3pm,0.12794092297554016,0.12794092297554016,-1.2762953042984009
14,num__Temp9am,0.03133933246135712,0.03133933246135712,-1.2762953042984009
14,num__Temp3pm,0.025651253759860992,0.025651253759860992,-1.2762953042984009
14,num__TemperatureDifference,0.047905001789331436,0.047905001789331436,-1.2762953042984009
14,num__AverageTemperature,0.002249600598588586,0.002249600598588586,-1.2762953042984009
14,num__HumidityIndex,0.07334425300359726,0.07334425300359726,-1.2762953042984009
14,num__PressureDifference,-0.08400169759988785,0.08400169759988785,-1.2762953042984009
14,num__Month,0.0008581303409300745,0.0008581303409300745,-1.2762953042984009
14,num__Quarter,0.0,0.0,-1.2762953042984009
14,num__DayOfYear,-0.0040340544655919075,0.0040340544655919075,-1.2762953042984009
14,num__IsWeekend,-0.000697792274877429,0.000697792274877429,-1.2762953042984009
14,num__RainfallIndicator,0.0,0.0,-1.2762953042984009
14,num__RainTodayBinary,0.0,0.0,-1.2762953042984009
14,cat__Location_Adelaide,-0.006591266021132469,0.006591266021132469,-1.2762953042984009
14,cat__Location_Albany,0.0005310831475071609,0.0005310831475071609,-1.2762953042984009
14,cat__Location_Albury,-0.003844731254503131,0.003844731254503131,-1.2762953042984009
14,cat__Location_AliceSprings,0.0025151041336357594,0.0025151041336357594,-1.2762953042984009
14,cat__Location_BadgerysCreek,-0.0013577024219557643,0.0013577024219557643,-1.2762953042984009
14,cat__Location_Ballarat,0.005598900374025106,0.005598900374025106,-1.2762953042984009
14,cat__Location_Bendigo,-0.0007128043216653168,0.0007128043216653168,-1.2762953042984009
14,cat__Location_Brisbane,-0.010243387892842293,0.010243387892842293,-1.2762953042984009
14,cat__Location_Cairns,-0.0014177648117765784,0.0014177648117765784,-1.2762953042984009
14,cat__Location_Canberra,-0.0006715826457366347,0.0006715826457366347,-1.2762953042984009
14,cat__Location_Cobar,-0.0016917800530791283,0.0016917800530791283,-1.2762953042984009
14,cat__Location_CoffsHarbour,-0.0016967636765912175,0.0016967636765912175,-1.2762953042984009
14,cat__Location_Dartmoor,-0.0005776441539637744,0.0005776441539637744,-1.2762953042984009
14,cat__Location_Darwin,0.0051769958809018135,0.0051769958809018135,-1.2762953042984009
14,cat__Location_GoldCoast,0.0029623687732964754,0.0029623687732964754,-1.2762953042984009
14,cat__Location_Hobart,0.009160276502370834,0.009160276502370834,-1.2762953042984009
14,cat__Location_Katherine,0.0032847411930561066,0.0032847411930561066,-1.2762953042984009
14,cat__Location_Launceston,0.0013843479100614786,0.0013843479100614786,-1.2762953042984009
14,cat__Location_Melbourne,0.06510771811008453,0.06510771811008453,-1.2762953042984009
14,cat__Location_MelbourneAirport,0.000837852421682328,0.000837852421682328,-1.2762953042984009
14,cat__Location_Mildura,7.986751734279096e-05,7.986751734279096e-05,-1.2762953042984009
14,cat__Location_Moree,8.55759863043204e-05,8.55759863043204e-05,-1.2762953042984009
14,cat__Location_MountGambier,-9.522470645606518e-05,9.522470645606518e-05,-1.2762953042984009
14,cat__Location_MountGinini,0.0035601339768618345,0.0035601339768618345,-1.2762953042984009
14,cat__Location_Newcastle,-3.4636574127944186e-05,3.4636574127944186e-05,-1.2762953042984009
14,cat__Location_Nhil,0.0012211684370413423,0.0012211684370413423,-1.2762953042984009
14,cat__Location_NorahHead,0.01372409425675869,0.01372409425675869,-1.2762953042984009
14,cat__Location_NorfolkIsland,0.0024626643862575293,0.0024626643862575293,-1.2762953042984009
14,cat__Location_Nuriootpa,0.0007391116232611239,0.0007391116232611239,-1.2762953042984009
14,cat__Location_PearceRAAF,-0.0033846343867480755,0.0033846343867480755,-1.2762953042984009
14,cat__Location_Penrith,-0.0031104094814509153,0.0031104094814509153,-1.2762953042984009
14,cat__Location_Perth,-0.009711571969091892,0.009711571969091892,-1.2762953042984009
14,cat__Location_PerthAirport,-0.005126538686454296,0.005126538686454296,-1.2762953042984009
14,cat__Location_Portland,-0.00029203094891272485,0.00029203094891272485,-1.2762953042984009
14,cat__Location_Richmond,-0.0011341300560161471,0.0011341300560161471,-1.2762953042984009
14,cat__Location_Sale,0.005918119568377733,0.005918119568377733,-1.2762953042984009
14,cat__Location_SalmonGums,-0.00115674186963588,0.00115674186963588,-1.2762953042984009
14,cat__Location_Sydney,-0.005250981543213129,0.005250981543213129,-1.2762953042984009
14,cat__Location_SydneyAirport,0.0001652462815400213,0.0001652462815400213,-1.2762953042984009
14,cat__Location_Townsville,0.009806002490222454,0.009806002490222454,-1.2762953042984009
14,cat__Location_Tuggeranong,-0.006916834972798824,0.006916834972798824,-1.2762953042984009
14,cat__Location_Uluru,0.00017736776499077678,0.00017736776499077678,-1.2762953042984009
14,cat__Location_WaggaWagga,-0.0014131643110886216,0.0014131643110886216,-1.2762953042984009
14,cat__Location_Walpole,-0.0013899396872147918,0.0013899396872147918,-1.2762953042984009
14,cat__Location_Watsonia,0.0012025913456454873,0.0012025913456454873,-1.2762953042984009
14,cat__Location_Williamtown,-0.006996382959187031,0.006996382959187031,-1.2762953042984009
14,cat__Location_Witchcliffe,-0.0074485354125499725,0.0074485354125499725,-1.2762953042984009
14,cat__Location_Wollongong,0.010162144899368286,0.010162144899368286,-1.2762953042984009
14,cat__Location_Woomera,0.002733402419835329,0.002733402419835329,-1.2762953042984009
14,cat__WindGustDir_E,0.00032320182071998715,0.00032320182071998715,-1.2762953042984009
14,cat__WindGustDir_ENE,-0.0001974247134057805,0.0001974247134057805,-1.2762953042984009
14,cat__WindGustDir_ESE,-0.00012601671915035695,0.00012601671915035695,-1.2762953042984009
14,cat__WindGustDir_N,0.005223384127020836,0.005223384127020836,-1.2762953042984009
14,cat__WindGustDir_NE,0.0001287088089156896,0.0001287088089156896,-1.2762953042984009
14,cat__WindGustDir_NNE,-0.00018020247807726264,0.00018020247807726264,-1.2762953042984009
14,cat__WindGustDir_NNW,-0.00022262480342760682,0.00022262480342760682,-1.2762953042984009
14,cat__WindGustDir_NW,-0.00038190631312318146,0.00038190631312318146,-1.2762953042984009
14,cat__WindGustDir_S,-3.5351491533219814e-05,3.5351491533219814e-05,-1.2762953042984009
14,cat__WindGustDir_SE,-0.0005359248025342822,0.0005359248025342822,-1.2762953042984009
14,cat__WindGustDir_SSE,-6.98277581250295e-05,6.98277581250295e-05,-1.2762953042984009
14,cat__WindGustDir_SSW,0.00017154761007986963,0.00017154761007986963,-1.2762953042984009
14,cat__WindGustDir_SW,-1.7170386854559183e-05,1.7170386854559183e-05,-1.2762953042984009
14,cat__WindGustDir_W,-0.0004064212553203106,0.0004064212553203106,-1.2762953042984009
14,cat__WindGustDir_WNW,-3.437745908740908e-05,3.437745908740908e-05,-1.2762953042984009
14,cat__WindGustDir_WSW,-1.12687521323096e-05,1.12687521323096e-05,-1.2762953042984009
14,cat__WindDir9am_E,0.0012135017896071076,0.0012135017896071076,-1.2762953042984009
14,cat__WindDir9am_ENE,-0.00041802512714639306,0.00041802512714639306,-1.2762953042984009
14,cat__WindDir9am_ESE,0.0028715496882796288,0.0028715496882796288,-1.2762953042984009
14,cat__WindDir9am_N,0.10908806324005127,0.10908806324005127,-1.2762953042984009
14,cat__WindDir9am_NE,-0.0017781120259314775,0.0017781120259314775,-1.2762953042984009
14,cat__WindDir9am_NNE,-0.0063081178814172745,0.0063081178814172745,-1.2762953042984009
14,cat__WindDir9am_NNW,0.00010126049892278388,0.00010126049892278388,-1.2762953042984009
14,cat__WindDir9am_NW,-0.00020757285528816283,0.00020757285528816283,-1.2762953042984009
14,cat__WindDir9am_S,0.00961081963032484,0.00961081963032484,-1.2762953042984009
14,cat__WindDir9am_SE,5.397962013375945e-06,5.397962013375945e-06,-1.2762953042984009
14,cat__WindDir9am_SSE,0.0056577944196760654,0.0056577944196760654,-1.2762953042984009
14,cat__WindDir9am_SSW,0.0017074825009331107,0.0017074825009331107,-1.2762953042984009
14,cat__WindDir9am_SW,-0.00013330497313290834,0.00013330497313290834,-1.2762953042984009
14,cat__WindDir9am_W,-1.4551989806932397e-05,1.4551989806932397e-05,-1.2762953042984009
14,cat__WindDir9am_WNW,2.34959225053899e-06,2.34959225053899e-06,-1.2762953042984009
14,cat__WindDir9am_WSW,-1.0936320904875174e-05,1.0936320904875174e-05,-1.2762953042984009
14,cat__WindDir3pm_E,0.0008597688283771276,0.0008597688283771276,-1.2762953042984009
14,cat__WindDir3pm_ENE,-9.109151142183691e-05,9.109151142183691e-05,-1.2762953042984009
14,cat__WindDir3pm_ESE,0.0003118660533800721,0.0003118660533800721,-1.2762953042984009
14,cat__WindDir3pm_N,-0.003023074008524418,0.003023074008524418,-1.2762953042984009
14,cat__WindDir3pm_NE,0.000237647705944255,0.000237647705944255,-1.2762953042984009
14,cat__WindDir3pm_NNE,-0.0023216858971863985,0.0023216858971863985,-1.2762953042984009
14,cat__WindDir3pm_NNW,-0.011811617761850357,0.011811617761850357,-1.2762953042984009
14,cat__WindDir3pm_NW,-0.005832437891513109,0.005832437891513109,-1.2762953042984009
14,cat__WindDir3pm_S,0.003911313600838184,0.003911313600838184,-1.2762953042984009
14,cat__WindDir3pm_SE,-5.089226033305749e-05,5.089226033305749e-05,-1.2762953042984009
14,cat__WindDir3pm_SSE,0.00720477569848299,0.00720477569848299,-1.2762953042984009
14,cat__WindDir3pm_SSW,0.004669446963816881,0.004669446963816881,-1.2762953042984009
14,cat__WindDir3pm_SW,0.003880689851939678,0.003880689851939678,-1.2762953042984009
14,cat__WindDir3pm_W,-6.325184949673712e-05,6.325184949673712e-05,-1.2762953042984009
14,cat__WindDir3pm_WNW,-0.007615514565259218,0.007615514565259218,-1.2762953042984009
14,cat__WindDir3pm_WSW,0.00015134218847379088,0.00015134218847379088,-1.2762953042984009
14,cat__Season_Autumn,0.010480605065822601,0.010480605065822601,-1.2762953042984009
14,cat__Season_Spring,0.00018042010196950287,0.00018042010196950287,-1.2762953042984009
14,cat__Season_Summer,0.012777332216501236,0.012777332216501236,-1.2762953042984009
14,cat__Season_Winter,0.0008111714269034564,0.0008111714269034564,-1.2762953042984009
14,cat__WindIntensityCategory_High,2.2476700905826874e-05,2.2476700905826874e-05,-1.2762953042984009
14,cat__WindIntensityCategory_Low,-0.00036950071807950735,0.00036950071807950735,-1.2762953042984009
14,cat__WindIntensityCategory_Moderate,-0.0024635950103402138,0.0024635950103402138,-1.2762953042984009
14,cat__WindIntensityCategory_VeryHigh,0.0,0.0,-1.2762953042984009
14,cat__RainToday_No,0.0,0.0,-1.2762953042984009
14,cat__RainToday_Yes,0.0,0.0,-1.2762953042984009
15,num__MinTemp,-0.02740531787276268,0.02740531787276268,-1.2762953042984009
15,num__MaxTemp,0.1450474113225937,0.1450474113225937,-1.2762953042984009
15,num__Rainfall,-0.263915479183197,0.263915479183197,-1.2762953042984009
15,num__Evaporation,0.010557715781033039,0.010557715781033039,-1.2762953042984009
15,num__Sunshine,-0.05779078230261803,0.05779078230261803,-1.2762953042984009
15,num__WindGustSpeed,1.0375146865844727,1.0375146865844727,-1.2762953042984009
15,num__WindSpeed9am,-0.09085597097873688,0.09085597097873688,-1.2762953042984009
15,num__WindSpeed3pm,-0.09444122016429901,0.09444122016429901,-1.2762953042984009
15,num__Humidity9am,0.04830801859498024,0.04830801859498024,-1.2762953042984009
15,num__Humidity3pm,0.36962154507637024,0.36962154507637024,-1.2762953042984009
15,num__Pressure9am,0.007591742090880871,0.007591742090880871,-1.2762953042984009
15,num__Pressure3pm,0.6743023991584778,0.6743023991584778,-1.2762953042984009
15,num__Cloud9am,-0.03414406254887581,0.03414406254887581,-1.2762953042984009
15,num__Cloud3pm,-0.04513370245695114,0.04513370245695114,-1.2762953042984009
15,num__Temp9am,-0.06414192914962769,0.06414192914962769,-1.2762953042984009
15,num__Temp3pm,0.08285188674926758,0.08285188674926758,-1.2762953042984009
15,num__TemperatureDifference,0.03196863830089569,0.03196863830089569,-1.2762953042984009
15,num__AverageTemperature,0.06918879598379135,0.06918879598379135,-1.2762953042984009
15,num__HumidityIndex,0.07459241151809692,0.07459241151809692,-1.2762953042984009
15,num__PressureDifference,0.5587189197540283,0.5587189197540283,-1.2762953042984009
15,num__Month,-0.0010155707132071257,0.0010155707132071257,-1.2762953042984009
15,num__Quarter,0.0,0.0,-1.2762953042984009
15,num__DayOfYear,0.006709457840770483,0.006709457840770483,-1.2762953042984009
15,num__IsWeekend,-0.000960773671977222,0.000960773671977222,-1.2762953042984009
15,num__RainfallIndicator,0.0,0.0,-1.2762953042984009
15,num__RainTodayBinary,0.0,0.0,-1.2762953042984009
15,cat__Location_Adelaide,-0.023636136204004288,0.023636136204004288,-1.2762953042984009
15,cat__Location_Albany,-0.0010132306488230824,0.0010132306488230824,-1.2762953042984009
15,cat__Location_Albury,-0.0063208919018507,0.0063208919018507,-1.2762953042984009
15,cat__Location_AliceSprings,0.001750942668877542,0.001750942668877542,-1.2762953042984009
15,cat__Location_BadgerysCreek,-0.0010437356540933251,0.0010437356540933251,-1.2762953042984009
15,cat__Location_Ballarat,-0.01664276048541069,0.01664276048541069,-1.2762953042984009
15,cat__Location_Bendigo,-0.0010510854190215468,0.0010510854190215468,-1.2762953042984009
15,cat__Location_Brisbane,-0.006682375445961952,0.006682375445961952,-1.2762953042984009
15,cat__Location_Cairns,-0.0014576095854863524,0.0014576095854863524,-1.2762953042984009
15,cat__Location_Canberra,0.0035233136732131243,0.0035233136732131243,-1.2762953042984009
15,cat__Location_Cobar,-0.001615079352632165,0.001615079352632165,-1.2762953042984009
15,cat__Location_CoffsHarbour,0.0019848758820444345,0.0019848758820444345,-1.2762953042984009
15,cat__Location_Dartmoor,-0.0025809453800320625,0.0025809453800320625,-1.2762953042984009
15,cat__Location_Darwin,0.007379240822046995,0.007379240822046995,-1.2762953042984009
15,cat__Location_GoldCoast,0.0011084061115980148,0.0011084061115980148,-1.2762953042984009
15,cat__Location_Hobart,0.009901951067149639,0.009901951067149639,-1.2762953042984009
15,cat__Location_Katherine,0.004599935840815306,0.004599935840815306,-1.2762953042984009
15,cat__Location_Launceston,0.0016626996221020818,0.0016626996221020818,-1.2762953042984009
15,cat__Location_Melbourne,-0.0006262401584535837,0.0006262401584535837,-1.2762953042984009
15,cat__Location_MelbourneAirport,0.011300555430352688,0.011300555430352688,-1.2762953042984009
15,cat__Location_Mildura,0.000621648330707103,0.000621648330707103,-1.2762953042984009
15,cat__Location_Moree,0.00044204859295859933,0.00044204859295859933,-1.2762953042984009
15,cat__Location_MountGambier,-0.006321631371974945,0.006321631371974945,-1.2762953042984009
15,cat__Location_MountGinini,0.011384516954421997,0.011384516954421997,-1.2762953042984009
15,cat__Location_Newcastle,-2.834464430634398e-05,2.834464430634398e-05,-1.2762953042984009
15,cat__Location_Nhil,0.0005930967745371163,0.0005930967745371163,-1.2762953042984009
15,cat__Location_NorahHead,0.0014928404707461596,0.0014928404707461596,-1.2762953042984009
15,cat__Location_NorfolkIsland,-0.00044768923544324934,0.00044768923544324934,-1.2762953042984009
15,cat__Location_Nuriootpa,4.219382753944956e-05,4.219382753944956e-05,-1.2762953042984009
15,cat__Location_PearceRAAF,-0.007018125616014004,0.007018125616014004,-1.2762953042984009
15,cat__Location_Penrith,-0.006153525318950415,0.006153525318950415,-1.2762953042984009
15,cat__Location_Perth,-0.017943358048796654,0.017943358048796654,-1.2762953042984009
15,cat__Location_PerthAirport,-0.012128752656280994,0.012128752656280994,-1.2762953042984009
15,cat__Location_Portland,-0.002357023535296321,0.002357023535296321,-1.2762953042984009
15,cat__Location_Richmond,0.00023608733317814767,0.00023608733317814767,-1.2762953042984009
15,cat__Location_Sale,0.01147416140884161,0.01147416140884161,-1.2762953042984009
15,cat__Location_SalmonGums,-0.0023172146175056696,0.0023172146175056696,-1.2762953042984009
15,cat__Location_Sydney,-0.0012776169460266829,0.0012776169460266829,-1.2762953042984009
15,cat__Location_SydneyAirport,0.0008071557967923582,0.0008071557967923582,-1.2762953042984009
15,cat__Location_Townsville,0.012961579486727715,0.012961579486727715,-1.2762953042984009
15,cat__Location_Tuggeranong,-0.0017963005229830742,0.0017963005229830742,-1.2762953042984009
15,cat__Location_Uluru,-9.26809516386129e-05,9.26809516386129e-05,-1.2762953042984009
15,cat__Location_WaggaWagga,-0.0031722711864858866,0.0031722711864858866,-1.2762953042984009
15,cat__Location_Walpole,-0.006665414664894342,0.006665414664894342,-1.2762953042984009
15,cat__Location_Watsonia,0.00035899385693483055,0.00035899385693483055,-1.2762953042984009
15,cat__Location_Williamtown,-0.006894233636558056,0.006894233636558056,-1.2762953042984009
15,cat__Location_Witchcliffe,-0.01462028082460165,0.01462028082460165,-1.2762953042984009
15,cat__Location_Wollongong,0.015369388274848461,0.015369388274848461,-1.2762953042984009
15,cat__Location_Woomera,0.001835922128520906,0.001835922128520906,-1.2762953042984009
15,cat__WindGustDir_E,0.0003499901504255831,0.0003499901504255831,-1.2762953042984009
15,cat__WindGustDir_ENE,-3.687045682454482e-05,3.687045682454482e-05,-1.2762953042984009
15,cat__WindGustDir_ESE,-8.74145480338484e-05,8.74145480338484e-05,-1.2762953042984009
15,cat__WindGustDir_N,0.012983720749616623,0.012983720749616623,-1.2762953042984009
15,cat__WindGustDir_NE,-0.002505086362361908,0.002505086362361908,-1.2762953042984009
15,cat__WindGustDir_NNE,0.0023551364429295063,0.0023551364429295063,-1.2762953042984009
15,cat__WindGustDir_NNW,-4.141737736063078e-05,4.141737736063078e-05,-1.2762953042984009
15,cat__WindGustDir_NW,-0.002557986183091998,0.002557986183091998,-1.2762953042984009
15,cat__WindGustDir_S,-2.8882510378025472e-05,2.8882510378025472e-05,-1.2762953042984009
15,cat__WindGustDir_SE,-0.0015646973624825478,0.0015646973624825478,-1.2762953042984009
15,cat__WindGustDir_SSE,1.7243572074221447e-05,1.7243572074221447e-05,-1.2762953042984009
15,cat__WindGustDir_SSW,0.00019493233412504196,0.00019493233412504196,-1.2762953042984009
15,cat__WindGustDir_SW,-0.0018398822285234928,0.0018398822285234928,-1.2762953042984009
15,cat__WindGustDir_W,-0.0018440104322507977,0.0018440104322507977,-1.2762953042984009
15,cat__WindGustDir_WNW,1.9502442228258587e-05,1.9502442228258587e-05,-1.2762953042984009
15,cat__WindGustDir_WSW,-0.0013875317526981235,0.0013875317526981235,-1.2762953042984009
15,cat__WindDir9am_E,0.0011523491702973843,0.0011523491702973843,-1.2762953042984009
15,cat__WindDir9am_ENE,-0.0018701569642871618,0.0018701569642871618,-1.2762953042984009
15,cat__WindDir9am_ESE,0.0024056704714894295,0.0024056704714894295,-1.2762953042984009
15,cat__WindDir9am_N,-0.009409422054886818,0.009409422054886818,-1.2762953042984009
15,cat__WindDir9am_NE,-0.003261950798332691,0.003261950798332691,-1.2762953042984009
15,cat__WindDir9am_NNE,0.13425378501415253,0.13425378501415253,-1.2762953042984009
15,cat__WindDir9am_NNW,-0.00018122134497389197,0.00018122134497389197,-1.2762953042984009
15,cat__WindDir9am_NW,-0.0012999603059142828,0.0012999603059142828,-1.2762953042984009
15,cat__WindDir9am_S,0.012058109976351261,0.012058109976351261,-1.2762953042984009
15,cat__WindDir9am_SE,1.722438719298225e-05,1.722438719298225e-05,-1.2762953042984009
15,cat__WindDir9am_SSE,0.008133653551340103,0.008133653551340103,-1.2762953042984009
15,cat__WindDir9am_SSW,-0.006815451197326183,0.006815451197326183,-1.2762953042984009
15,cat__WindDir9am_SW,-0.00013050666893832386,0.00013050666893832386,-1.2762953042984009
15,cat__WindDir9am_W,-0.0003644936950877309,0.0003644936950877309,-1.2762953042984009
15,cat__WindDir9am_WNW,-3.05161411233712e-05,3.05161411233712e-05,-1.2762953042984009
15,cat__WindDir9am_WSW,-7.185759022831917e-05,7.185759022831917e-05,-1.2762953042984009
15,cat__WindDir3pm_E,0.0014540934935212135,0.0014540934935212135,-1.2762953042984009
15,cat__WindDir3pm_ENE,-0.00013679717085324228,0.00013679717085324228,-1.2762953042984009
15,cat__WindDir3pm_ESE,0.0008823393727652729,0.0008823393727652729,-1.2762953042984009
15,cat__WindDir3pm_N,-0.002531826961785555,0.002531826961785555,-1.2762953042984009
15,cat__WindDir3pm_NE,0.007568342611193657,0.007568342611193657,-1.2762953042984009
15,cat__WindDir3pm_NNE,0.005624099168926477,0.005624099168926477,-1.2762953042984009
15,cat__WindDir3pm_NNW,-0.012844463810324669,0.012844463810324669,-1.2762953042984009
15,cat__WindDir3pm_NW,-0.012598712928593159,0.012598712928593159,-1.2762953042984009
15,cat__WindDir3pm_S,-0.00016821594908833504,0.00016821594908833504,-1.2762953042984009
15,cat__WindDir3pm_SE,-9.705811680760235e-05,9.705811680760235e-05,-1.2762953042984009
15,cat__WindDir3pm_SSE,0.009726324118673801,0.009726324118673801,-1.2762953042984009
15,cat__WindDir3pm_SSW,0.005691381171345711,0.005691381171345711,-1.2762953042984009
15,cat__WindDir3pm_SW,0.0019724557641893625,0.0019724557641893625,-1.2762953042984009
15,cat__WindDir3pm_W,-0.00016965216491371393,0.00016965216491371393,-1.2762953042984009
15,cat__WindDir3pm_WNW,-0.0075167822651565075,0.0075167822651565075,-1.2762953042984009
15,cat__WindDir3pm_WSW,0.0002481601550243795,0.0002481601550243795,-1.2762953042984009
15,cat__Season_Autumn,-0.0007101842784322798,0.0007101842784322798,-1.2762953042984009
15,cat__Season_Spring,0.00040160943171940744,0.00040160943171940744,-1.2762953042984009
15,cat__Season_Summer,0.021885164082050323,0.021885164082050323,-1.2762953042984009
15,cat__Season_Winter,-0.015403568744659424,0.015403568744659424,-1.2762953042984009
15,cat__WindIntensityCategory_High,3.36695957230404e-05,3.36695957230404e-05,-1.2762953042984009
15,cat__WindIntensityCategory_Low,-0.000704853271599859,0.000704853271599859,-1.2762953042984009
15,cat__WindIntensityCategory_Moderate,0.0033566514030098915,0.0033566514030098915,-1.2762953042984009
15,cat__WindIntensityCategory_VeryHigh,0.0,0.0,-1.2762953042984009
15,cat__RainToday_No,0.0,0.0,-1.2762953042984009
15,cat__RainToday_Yes,0.0,0.0,-1.2762953042984009
16,num__MinTemp,0.0016195104690268636,0.0016195104690268636,-1.2762953042984009
16,num__MaxTemp,-0.07172556966543198,0.07172556966543198,-1.2762953042984009
16,num__Rainfall,0.14894533157348633,0.14894533157348633,-1.2762953042984009
16,num__Evaporation,0.03769395500421524,0.03769395500421524,-1.2762953042984009
16,num__Sunshine,0.5824806094169617,0.5824806094169617,-1.2762953042984009
16,num__WindGustSpeed,0.3993455469608307,0.3993455469608307,-1.2762953042984009
16,num__WindSpeed9am,-0.07503770291805267,0.07503770291805267,-1.2762953042984009
16,num__WindSpeed3pm,-0.10136370360851288,0.10136370360851288,-1.2762953042984009
16,num__Humidity9am,-0.026037683710455894,0.026037683710455894,-1.2762953042984009
16,num__Humidity3pm,0.43756818771362305,0.43756818771362305,-1.2762953042984009
16,num__Pressure9am,-0.02894476242363453,0.02894476242363453,-1.2762953042984009
16,num__Pressure3pm,0.028009658679366112,0.028009658679366112,-1.2762953042984009
16,num__Cloud9am,0.012189313769340515,0.012189313769340515,-1.2762953042984009
16,num__Cloud3pm,0.15122367441654205,0.15122367441654205,-1.2762953042984009
16,num__Temp9am,0.01748752035200596,0.01748752035200596,-1.2762953042984009
16,num__Temp3pm,0.010025888681411743,0.010025888681411743,-1.2762953042984009
16,num__TemperatureDifference,0.05636286363005638,0.05636286363005638,-1.2762953042984009
16,num__AverageTemperature,-0.006488779094070196,0.006488779094070196,-1.2762953042984009
16,num__HumidityIndex,0.02357315458357334,0.02357315458357334,-1.2762953042984009
16,num__PressureDifference,0.20676913857460022,0.20676913857460022,-1.2762953042984009
16,num__Month,-0.0009084792109206319,0.0009084792109206319,-1.2762953042984009
16,num__Quarter,0.0,0.0,-1.2762953042984009
16,num__DayOfYear,-0.03867142274975777,0.03867142274975777,-1.2762953042984009
16,num__IsWeekend,-0.0008433720795437694,0.0008433720795437694,-1.2762953042984009
16,num__RainfallIndicator,0.0,0.0,-1.2762953042984009
16,num__RainTodayBinary,0.0,0.0,-1.2762953042984009
16,cat__Location_Adelaide,-0.011733017861843109,0.011733017861843109,-1.2762953042984009
16,cat__Location_Albany,0.0005019425880163908,0.0005019425880163908,-1.2762953042984009
16,cat__Location_Albury,-0.006822759751230478,0.006822759751230478,-1.2762953042984009
16,cat__Location_AliceSprings,0.0008291630656458437,0.0008291630656458437,-1.2762953042984009
16,cat__Location_BadgerysCreek,-0.0013017524033784866,0.0013017524033784866,-1.2762953042984009
16,cat__Location_Ballarat,0.0007470975979231298,0.0007470975979231298,-1.2762953042984009
16,cat__Location_Bendigo,-0.0023068019654601812,0.0023068019654601812,-1.2762953042984009
16,cat__Location_Brisbane,-0.007461149245500565,0.007461149245500565,-1.2762953042984009
16,cat__Location_Cairns,0.05211370438337326,0.05211370438337326,-1.2762953042984009
16,cat__Location_Canberra,-0.002896325197070837,0.002896325197070837,-1.2762953042984009
16,cat__Location_Cobar,-0.002687525236979127,0.002687525236979127,-1.2762953042984009
16,cat__Location_CoffsHarbour,0.0018761955434456468,0.0018761955434456468,-1.2762953042984009
16,cat__Location_Dartmoor,-0.0015374872600659728,0.0015374872600659728,-1.2762953042984009
16,cat__Location_Darwin,0.009073390625417233,0.009073390625417233,-1.2762953042984009
16,cat__Location_GoldCoast,0.001402677851729095,0.001402677851729095,-1.2762953042984009
16,cat__Location_Hobart,0.007482967339456081,0.007482967339456081,-1.2762953042984009
16,cat__Location_Katherine,0.004221916198730469,0.004221916198730469,-1.2762953042984009
16,cat__Location_Launceston,0.0018655500607565045,0.0018655500607565045,-1.2762953042984009
16,cat__Location_Melbourne,-0.0005103448638692498,0.0005103448638692498,-1.2762953042984009
16,cat__Location_MelbourneAirport,0.005316461436450481,0.005316461436450481,-1.2762953042984009
16,cat__Location_Mildura,7.986751734279096e-05,7.986751734279096e-05,-1.2762953042984009
16,cat__Location_Moree,8.55759863043204e-05,8.55759863043204e-05,-1.2762953042984009
16,cat__Location_MountGambier,-0.0005128541961312294,0.0005128541961312294,-1.2762953042984009
16,cat__Location_MountGinini,0.0016265149461105466,0.0016265149461105466,-1.2762953042984009
16,cat__Location_Newcastle,-2.8986458346480504e-05,2.8986458346480504e-05,-1.2762953042984009
16,cat__Location_Nhil,0.0007951848092488945,0.0007951848092488945,-1.2762953042984009
16,cat__Location_NorahHead,0.016960904002189636,0.016960904002189636,-1.2762953042984009
16,cat__Location_NorfolkIsland,0.003939586691558361,0.003939586691558361,-1.2762953042984009
16,cat__Location_Nuriootpa,3.717973959282972e-05,3.717973959282972e-05,-1.2762953042984009
16,cat__Location_PearceRAAF,-0.0038400928024202585,0.0038400928024202585,-1.2762953042984009
16,cat__Location_Penrith,-0.00859485287219286,0.00859485287219286,-1.2762953042984009
16,cat__Location_Perth,-0.007623972371220589,0.007623972371220589,-1.2762953042984009
16,cat__Location_PerthAirport,-0.005539188161492348,0.005539188161492348,-1.2762953042984009
16,cat__Location_Portland,-6.623462832067162e-05,6.623462832067162e-05,-1.2762953042984009
16,cat__Location_Richmond,-0.0007984972326084971,0.0007984972326084971,-1.2762953042984009
16,cat__Location_Sale,-0.00030188943492248654,0.00030188943492248654,-1.2762953042984009
16,cat__Location_SalmonGums,-0.001947250566445291,0.001947250566445291,-1.2762953042984009
16,cat__Location_Sydney,-0.005192912649363279,0.005192912649363279,-1.2762953042984009
16,cat__Location_SydneyAirport,0.0008071557967923582,0.0008071557967923582,-1.2762953042984009
16,cat__Location_Townsville,0.01352139562368393,0.01352139562368393,-1.2762953042984009
16,cat__Location_Tuggeranong,-0.005664847791194916,0.005664847791194916,-1.2762953042984009
16,cat__Location_Uluru,-9.26809516386129e-05,9.26809516386129e-05,-1.2762953042984009
16,cat__Location_WaggaWagga,-0.004130035638809204,0.004130035638809204,-1.2762953042984009
16,cat__Location_Walpole,-0.0043231891468167305,0.0043231891468167305,-1.2762953042984009
16,cat__Location_Watsonia,-0.0007696108077652752,0.0007696108077652752,-1.2762953042984009
16,cat__Location_Williamtown,-0.00317778461612761,0.00317778461612761,-1.2762953042984009
16,cat__Location_Witchcliffe,0.003257294185459614,0.003257294185459614,-1.2762953042984009
16,cat__Location_Wollongong,0.016230763867497444,0.016230763867497444,-1.2762953042984009
16,cat__Location_Woomera,-0.00045777158811688423,0.00045777158811688423,-1.2762953042984009
16,cat__WindGustDir_E,0.0004815565189346671,0.0004815565189346671,-1.2762953042984009
16,cat__WindGustDir_ENE,-0.00019086635438725352,0.00019086635438725352,-1.2762953042984009
16,cat__WindGustDir_ESE,-8.504475408699363e-05,8.504475408699363e-05,-1.2762953042984009
16,cat__WindGustDir_N,-0.0005244044587016106,0.0005244044587016106,-1.2762953042984009
16,cat__WindGustDir_NE,0.0012014496605843306,0.0012014496605843306,-1.2762953042984009
16,cat__WindGustDir_NNE,-0.00015366026491392404,0.00015366026491392404,-1.2762953042984009
16,cat__WindGustDir_NNW,0.0014849568251520395,0.0014849568251520395,-1.2762953042984009
16,cat__WindGustDir_NW,-0.00036694930167868733,0.00036694930167868733,-1.2762953042984009
16,cat__WindGustDir_S,1.654837979003787e-05,1.654837979003787e-05,-1.2762953042984009
16,cat__WindGustDir_SE,-0.0005424530827440321,0.0005424530827440321,-1.2762953042984009
16,cat__WindGustDir_SSE,0.0004959735088050365,0.0004959735088050365,-1.2762953042984009
16,cat__WindGustDir_SSW,0.0034651043824851513,0.0034651043824851513,-1.2762953042984009
16,cat__WindGustDir_SW,-5.255667201709002e-05,5.255667201709002e-05,-1.2762953042984009
16,cat__WindGustDir_W,-0.0005092594074085355,0.0005092594074085355,-1.2762953042984009
16,cat__WindGustDir_WNW,-1.595718458702322e-05,1.595718458702322e-05,-1.2762953042984009
16,cat__WindGustDir_WSW,1.322747630183585e-05,1.322747630183585e-05,-1.2762953042984009
16,cat__WindDir9am_E,0.0011599084828048944,0.0011599084828048944,-1.2762953042984009
16,cat__WindDir9am_ENE,-0.004459155723452568,0.004459155723452568,-1.2762953042984009
16,cat__WindDir9am_ESE,0.002867538947612047,0.002867538947612047,-1.2762953042984009
16,cat__WindDir9am_N,-0.01770375296473503,0.01770375296473503,-1.2762953042984009
16,cat__WindDir9am_NE,-0.0023462586104869843,0.0023462586104869843,-1.2762953042984009
16,cat__WindDir9am_NNE,-0.006836360786110163,0.006836360786110163,-1.2762953042984009
16,cat__WindDir9am_NNW,0.0001941450173035264,0.0001941450173035264,-1.2762953042984009
16,cat__WindDir9am_NW,-0.0006479122093878686,0.0006479122093878686,-1.2762953042984009
16,cat__WindDir9am_S,0.010739613324403763,0.010739613324403763,-1.2762953042984009
16,cat__WindDir9am_SE,1.722438719298225e-05,1.722438719298225e-05,-1.2762953042984009
16,cat__WindDir9am_SSE,-0.12024810165166855,0.12024810165166855,-1.2762953042984009
16,cat__WindDir9am_SSW,0.0012417956022545695,0.0012417956022545695,-1.2762953042984009
16,cat__WindDir9am_SW,-0.00017254517297260463,0.00017254517297260463,-1.2762953042984009
16,cat__WindDir9am_W,6.104740168666467e-05,6.104740168666467e-05,-1.2762953042984009
16,cat__WindDir9am_WNW,2.34959225053899e-06,2.34959225053899e-06,-1.2762953042984009
16,cat__WindDir9am_WSW,-0.00015460482973139733,0.00015460482973139733,-1.2762953042984009
16,cat__WindDir3pm_E,0.001431595883332193,0.001431595883332193,-1.2762953042984009
16,cat__WindDir3pm_ENE,-0.00013573199976235628,0.00013573199976235628,-1.2762953042984009
16,cat__WindDir3pm_ESE,0.000582670618314296,0.000582670618314296,-1.2762953042984009
16,cat__WindDir3pm_N,-0.0034917546436190605,0.0034917546436190605,-1.2762953042984009
16,cat__WindDir3pm_NE,0.0010666112648323178,0.0010666112648323178,-1.2762953042984009
16,cat__WindDir3pm_NNE,-0.0022197430953383446,0.0022197430953383446,-1.2762953042984009
16,cat__WindDir3pm_NNW,-0.010836050845682621,0.010836050845682621,-1.2762953042984009
16,cat__WindDir3pm_NW,-0.009638878516852856,0.009638878516852856,-1.2762953042984009
16,cat__WindDir3pm_S,-0.00012742221588268876,0.00012742221588268876,-1.2762953042984009
16,cat__WindDir3pm_SE,-0.00010771858069347218,0.00010771858069347218,-1.2762953042984009
16,cat__WindDir3pm_SSE,-0.14489644765853882,0.14489644765853882,-1.2762953042984009
16,cat__WindDir3pm_SSW,0.002428916748613119,0.002428916748613119,-1.2762953042984009
16,cat__WindDir3pm_SW,0.0016975944163277745,0.0016975944163277745,-1.2762953042984009
16,cat__WindDir3pm_W,1.3967743143439293e-05,1.3967743143439293e-05,-1.2762953042984009
16,cat__WindDir3pm_WNW,-0.007017024792730808,0.007017024792730808,-1.2762953042984009
16,cat__WindDir3pm_WSW,0.0016652328195050359,0.0016652328195050359,-1.2762953042984009
16,cat__Season_Autumn,-0.002178613794967532,0.002178613794967532,-1.2762953042984009
16,cat__Season_Spring,0.00013818750448990613,0.00013818750448990613,-1.2762953042984009
16,cat__Season_Summer,0.021693268790841103,0.021693268790841103,-1.2762953042984009
16,cat__Season_Winter,-0.022000474855303764,0.022000474855303764,-1.2762953042984009
16,cat__WindIntensityCategory_High,-9.629309352021664e-05,9.629309352021664e-05,-1.2762953042984009
16,cat__WindIntensityCategory_Low,-0.0006768408929929137,0.0006768408929929137,-1.2762953042984009
16,cat__WindIntensityCategory_Moderate,0.0028772600926458836,0.0028772600926458836,-1.2762953042984009
16,cat__WindIntensityCategory_VeryHigh,0.0,0.0,-1.2762953042984009
16,cat__RainToday_No,0.0,0.0,-1.2762953042984009
16,cat__RainToday_Yes,0.0,0.0,-1.2762953042984009
17,num__MinTemp,0.010264762677252293,0.010264762677252293,-1.2762953042984009
17,num__MaxTemp,0.019653981551527977,0.019653981551527977,-1.2762953042984009
17,num__Rainfall,0.08128617703914642,0.08128617703914642,-1.2762953042984009
17,num__Evaporation,0.015857182443141937,0.015857182443141937,-1.2762953042984009
17,num__Sunshine,-0.14319172501564026,0.14319172501564026,-1.2762953042984009
17,num__WindGustSpeed,0.05862187221646309,0.05862187221646309,-1.2762953042984009
17,num__WindSpeed9am,-0.030222784727811813,0.030222784727811813,-1.2762953042984009
17,num__WindSpeed3pm,0.047573771327733994,0.047573771327733994,-1.2762953042984009
17,num__Humidity9am,-0.056311994791030884,0.056311994791030884,-1.2762953042984009
17,num__Humidity3pm,-1.0384677648544312,1.0384677648544312,-1.2762953042984009
17,num__Pressure9am,-0.002188469748944044,0.002188469748944044,-1.2762953042984009
17,num__Pressure3pm,0.08751217275857925,0.08751217275857925,-1.2762953042984009
17,num__Cloud9am,0.02560688555240631,0.02560688555240631,-1.2762953042984009
17,num__Cloud3pm,0.12906838953495026,0.12906838953495026,-1.2762953042984009
17,num__Temp9am,-0.009890023618936539,0.009890023618936539,-1.2762953042984009
17,num__Temp3pm,-0.0049462090246379375,0.0049462090246379375,-1.2762953042984009
17,num__TemperatureDifference,0.07768557220697403,0.07768557220697403,-1.2762953042984009
17,num__AverageTemperature,0.007123248185962439,0.007123248185962439,-1.2762953042984009
17,num__HumidityIndex,-0.06527493894100189,0.06527493894100189,-1.2762953042984009
17,num__PressureDifference,-0.26063331961631775,0.26063331961631775,-1.2762953042984009
17,num__Month,-0.00034729496110230684,0.00034729496110230684,-1.2762953042984009
17,num__Quarter,0.0,0.0,-1.2762953042984009
17,num__DayOfYear,-0.04171743988990784,0.04171743988990784,-1.2762953042984009
17,num__IsWeekend,-0.0008479416719637811,0.0008479416719637811,-1.2762953042984009
17,num__RainfallIndicator,0.0,0.0,-1.2762953042984009
17,num__RainTodayBinary,0.0,0.0,-1.2762953042984009
17,cat__Location_Adelaide,-0.0103069469332695,0.0103069469332695,-1.2762953042984009
17,cat__Location_Albany,-0.00027204459183849394,0.00027204459183849394,-1.2762953042984009
17,cat__Location_Albury,-0.0032953268382698298,0.0032953268382698298,-1.2762953042984009
17,cat__Location_AliceSprings,0.0008157716365531087,0.0008157716365531087,-1.2762953042984009
17,cat__Location_BadgerysCreek,-0.0014558314578607678,0.0014558314578607678,-1.2762953042984009
17,cat__Location_Ballarat,0.004303008317947388,0.004303008317947388,-1.2762953042984009
17,cat__Location_Bendigo,-0.0016086520627140999,0.0016086520627140999,-1.2762953042984009
17,cat__Location_Brisbane,-0.004365270957350731,0.004365270957350731,-1.2762953042984009
17,cat__Location_Cairns,-0.0025893403217196465,0.0025893403217196465,-1.2762953042984009
17,cat__Location_Canberra,0.0008621026063337922,0.0008621026063337922,-1.2762953042984009
17,cat__Location_Cobar,-0.0014111060881987214,0.0014111060881987214,-1.2762953042984009
17,cat__Location_CoffsHarbour,-0.0066369883716106415,0.0066369883716106415,-1.2762953042984009
17,cat__Location_Dartmoor,-0.0010440042242407799,0.0010440042242407799,-1.2762953042984009
17,cat__Location_Darwin,0.00776273338124156,0.00776273338124156,-1.2762953042984009
17,cat__Location_GoldCoast,0.0015541018219664693,0.0015541018219664693,-1.2762953042984009
17,cat__Location_Hobart,0.00921250693500042,0.00921250693500042,-1.2762953042984009
17,cat__Location_Katherine,0.00520407734438777,0.00520407734438777,-1.2762953042984009
17,cat__Location_Launceston,0.0019199845846742392,0.0019199845846742392,-1.2762953042984009
17,cat__Location_Melbourne,-0.0015421169809997082,0.0015421169809997082,-1.2762953042984009
17,cat__Location_MelbourneAirport,0.004689561203122139,0.004689561203122139,-1.2762953042984009
17,cat__Location_Mildura,0.000637902703601867,0.000637902703601867,-1.2762953042984009
17,cat__Location_Moree,8.55759863043204e-05,8.55759863043204e-05,-1.2762953042984009
17,cat__Location_MountGambier,-0.001078641740605235,0.001078641740605235,-1.2762953042984009
17,cat__Location_MountGinini,0.010432890616357327,0.010432890616357327,-1.2762953042984009
17,cat__Location_Newcastle,-3.4636574127944186e-05,3.4636574127944186e-05,-1.2762953042984009
17,cat__Location_Nhil,0.00244905729778111,0.00244905729778111,-1.2762953042984009
17,cat__Location_NorahHead,0.0061195651069283485,0.0061195651069283485,-1.2762953042984009
17,cat__Location_NorfolkIsland,0.001833974034525454,0.001833974034525454,-1.2762953042984009
17,cat__Location_Nuriootpa,-0.0012390482006594539,0.0012390482006594539,-1.2762953042984009
17,cat__Location_PearceRAAF,-0.0017955722287297249,0.0017955722287297249,-1.2762953042984009
17,cat__Location_Penrith,-0.0020653484389185905,0.0020653484389185905,-1.2762953042984009
17,cat__Location_Perth,-0.00841377954930067,0.00841377954930067,-1.2762953042984009
17,cat__Location_PerthAirport,-0.00418317224830389,0.00418317224830389,-1.2762953042984009
17,cat__Location_Portland,-0.0004173782072030008,0.0004173782072030008,-1.2762953042984009
17,cat__Location_Richmond,0.0002699466422200203,0.0002699466422200203,-1.2762953042984009
17,cat__Location_Sale,0.005092340055853128,0.005092340055853128,-1.2762953042984009
17,cat__Location_SalmonGums,-0.0005939106340520084,0.0005939106340520084,-1.2762953042984009
17,cat__Location_Sydney,-0.00818666908890009,0.00818666908890009,-1.2762953042984009
17,cat__Location_SydneyAirport,0.00018819242541212589,0.00018819242541212589,-1.2762953042984009
17,cat__Location_Townsville,0.015106201171875,0.015106201171875,-1.2762953042984009
17,cat__Location_Tuggeranong,-0.002323680557310581,0.002323680557310581,-1.2762953042984009
17,cat__Location_Uluru,0.00017736776499077678,0.00017736776499077678,-1.2762953042984009
17,cat__Location_WaggaWagga,-0.0017182491719722748,0.0017182491719722748,-1.2762953042984009
17,cat__Location_Walpole,-0.0020364155061542988,0.0020364155061542988,-1.2762953042984009
17,cat__Location_Watsonia,0.00037894080742262304,0.00037894080742262304,-1.2762953042984009
17,cat__Location_Williamtown,-0.004366068169474602,0.004366068169474602,-1.2762953042984009
17,cat__Location_Witchcliffe,-0.014448055066168308,0.014448055066168308,-1.2762953042984009
17,cat__Location_Wollongong,0.008472606539726257,0.008472606539726257,-1.2762953042984009
17,cat__Location_Woomera,0.0027039540000259876,0.0027039540000259876,-1.2762953042984009
17,cat__WindGustDir_E,0.0003804540610872209,0.0003804540610872209,-1.2762953042984009
17,cat__WindGustDir_ENE,-5.5820943089202046e-05,5.5820943089202046e-05,-1.2762953042984009
17,cat__WindGustDir_ESE,-0.00019418260490056127,0.00019418260490056127,-1.2762953042984009
17,cat__WindGustDir_N,-0.0027159375604242086,0.0027159375604242086,-1.2762953042984009
17,cat__WindGustDir_NE,0.00021612172713503242,0.00021612172713503242,-1.2762953042984009
17,cat__WindGustDir_NNE,-0.0001527859567431733,0.0001527859567431733,-1.2762953042984009
17,cat__WindGustDir_NNW,-0.00025216618087142706,0.00025216618087142706,-1.2762953042984009
17,cat__WindGustDir_NW,-0.0003015211841557175,0.0003015211841557175,-1.2762953042984009
17,cat__WindGustDir_S,-1.887840153358411e-05,1.887840153358411e-05,-1.2762953042984009
17,cat__WindGustDir_SE,-0.0004967780550941825,0.0004967780550941825,-1.2762953042984009
17,cat__WindGustDir_SSE,5.834237526869401e-05,5.834237526869401e-05,-1.2762953042984009
17,cat__WindGustDir_SSW,0.0002573672099970281,0.0002573672099970281,-1.2762953042984009
17,cat__WindGustDir_SW,-0.000332154450006783,0.000332154450006783,-1.2762953042984009
17,cat__WindGustDir_W,-0.0006935122073628008,0.0006935122073628008,-1.2762953042984009
17,cat__WindGustDir_WNW,-3.8040889194235206e-05,3.8040889194235206e-05,-1.2762953042984009
17,cat__WindGustDir_WSW,0.0002689365646801889,0.0002689365646801889,-1.2762953042984009
17,cat__WindDir9am_E,0.0007279075216501951,0.0007279075216501951,-1.2762953042984009
17,cat__WindDir9am_ENE,-0.0005082707502879202,0.0005082707502879202,-1.2762953042984009
17,cat__WindDir9am_ESE,0.0028066327795386314,0.0028066327795386314,-1.2762953042984009
17,cat__WindDir9am_N,-0.019216135144233704,0.019216135144233704,-1.2762953042984009
17,cat__WindDir9am_NE,-0.0027026126626878977,0.0027026126626878977,-1.2762953042984009
17,cat__WindDir9am_NNE,-0.012863213196396828,0.012863213196396828,-1.2762953042984009
17,cat__WindDir9am_NNW,5.633892578771338e-05,5.633892578771338e-05,-1.2762953042984009
17,cat__WindDir9am_NW,-0.001122231944464147,0.001122231944464147,-1.2762953042984009
17,cat__WindDir9am_S,0.009799388237297535,0.009799388237297535,-1.2762953042984009
17,cat__WindDir9am_SE,5.397962013375945e-06,5.397962013375945e-06,-1.2762953042984009
17,cat__WindDir9am_SSE,0.007721382193267345,0.007721382193267345,-1.2762953042984009
17,cat__WindDir9am_SSW,0.0016821298049762845,0.0016821298049762845,-1.2762953042984009
17,cat__WindDir9am_SW,0.0015393709763884544,0.0015393709763884544,-1.2762953042984009
17,cat__WindDir9am_W,3.1406336347572505e-05,3.1406336347572505e-05,-1.2762953042984009
17,cat__WindDir9am_WNW,-6.654454045929015e-05,6.654454045929015e-05,-1.2762953042984009
17,cat__WindDir9am_WSW,-9.090745152207091e-05,9.090745152207091e-05,-1.2762953042984009
17,cat__WindDir3pm_E,0.0014565925812348723,0.0014565925812348723,-1.2762953042984009
17,cat__WindDir3pm_ENE,-9.109151142183691e-05,9.109151142183691e-05,-1.2762953042984009
17,cat__WindDir3pm_ESE,0.0008509378531016409,0.0008509378531016409,-1.2762953042984009
17,cat__WindDir3pm_N,-0.008960540406405926,0.008960540406405926,-1.2762953042984009
17,cat__WindDir3pm_NE,0.0006270825397223234,0.0006270825397223234,-1.2762953042984009
17,cat__WindDir3pm_NNE,-0.00030498040723614395,0.00030498040723614395,-1.2762953042984009
17,cat__WindDir3pm_NNW,-0.01837253011763096,0.01837253011763096,-1.2762953042984009
17,cat__WindDir3pm_NW,-0.011010547168552876,0.011010547168552876,-1.2762953042984009
17,cat__WindDir3pm_S,-0.0002454113564454019,0.0002454113564454019,-1.2762953042984009
17,cat__WindDir3pm_SE,-7.742107118247077e-05,7.742107118247077e-05,-1.2762953042984009
17,cat__WindDir3pm_SSE,0.007860718294978142,0.007860718294978142,-1.2762953042984009
17,cat__WindDir3pm_SSW,-0.06260804831981659,0.06260804831981659,-1.2762953042984009
17,cat__WindDir3pm_SW,0.003070798236876726,0.003070798236876726,-1.2762953042984009
17,cat__WindDir3pm_W,-5.5976008297875524e-05,5.5976008297875524e-05,-1.2762953042984009
17,cat__WindDir3pm_WNW,-0.007207515183836222,0.007207515183836222,-1.2762953042984009
17,cat__WindDir3pm_WSW,0.00038216731627471745,0.00038216731627471745,-1.2762953042984009
17,cat__Season_Autumn,0.010348072275519371,0.010348072275519371,-1.2762953042984009
17,cat__Season_Spring,0.00011278578313067555,0.00011278578313067555,-1.2762953042984009
17,cat__Season_Summer,0.01752273365855217,0.01752273365855217,-1.2762953042984009
17,cat__Season_Winter,0.0013998727081343532,0.0013998727081343532,-1.2762953042984009
17,cat__WindIntensityCategory_High,4.642854037228972e-05,4.642854037228972e-05,-1.2762953042984009
17,cat__WindIntensityCategory_Low,-0.0026573187205940485,0.0026573187205940485,-1.2762953042984009
17,cat__WindIntensityCategory_Moderate,-0.006629779003560543,0.006629779003560543,-1.2762953042984009
17,cat__WindIntensityCategory_VeryHigh,0.0,0.0,-1.2762953042984009
17,cat__RainToday_No,0.0,0.0,-1.2762953042984009
17,cat__RainToday_Yes,0.0,0.0,-1.2762953042984009
18,num__MinTemp,-0.0030592787079513073,0.0030592787079513073,-1.2762953042984009
18,num__MaxTemp,-0.07718773186206818,0.07718773186206818,-1.2762953042984009
18,num__Rainfall,-0.121778205037117,0.121778205037117,-1.2762953042984009
18,num__Evaporation,0.006113847717642784,0.006113847717642784,-1.2762953042984009
18,num__Sunshine,0.5297032594680786,0.5297032594680786,-1.2762953042984009
18,num__WindGustSpeed,0.10763169825077057,0.10763169825077057,-1.2762953042984009
18,num__WindSpeed9am,-0.08155175298452377,0.08155175298452377,-1.2762953042984009
18,num__WindSpeed3pm,0.02714822255074978,0.02714822255074978,-1.2762953042984009
18,num__Humidity9am,-0.005668777972459793,0.005668777972459793,-1.2762953042984009
18,num__Humidity3pm,-1.0958234071731567,1.0958234071731567,-1.2762953042984009
18,num__Pressure9am,-0.0073914495296776295,0.0073914495296776295,-1.2762953042984009
18,num__Pressure3pm,-0.2881092131137848,0.2881092131137848,-1.2762953042984009
18,num__Cloud9am,-0.03272857889533043,0.03272857889533043,-1.2762953042984009
18,num__Cloud3pm,0.25857365131378174,0.25857365131378174,-1.2762953042984009
18,num__Temp9am,0.003133619436994195,0.003133619436994195,-1.2762953042984009
18,num__Temp3pm,-0.012187895365059376,0.012187895365059376,-1.2762953042984009
18,num__TemperatureDifference,-0.05649718642234802,0.05649718642234802,-1.2762953042984009
18,num__AverageTemperature,-0.03546641767024994,0.03546641767024994,-1.2762953042984009
18,num__HumidityIndex,-0.08117925375699997,0.08117925375699997,-1.2762953042984009
18,num__PressureDifference,-0.11104973405599594,0.11104973405599594,-1.2762953042984009
18,num__Month,0.0003840647987090051,0.0003840647987090051,-1.2762953042984009
18,num__Quarter,0.0,0.0,-1.2762953042984009
18,num__DayOfYear,0.0008699363679625094,0.0008699363679625094,-1.2762953042984009
18,num__IsWeekend,-0.0009935300331562757,0.0009935300331562757,-1.2762953042984009
18,num__RainfallIndicator,0.0,0.0,-1.2762953042984009
18,num__RainTodayBinary,0.0,0.0,-1.2762953042984009
18,cat__Location_Adelaide,-0.006287421565502882,0.006287421565502882,-1.2762953042984009
18,cat__Location_Albany,-3.2927644497249275e-05,3.2927644497249275e-05,-1.2762953042984009
18,cat__Location_Albury,-0.0019690166227519512,0.0019690166227519512,-1.2762953042984009
18,cat__Location_AliceSprings,6.256630877032876e-05,6.256630877032876e-05,-1.2762953042984009
18,cat__Location_BadgerysCreek,-0.0009788450552150607,0.0009788450552150607,-1.2762953042984009
18,cat__Location_Ballarat,-0.00020752096315845847,0.00020752096315845847,-1.2762953042984009
18,cat__Location_Bendigo,-0.0015275850892066956,0.0015275850892066956,-1.2762953042984009
18,cat__Location_Brisbane,-0.003559516277164221,0.003559516277164221,-1.2762953042984009
18,cat__Location_Cairns,-0.002761255484074354,0.002761255484074354,-1.2762953042984009
18,cat__Location_Canberra,0.0001512368326075375,0.0001512368326075375,-1.2762953042984009
18,cat__Location_Cobar,-0.0019924109801650047,0.0019924109801650047,-1.2762953042984009
18,cat__Location_CoffsHarbour,-0.0006488874787464738,0.0006488874787464738,-1.2762953042984009
18,cat__Location_Dartmoor,-0.001441558706574142,0.001441558706574142,-1.2762953042984009
18,cat__Location_Darwin,0.009754457511007786,0.009754457511007786,-1.2762953042984009
18,cat__Location_GoldCoast,0.003266183426603675,0.003266183426603675,-1.2762953042984009
18,cat__Location_Hobart,0.01026723999530077,0.01026723999530077,-1.2762953042984009
18,cat__Location_Katherine,0.004017856437712908,0.004017856437712908,-1.2762953042984009
18,cat__Location_Launceston,0.0019834553822875023,0.0019834553822875023,-1.2762953042984009
18,cat__Location_Melbourne,-0.0025182608515024185,0.0025182608515024185,-1.2762953042984009
18,cat__Location_MelbourneAirport,0.004096922464668751,0.004096922464668751,-1.2762953042984009
18,cat__Location_Mildura,7.986751734279096e-05,7.986751734279096e-05,-1.2762953042984009
18,cat__Location_Moree,8.55759863043204e-05,8.55759863043204e-05,-1.2762953042984009
18,cat__Location_MountGambier,-0.00011199654545634985,0.00011199654545634985,-1.2762953042984009
18,cat__Location_MountGinini,0.005145779810845852,0.005145779810845852,-1.2762953042984009
18,cat__Location_Newcastle,-3.4636574127944186e-05,3.4636574127944186e-05,-1.2762953042984009
18,cat__Location_Nhil,0.0017056612996384501,0.0017056612996384501,-1.2762953042984009
18,cat__Location_NorahHead,0.010186727158725262,0.010186727158725262,-1.2762953042984009
18,cat__Location_NorfolkIsland,0.001624144148081541,0.001624144148081541,-1.2762953042984009
18,cat__Location_Nuriootpa,6.951668910915032e-05,6.951668910915032e-05,-1.2762953042984009
18,cat__Location_PearceRAAF,-0.005345303099602461,0.005345303099602461,-1.2762953042984009
18,cat__Location_Penrith,0.001456323079764843,0.001456323079764843,-1.2762953042984009
18,cat__Location_Perth,-0.010498542338609695,0.010498542338609695,-1.2762953042984009
18,cat__Location_PerthAirport,-0.004996903706341982,0.004996903706341982,-1.2762953042984009
18,cat__Location_Portland,-0.00022359471768140793,0.00022359471768140793,-1.2762953042984009
18,cat__Location_Richmond,0.0020280249882489443,0.0020280249882489443,-1.2762953042984009
18,cat__Location_Sale,-0.31420671939849854,0.31420671939849854,-1.2762953042984009
18,cat__Location_SalmonGums,-0.005717907566577196,0.005717907566577196,-1.2762953042984009
18,cat__Location_Sydney,-0.005852111615240574,0.005852111615240574,-1.2762953042984009
18,cat__Location_SydneyAirport,0.00018819242541212589,0.00018819242541212589,-1.2762953042984009
18,cat__Location_Townsville,0.016948480159044266,0.016948480159044266,-1.2762953042984009
18,cat__Location_Tuggeranong,-0.001831853878684342,0.001831853878684342,-1.2762953042984009
18,cat__Location_Uluru,0.00017736776499077678,0.00017736776499077678,-1.2762953042984009
18,cat__Location_WaggaWagga,-0.001404547248966992,0.001404547248966992,-1.2762953042984009
18,cat__Location_Walpole,-0.001139146857894957,0.001139146857894957,-1.2762953042984009
18,cat__Location_Watsonia,0.0005264565697871149,0.0005264565697871149,-1.2762953042984009
18,cat__Location_Williamtown,-0.0037285899743437767,0.0037285899743437767,-1.2762953042984009
18,cat__Location_Witchcliffe,-0.006818493362516165,0.006818493362516165,-1.2762953042984009
18,cat__Location_Wollongong,0.015027962625026703,0.015027962625026703,-1.2762953042984009
18,cat__Location_Woomera,0.0027342888060957193,0.0027342888060957193,-1.2762953042984009
18,cat__WindGustDir_E,0.0014170764479786158,0.0014170764479786158,-1.2762953042984009
18,cat__WindGustDir_ENE,-0.0003002776065841317,0.0003002776065841317,-1.2762953042984009
18,cat__WindGustDir_ESE,-0.00013943162048235536,0.00013943162048235536,-1.2762953042984009
18,cat__WindGustDir_N,0.0013637588126584888,0.0013637588126584888,-1.2762953042984009
18,cat__WindGustDir_NE,7.203991117421538e-05,7.203991117421538e-05,-1.2762953042984009
18,cat__WindGustDir_NNE,-0.00011406118574086577,0.00011406118574086577,-1.2762953042984009
18,cat__WindGustDir_NNW,-0.00024104774638544768,0.00024104774638544768,-1.2762953042984009
18,cat__WindGustDir_NW,-0.00033041121787391603,0.00033041121787391603,-1.2762953042984009
18,cat__WindGustDir_S,-7.48617312638089e-05,7.48617312638089e-05,-1.2762953042984009
18,cat__WindGustDir_SE,-0.005807115696370602,0.005807115696370602,-1.2762953042984009
18,cat__WindGustDir_SSE,-5.62925124540925e-05,5.62925124540925e-05,-1.2762953042984009
18,cat__WindGustDir_SSW,0.0001486517139710486,0.0001486517139710486,-1.2762953042984009
18,cat__WindGustDir_SW,-0.00019544499809853733,0.00019544499809853733,-1.2762953042984009
18,cat__WindGustDir_W,0.010375356301665306,0.010375356301665306,-1.2762953042984009
18,cat__WindGustDir_WNW,-5.703127317246981e-05,5.703127317246981e-05,-1.2762953042984009
18,cat__WindGustDir_WSW,1.4292560081230476e-05,1.4292560081230476e-05,-1.2762953042984009
18,cat__WindDir9am_E,0.0009249751456081867,0.0009249751456081867,-1.2762953042984009
18,cat__WindDir9am_ENE,-0.0011652364628389478,0.0011652364628389478,-1.2762953042984009
18,cat__WindDir9am_ESE,0.0028066327795386314,0.0028066327795386314,-1.2762953042984009
18,cat__WindDir9am_N,-0.019030466675758362,0.019030466675758362,-1.2762953042984009
18,cat__WindDir9am_NE,-0.0027728185523301363,0.0027728185523301363,-1.2762953042984009
18,cat__WindDir9am_NNE,-0.014441442675888538,0.014441442675888538,-1.2762953042984009
18,cat__WindDir9am_NNW,-0.00011254266428295523,0.00011254266428295523,-1.2762953042984009
18,cat__WindDir9am_NW,-0.001896843547001481,0.001896843547001481,-1.2762953042984009
18,cat__WindDir9am_S,0.01706826500594616,0.01706826500594616,-1.2762953042984009
18,cat__WindDir9am_SE,5.397962013375945e-06,5.397962013375945e-06,-1.2762953042984009
18,cat__WindDir9am_SSE,0.009730987250804901,0.009730987250804901,-1.2762953042984009
18,cat__WindDir9am_SSW,0.0018022846197709441,0.0018022846197709441,-1.2762953042984009
18,cat__WindDir9am_SW,-0.00037777042598463595,0.00037777042598463595,-1.2762953042984009
18,cat__WindDir9am_W,-7.221979103633203e-06,7.221979103633203e-06,-1.2762953042984009
18,cat__WindDir9am_WNW,-3.367880708537996e-05,3.367880708537996e-05,-1.2762953042984009
18,cat__WindDir9am_WSW,0.0006289592711254954,0.0006289592711254954,-1.2762953042984009
18,cat__WindDir3pm_E,0.0009064152254723012,0.0009064152254723012,-1.2762953042984009
18,cat__WindDir3pm_ENE,-0.00011473404447315261,0.00011473404447315261,-1.2762953042984009
18,cat__WindDir3pm_ESE,0.0008380309445783496,0.0008380309445783496,-1.2762953042984009
18,cat__WindDir3pm_N,-0.017094632610678673,0.017094632610678673,-1.2762953042984009
18,cat__WindDir3pm_NE,0.0003562693891581148,0.0003562693891581148,-1.2762953042984009
18,cat__WindDir3pm_NNE,-0.0006143228965811431,0.0006143228965811431,-1.2762953042984009
18,cat__WindDir3pm_NNW,-0.019623784348368645,0.019623784348368645,-1.2762953042984009
18,cat__WindDir3pm_NW,-0.017840594053268433,0.017840594053268433,-1.2762953042984009
18,cat__WindDir3pm_S,-0.00014269321400206536,0.00014269321400206536,-1.2762953042984009
18,cat__WindDir3pm_SE,-0.00020026486890856177,0.00020026486890856177,-1.2762953042984009
18,cat__WindDir3pm_SSE,0.0050827208906412125,0.0050827208906412125,-1.2762953042984009
18,cat__WindDir3pm_SSW,0.004595253150910139,0.004595253150910139,-1.2762953042984009
18,cat__WindDir3pm_SW,0.003251755842939019,0.003251755842939019,-1.2762953042984009
18,cat__WindDir3pm_W,9.634124580770731e-06,9.634124580770731e-06,-1.2762953042984009
18,cat__WindDir3pm_WNW,-0.005155220627784729,0.005155220627784729,-1.2762953042984009
18,cat__WindDir3pm_WSW,-0.023307614028453827,0.023307614028453827,-1.2762953042984009
18,cat__Season_Autumn,-0.0038812439888715744,0.0038812439888715744,-1.2762953042984009
18,cat__Season_Spring,0.0002909247996285558,0.0002909247996285558,-1.2762953042984009
18,cat__Season_Summer,-0.0675281509757042,0.0675281509757042,-1.2762953042984009
18,cat__Season_Winter,0.0009284805855713785,0.0009284805855713785,-1.2762953042984009
18,cat__WindIntensityCategory_High,2.5962330255424604e-05,2.5962330255424604e-05,-1.2762953042984009
18,cat__WindIntensityCategory_Low,-0.0003204699605703354,0.0003204699605703354,-1.2762953042984009
18,cat__WindIntensityCategory_Moderate,-0.002973552793264389,0.002973552793264389,-1.2762953042984009
18,cat__WindIntensityCategory_VeryHigh,0.0,0.0,-1.2762953042984009
18,cat__RainToday_No,0.0,0.0,-1.2762953042984009
18,cat__RainToday_Yes,0.0,0.0,-1.2762953042984009
19,num__MinTemp,-0.022893328219652176,0.022893328219652176,-1.2762953042984009
19,num__MaxTemp,-0.09149805456399918,0.09149805456399918,-1.2762953042984009
19,num__Rainfall,-0.1348532885313034,0.1348532885313034,-1.2762953042984009
19,num__Evaporation,0.013523840345442295,0.013523840345442295,-1.2762953042984009
19,num__Sunshine,0.07698581367731094,0.07698581367731094,-1.2762953042984009
19,num__WindGustSpeed,-0.36471104621887207,0.36471104621887207,-1.2762953042984009
19,num__WindSpeed9am,0.03374889865517616,0.03374889865517616,-1.2762953042984009
19,num__WindSpeed3pm,-0.0451413057744503,0.0451413057744503,-1.2762953042984009
19,num__Humidity9am,0.0569654181599617,0.0569654181599617,-1.2762953042984009
19,num__Humidity3pm,-0.8345715403556824,0.8345715403556824,-1.2762953042984009
19,num__Pressure9am,-0.0757678747177124,0.0757678747177124,-1.2762953042984009
19,num__Pressure3pm,-0.5545136332511902,0.5545136332511902,-1.2762953042984009
19,num__Cloud9am,-0.012224812060594559,0.012224812060594559,-1.2762953042984009
19,num__Cloud3pm,-0.3986091911792755,0.3986091911792755,-1.2762953042984009
19,num__Temp9am,-0.04656315967440605,0.04656315967440605,-1.2762953042984009
19,num__Temp3pm,0.0007550091831944883,0.0007550091831944883,-1.2762953042984009
19,num__TemperatureDifference,-0.14932014048099518,0.14932014048099518,-1.2762953042984009
19,num__AverageTemperature,-0.0451824776828289,0.0451824776828289,-1.2762953042984009
19,num__HumidityIndex,0.040619928389787674,0.040619928389787674,-1.2762953042984009
19,num__PressureDifference,0.30900755524635315,0.30900755524635315,-1.2762953042984009
19,num__Month,-0.001194269978441298,0.001194269978441298,-1.2762953042984009
19,num__Quarter,0.0,0.0,-1.2762953042984009
19,num__DayOfYear,0.02648354135453701,0.02648354135453701,-1.2762953042984009
19,num__IsWeekend,0.020932747051119804,0.020932747051119804,-1.2762953042984009
19,num__RainfallIndicator,0.0,0.0,-1.2762953042984009
19,num__RainTodayBinary,0.0,0.0,-1.2762953042984009
19,cat__Location_Adelaide,-0.006622021552175283,0.006622021552175283,-1.2762953042984009
19,cat__Location_Albany,0.000175731023773551,0.000175731023773551,-1.2762953042984009
19,cat__Location_Albury,-0.0059515368193387985,0.0059515368193387985,-1.2762953042984009
19,cat__Location_AliceSprings,2.634336124174297e-05,2.634336124174297e-05,-1.2762953042984009
19,cat__Location_BadgerysCreek,-0.0009319089585915208,0.0009319089585915208,-1.2762953042984009
19,cat__Location_Ballarat,0.005403774790465832,0.005403774790465832,-1.2762953042984009
19,cat__Location_Bendigo,-0.001070748083293438,0.001070748083293438,-1.2762953042984009
19,cat__Location_Brisbane,-0.011250450275838375,0.011250450275838375,-1.2762953042984009
19,cat__Location_Cairns,-0.0011460335226729512,0.0011460335226729512,-1.2762953042984009
19,cat__Location_Canberra,-0.0010450102854520082,0.0010450102854520082,-1.2762953042984009
19,cat__Location_Cobar,0.0005041817203164101,0.0005041817203164101,-1.2762953042984009
19,cat__Location_CoffsHarbour,-0.001328201498836279,0.001328201498836279,-1.2762953042984009
19,cat__Location_Dartmoor,-0.0012592661660164595,0.0012592661660164595,-1.2762953042984009
19,cat__Location_Darwin,0.008452454581856728,0.008452454581856728,-1.2762953042984009
19,cat__Location_GoldCoast,0.0031223210971802473,0.0031223210971802473,-1.2762953042984009
19,cat__Location_Hobart,0.007532545365393162,0.007532545365393162,-1.2762953042984009
19,cat__Location_Katherine,0.008244819939136505,0.008244819939136505,-1.2762953042984009
19,cat__Location_Launceston,0.0012316195061430335,0.0012316195061430335,-1.2762953042984009
19,cat__Location_Melbourne,-0.0008133860537782311,0.0008133860537782311,-1.2762953042984009
19,cat__Location_MelbourneAirport,0.000332320953020826,0.000332320953020826,-1.2762953042984009
19,cat__Location_Mildura,7.986751734279096e-05,7.986751734279096e-05,-1.2762953042984009
19,cat__Location_Moree,0.00044204859295859933,0.00044204859295859933,-1.2762953042984009
19,cat__Location_MountGambier,-5.654407141264528e-05,5.654407141264528e-05,-1.2762953042984009
19,cat__Location_MountGinini,0.004509889055043459,0.004509889055043459,-1.2762953042984009
19,cat__Location_Newcastle,-3.463657048996538e-05,3.463657048996538e-05,-1.2762953042984009
19,cat__Location_Nhil,0.0007260604179464281,0.0007260604179464281,-1.2762953042984009
19,cat__Location_NorahHead,0.01583242230117321,0.01583242230117321,-1.2762953042984009
19,cat__Location_NorfolkIsland,-0.0018801314290612936,0.0018801314290612936,-1.2762953042984009
19,cat__Location_Nuriootpa,6.453047535615042e-05,6.453047535615042e-05,-1.2762953042984009
19,cat__Location_PearceRAAF,-0.007582755759358406,0.007582755759358406,-1.2762953042984009
19,cat__Location_Penrith,-0.002471677493304014,0.002471677493304014,-1.2762953042984009
19,cat__Location_Perth,-0.0071418932639062405,0.0071418932639062405,-1.2762953042984009
19,cat__Location_PerthAirport,-0.002589999930933118,0.002589999930933118,-1.2762953042984009
19,cat__Location_Portland,-0.0020767333917319775,0.0020767333917319775,-1.2762953042984009
19,cat__Location_Richmond,-0.000592575641348958,0.000592575641348958,-1.2762953042984009
19,cat__Location_Sale,-0.34375399351119995,0.34375399351119995,-1.2762953042984009
19,cat__Location_SalmonGums,-0.002597691025584936,0.002597691025584936,-1.2762953042984009
19,cat__Location_Sydney,-0.002356341341510415,0.002356341341510415,-1.2762953042984009
19,cat__Location_SydneyAirport,9.40583340707235e-05,9.40583340707235e-05,-1.2762953042984009
19,cat__Location_Townsville,0.012646127492189407,0.012646127492189407,-1.2762953042984009
19,cat__Location_Tuggeranong,-0.004580593202263117,0.004580593202263117,-1.2762953042984009
19,cat__Location_Uluru,0.00017736776499077678,0.00017736776499077678,-1.2762953042984009
19,cat__Location_WaggaWagga,-0.004891150165349245,0.004891150165349245,-1.2762953042984009
19,cat__Location_Walpole,0.0022274574730545282,0.0022274574730545282,-1.2762953042984009
19,cat__Location_Watsonia,0.0011481273686513305,0.0011481273686513305,-1.2762953042984009
19,cat__Location_Williamtown,-0.012966729700565338,0.012966729700565338,-1.2762953042984009
19,cat__Location_Witchcliffe,-0.007106515113264322,0.007106515113264322,-1.2762953042984009
19,cat__Location_Wollongong,0.016487140208482742,0.016487140208482742,-1.2762953042984009
19,cat__Location_Woomera,0.0005219941958785057,0.0005219941958785057,-1.2762953042984009
19,cat__WindGustDir_E,-0.02896607294678688,0.02896607294678688,-1.2762953042984009
19,cat__WindGustDir_ENE,-0.00029061190434731543,0.00029061190434731543,-1.2762953042984009
19,cat__WindGustDir_ESE,-2.4586141080362722e-05,2.4586141080362722e-05,-1.2762953042984009
19,cat__WindGustDir_N,-0.0013914300361648202,0.0013914300361648202,-1.2762953042984009
19,cat__WindGustDir_NE,-0.0031286701560020447,0.0031286701560020447,-1.2762953042984009
19,cat__WindGustDir_NNE,-0.000175622379174456,0.000175622379174456,-1.2762953042984009
19,cat__WindGustDir_NNW,-0.00019616687495727092,0.00019616687495727092,-1.2762953042984009
19,cat__WindGustDir_NW,-0.0003670272708404809,0.0003670272708404809,-1.2762953042984009
19,cat__WindGustDir_S,-5.450679600471631e-05,5.450679600471631e-05,-1.2762953042984009
19,cat__WindGustDir_SE,-0.00556725449860096,0.00556725449860096,-1.2762953042984009
19,cat__WindGustDir_SSE,-7.571153400931507e-05,7.571153400931507e-05,-1.2762953042984009
19,cat__WindGustDir_SSW,0.00016099409549497068,0.00016099409549497068,-1.2762953042984009
19,cat__WindGustDir_SW,-0.0005189166404306889,0.0005189166404306889,-1.2762953042984009
19,cat__WindGustDir_W,-0.0008856552885845304,0.0008856552885845304,-1.2762953042984009
19,cat__WindGustDir_WNW,-5.8285681006964296e-05,5.8285681006964296e-05,-1.2762953042984009
19,cat__WindGustDir_WSW,-4.3596479372354224e-05,4.3596479372354224e-05,-1.2762953042984009
19,cat__WindDir9am_E,0.0011492621852084994,0.0011492621852084994,-1.2762953042984009
19,cat__WindDir9am_ENE,0.00918352697044611,0.00918352697044611,-1.2762953042984009
19,cat__WindDir9am_ESE,0.0028795204125344753,0.0028795204125344753,-1.2762953042984009
19,cat__WindDir9am_N,-0.0051546720787882805,0.0051546720787882805,-1.2762953042984009
19,cat__WindDir9am_NE,-0.004346795380115509,0.004346795380115509,-1.2762953042984009
19,cat__WindDir9am_NNE,0.0013438540045171976,0.0013438540045171976,-1.2762953042984009
19,cat__WindDir9am_NNW,-6.766734441043809e-05,6.766734441043809e-05,-1.2762953042984009
19,cat__WindDir9am_NW,-0.002450129948556423,0.002450129948556423,-1.2762953042984009
19,cat__WindDir9am_S,0.007945502176880836,0.007945502176880836,-1.2762953042984009
19,cat__WindDir9am_SE,5.397962013375945e-06,5.397962013375945e-06,-1.2762953042984009
19,cat__WindDir9am_SSE,0.008209774270653725,0.008209774270653725,-1.2762953042984009
19,cat__WindDir9am_SSW,0.0014910652535036206,0.0014910652535036206,-1.2762953042984009
19,cat__WindDir9am_SW,-0.0010854369029402733,0.0010854369029402733,-1.2762953042984009
19,cat__WindDir9am_W,-7.209044269984588e-05,7.209044269984588e-05,-1.2762953042984009
19,cat__WindDir9am_WNW,-2.942660648841411e-05,2.942660648841411e-05,-1.2762953042984009
19,cat__WindDir9am_WSW,4.167584120295942e-05,4.167584120295942e-05,-1.2762953042984009
19,cat__WindDir3pm_E,-0.020145131275057793,0.020145131275057793,-1.2762953042984009
19,cat__WindDir3pm_ENE,-0.00015257022459991276,0.00015257022459991276,-1.2762953042984009
19,cat__WindDir3pm_ESE,0.00027729797875508666,0.00027729797875508666,-1.2762953042984009
19,cat__WindDir3pm_N,-0.0028459772001951933,0.0028459772001951933,-1.2762953042984009
19,cat__WindDir3pm_NE,-0.0008988220361061394,0.0008988220361061394,-1.2762953042984009
19,cat__WindDir3pm_NNE,-0.00046735117211937904,0.00046735117211937904,-1.2762953042984009
19,cat__WindDir3pm_NNW,-0.008713583461940289,0.008713583461940289,-1.2762953042984009
19,cat__WindDir3pm_NW,-0.0036477569956332445,0.0036477569956332445,-1.2762953042984009
19,cat__WindDir3pm_S,-0.0002840698871295899,0.0002840698871295899,-1.2762953042984009
19,cat__WindDir3pm_SE,-0.00013723636220674962,0.00013723636220674962,-1.2762953042984009
19,cat__WindDir3pm_SSE,0.004201820585876703,0.004201820585876703,-1.2762953042984009
19,cat__WindDir3pm_SSW,0.004323252942413092,0.004323252942413092,-1.2762953042984009
19,cat__WindDir3pm_SW,0.002896609716117382,0.002896609716117382,-1.2762953042984009
19,cat__WindDir3pm_W,5.0520640797913074e-05,5.0520640797913074e-05,-1.2762953042984009
19,cat__WindDir3pm_WNW,-0.006780943367630243,0.006780943367630243,-1.2762953042984009
19,cat__WindDir3pm_WSW,0.0001561051030876115,0.0001561051030876115,-1.2762953042984009
19,cat__Season_Autumn,0.0015280023217201233,0.0015280023217201233,-1.2762953042984009
19,cat__Season_Spring,0.0002925963781308383,0.0002925963781308383,-1.2762953042984009
19,cat__Season_Summer,0.007435208652168512,0.007435208652168512,-1.2762953042984009
19,cat__Season_Winter,-0.0017838689964264631,0.0017838689964264631,-1.2762953042984009
19,cat__WindIntensityCategory_High,-5.756523023592308e-06,5.756523023592308e-06,-1.2762953042984009
19,cat__WindIntensityCategory_Low,-0.00025104350061155856,0.00025104350061155856,-1.2762953042984009
19,cat__WindIntensityCategory_Moderate,0.0038119449745863676,0.0038119449745863676,-1.2762953042984009
19,cat__WindIntensityCategory_VeryHigh,0.0,0.0,-1.2762953042984009
19,cat__RainToday_No,0.0,0.0,-1.2762953042984009
19,cat__RainToday_Yes,0.0,0.0,-1.2762953042984009
20,num__MinTemp,-0.13823437690734863,0.13823437690734863,-1.2762953042984009
20,num__MaxTemp,0.07867689430713654,0.07867689430713654,-1.2762953042984009
20,num__Rainfall,-0.16824668645858765,0.16824668645858765,-1.2762953042984009
20,num__Evaporation,0.01855110563337803,0.01855110563337803,-1.2762953042984009
20,num__Sunshine,0.4141215682029724,0.4141215682029724,-1.2762953042984009
20,num__WindGustSpeed,-0.6029205322265625,0.6029205322265625,-1.2762953042984009
20,num__WindSpeed9am,0.017186863347887993,0.017186863347887993,-1.2762953042984009
20,num__WindSpeed3pm,0.03683222830295563,0.03683222830295563,-1.2762953042984009
20,num__Humidity9am,0.009749426506459713,0.009749426506459713,-1.2762953042984009
20,num__Humidity3pm,-0.34267616271972656,0.34267616271972656,-1.2762953042984009
20,num__Pressure9am,-0.16077499091625214,0.16077499091625214,-1.2762953042984009
20,num__Pressure3pm,-0.9236764311790466,0.9236764311790466,-1.2762953042984009
20,num__Cloud9am,-0.03476199507713318,0.03476199507713318,-1.2762953042984009
20,num__Cloud3pm,-0.015113278292119503,0.015113278292119503,-1.2762953042984009
20,num__Temp9am,-0.14851295948028564,0.14851295948028564,-1.2762953042984009
20,num__Temp3pm,0.0006412513321265578,0.0006412513321265578,-1.2762953042984009
20,num__TemperatureDifference,-0.0659962072968483,0.0659962072968483,-1.2762953042984009
20,num__AverageTemperature,0.030663102865219116,0.030663102865219116,-1.2762953042984009
20,num__HumidityIndex,0.012852107174694538,0.012852107174694538,-1.2762953042984009
20,num__PressureDifference,0.03437266871333122,0.03437266871333122,-1.2762953042984009
20,num__Month,-0.0004667102184612304,0.0004667102184612304,-1.2762953042984009
20,num__Quarter,0.0,0.0,-1.2762953042984009
20,num__DayOfYear,0.0714646577835083,0.0714646577835083,-1.2762953042984009
20,num__IsWeekend,-0.0009819797705858946,0.0009819797705858946,-1.2762953042984009
20,num__RainfallIndicator,0.0,0.0,-1.2762953042984009
20,num__RainTodayBinary,0.0,0.0,-1.2762953042984009
20,cat__Location_Adelaide,-0.008433968760073185,0.008433968760073185,-1.2762953042984009
20,cat__Location_Albany,3.504736741888337e-05,3.504736741888337e-05,-1.2762953042984009
20,cat__Location_Albury,-0.003271621186286211,0.003271621186286211,-1.2762953042984009
20,cat__Location_AliceSprings,0.002412283793091774,0.002412283793091774,-1.2762953042984009
20,cat__Location_BadgerysCreek,-0.002393934642896056,0.002393934642896056,-1.2762953042984009
20,cat__Location_Ballarat,0.005160386208444834,0.005160386208444834,-1.2762953042984009
20,cat__Location_Bendigo,-0.0015936671989038587,0.0015936671989038587,-1.2762953042984009
20,cat__Location_Brisbane,-0.01825127936899662,0.01825127936899662,-1.2762953042984009
20,cat__Location_Cairns,0.0008830893784761429,0.0008830893784761429,-1.2762953042984009
20,cat__Location_Canberra,0.00013032864080742002,0.00013032864080742002,-1.2762953042984009
20,cat__Location_Cobar,0.000312098884023726,0.000312098884023726,-1.2762953042984009
20,cat__Location_CoffsHarbour,-0.0034094061702489853,0.0034094061702489853,-1.2762953042984009
20,cat__Location_Dartmoor,-0.002928127534687519,0.002928127534687519,-1.2762953042984009
20,cat__Location_Darwin,0.007749761454761028,0.007749761454761028,-1.2762953042984009
20,cat__Location_GoldCoast,0.002295151585713029,0.002295151585713029,-1.2762953042984009
20,cat__Location_Hobart,0.010338406078517437,0.010338406078517437,-1.2762953042984009
20,cat__Location_Katherine,0.0071323770098388195,0.0071323770098388195,-1.2762953042984009
20,cat__Location_Launceston,0.000975156610365957,0.000975156610365957,-1.2762953042984009
20,cat__Location_Melbourne,-0.0005876963259652257,0.0005876963259652257,-1.2762953042984009
20,cat__Location_MelbourneAirport,0.003856136929243803,0.003856136929243803,-1.2762953042984009
20,cat__Location_Mildura,0.00020048148871865124,0.00020048148871865124,-1.2762953042984009
20,cat__Location_Moree,3.1656891223974526e-05,3.1656891223974526e-05,-1.2762953042984009
20,cat__Location_MountGambier,-0.0002788605634123087,0.0002788605634123087,-1.2762953042984009
20,cat__Location_MountGinini,0.009562797844409943,0.009562797844409943,-1.2762953042984009
20,cat__Location_Newcastle,-3.4636574127944186e-05,3.4636574127944186e-05,-1.2762953042984009
20,cat__Location_Nhil,0.0009143598726950586,0.0009143598726950586,-1.2762953042984009
20,cat__Location_NorahHead,0.0013678243849426508,0.0013678243849426508,-1.2762953042984009
20,cat__Location_NorfolkIsland,0.0005553255323320627,0.0005553255323320627,-1.2762953042984009
20,cat__Location_Nuriootpa,-0.002000402892008424,0.002000402892008424,-1.2762953042984009
20,cat__Location_PearceRAAF,-0.0034366450272500515,0.0034366450272500515,-1.2762953042984009
20,cat__Location_Penrith,-0.0036070100031793118,0.0036070100031793118,-1.2762953042984009
20,cat__Location_Perth,-0.008394665084779263,0.008394665084779263,-1.2762953042984009
20,cat__Location_PerthAirport,-0.006021635606884956,0.006021635606884956,-1.2762953042984009
20,cat__Location_Portland,-0.0022356573026627302,0.0022356573026627302,-1.2762953042984009
20,cat__Location_Richmond,-0.0004686809843406081,0.0004686809843406081,-1.2762953042984009
20,cat__Location_Sale,0.005611581727862358,0.005611581727862358,-1.2762953042984009
20,cat__Location_SalmonGums,-0.003530830843374133,0.003530830843374133,-1.2762953042984009
20,cat__Location_Sydney,-0.011271651834249496,0.011271651834249496,-1.2762953042984009
20,cat__Location_SydneyAirport,9.40583340707235e-05,9.40583340707235e-05,-1.2762953042984009
20,cat__Location_Townsville,0.016777189448475838,0.016777189448475838,-1.2762953042984009
20,cat__Location_Tuggeranong,-0.003527094144374132,0.003527094144374132,-1.2762953042984009
20,cat__Location_Uluru,0.00017736776499077678,0.00017736776499077678,-1.2762953042984009
20,cat__Location_WaggaWagga,-0.0028028374072164297,0.0028028374072164297,-1.2762953042984009
20,cat__Location_Walpole,-0.0008310356643050909,0.0008310356643050909,-1.2762953042984009
20,cat__Location_Watsonia,0.0012381535489112139,0.0012381535489112139,-1.2762953042984009
20,cat__Location_Williamtown,-0.01256812084466219,0.01256812084466219,-1.2762953042984009
20,cat__Location_Witchcliffe,-0.010014803148806095,0.010014803148806095,-1.2762953042984009
20,cat__Location_Wollongong,0.0071523431688547134,0.0071523431688547134,-1.2762953042984009
20,cat__Location_Woomera,0.002310772892087698,0.002310772892087698,-1.2762953042984009
20,cat__WindGustDir_E,0.0003811031929217279,0.0003811031929217279,-1.2762953042984009
20,cat__WindGustDir_ENE,-0.00011179315333720297,0.00011179315333720297,-1.2762953042984009
20,cat__WindGustDir_ESE,-0.00011266244109719992,0.00011266244109719992,-1.2762953042984009
20,cat__WindGustDir_N,-0.07891465723514557,0.07891465723514557,-1.2762953042984009
20,cat__WindGustDir_NE,-0.0012438014382496476,0.0012438014382496476,-1.2762953042984009
20,cat__WindGustDir_NNE,-0.00015244875976350158,0.00015244875976350158,-1.2762953042984009
20,cat__WindGustDir_NNW,-0.00019182675168849528,0.00019182675168849528,-1.2762953042984009
20,cat__WindGustDir_NW,-0.0020636471454054117,0.0020636471454054117,-1.2762953042984009
20,cat__WindGustDir_S,-1.8898157577496022e-05,1.8898157577496022e-05,-1.2762953042984009
20,cat__WindGustDir_SE,-0.00043124574585817754,0.00043124574585817754,-1.2762953042984009
20,cat__WindGustDir_SSE,-6.92970643285662e-05,6.92970643285662e-05,-1.2762953042984009
20,cat__WindGustDir_SSW,0.00015781827096361667,0.00015781827096361667,-1.2762953042984009
20,cat__WindGustDir_SW,-1.214435906149447e-05,1.214435906149447e-05,-1.2762953042984009
20,cat__WindGustDir_W,-0.0009376263478770852,0.0009376263478770852,-1.2762953042984009
20,cat__WindGustDir_WNW,-6.834384112153202e-05,6.834384112153202e-05,-1.2762953042984009
20,cat__WindGustDir_WSW,-0.0017084372229874134,0.0017084372229874134,-1.2762953042984009
20,cat__WindDir9am_E,0.0012135005090385675,0.0012135005090385675,-1.2762953042984009
20,cat__WindDir9am_ENE,-0.00174177554436028,0.00174177554436028,-1.2762953042984009
20,cat__WindDir9am_ESE,0.0028561963699758053,0.0028561963699758053,-1.2762953042984009
20,cat__WindDir9am_N,-0.006323611829429865,0.006323611829429865,-1.2762953042984009
20,cat__WindDir9am_NE,-0.0014172112569212914,0.0014172112569212914,-1.2762953042984009
20,cat__WindDir9am_NNE,-0.0006577009335160255,0.0006577009335160255,-1.2762953042984009
20,cat__WindDir9am_NNW,-4.83103831356857e-05,4.83103831356857e-05,-1.2762953042984009
20,cat__WindDir9am_NW,-0.0014926518779248,0.0014926518779248,-1.2762953042984009
20,cat__WindDir9am_S,0.013490596786141396,0.013490596786141396,-1.2762953042984009
20,cat__WindDir9am_SE,5.397962013375945e-06,5.397962013375945e-06,-1.2762953042984009
20,cat__WindDir9am_SSE,0.0102193308994174,0.0102193308994174,-1.2762953042984009
20,cat__WindDir9am_SSW,0.0014635400148108602,0.0014635400148108602,-1.2762953042984009
20,cat__WindDir9am_SW,-0.0002834302431438118,0.0002834302431438118,-1.2762953042984009
20,cat__WindDir9am_W,-9.97725801425986e-05,9.97725801425986e-05,-1.2762953042984009
20,cat__WindDir9am_WNW,-3.05161411233712e-05,3.05161411233712e-05,-1.2762953042984009
20,cat__WindDir9am_WSW,2.28277531277854e-05,2.28277531277854e-05,-1.2762953042984009
20,cat__WindDir3pm_E,0.0004601262044161558,0.0004601262044161558,-1.2762953042984009
20,cat__WindDir3pm_ENE,-0.00012846825120504946,0.00012846825120504946,-1.2762953042984009
20,cat__WindDir3pm_ESE,0.00029260385781526566,0.00029260385781526566,-1.2762953042984009
20,cat__WindDir3pm_N,-0.001727753202430904,0.001727753202430904,-1.2762953042984009
20,cat__WindDir3pm_NE,0.004236479289829731,0.004236479289829731,-1.2762953042984009
20,cat__WindDir3pm_NNE,-0.006156111601740122,0.006156111601740122,-1.2762953042984009
20,cat__WindDir3pm_NNW,-0.009057111106812954,0.009057111106812954,-1.2762953042984009
20,cat__WindDir3pm_NW,0.004821346141397953,0.004821346141397953,-1.2762953042984009
20,cat__WindDir3pm_S,-0.0001919965143315494,0.0001919965143315494,-1.2762953042984009
20,cat__WindDir3pm_SE,-0.00010989588918164372,0.00010989588918164372,-1.2762953042984009
20,cat__WindDir3pm_SSE,0.006435352843254805,0.006435352843254805,-1.2762953042984009
20,cat__WindDir3pm_SSW,0.004421062767505646,0.004421062767505646,-1.2762953042984009
20,cat__WindDir3pm_SW,-0.06451766192913055,0.06451766192913055,-1.2762953042984009
20,cat__WindDir3pm_W,1.6017118468880653e-05,1.6017118468880653e-05,-1.2762953042984009
20,cat__WindDir3pm_WNW,-0.010709404945373535,0.010709404945373535,-1.2762953042984009
20,cat__WindDir3pm_WSW,0.00016074767336249352,0.00016074767336249352,-1.2762953042984009
20,cat__Season_Autumn,0.002480593975633383,0.002480593975633383,-1.2762953042984009
20,cat__Season_Spring,0.00022264229482971132,0.00022264229482971132,-1.2762953042984009
20,cat__Season_Summer,0.004738113842904568,0.004738113842904568,-1.2762953042984009
20,cat__Season_Winter,-0.01902264729142189,0.01902264729142189,-1.2762953042984009
20,cat__WindIntensityCategory_High,2.5962330255424604e-05,2.5962330255424604e-05,-1.2762953042984009
20,cat__WindIntensityCategory_Low,0.002099520293995738,0.002099520293995738,-1.2762953042984009
20,cat__WindIntensityCategory_Moderate,0.004693305119872093,0.004693305119872093,-1.2762953042984009
20,cat__WindIntensityCategory_VeryHigh,0.0,0.0,-1.2762953042984009
20,cat__RainToday_No,0.0,0.0,-1.2762953042984009
20,cat__RainToday_Yes,0.0,0.0,-1.2762953042984009
21,num__MinTemp,-0.08476456999778748,0.08476456999778748,-1.2762953042984009
21,num__MaxTemp,-0.006747901439666748,0.006747901439666748,-1.2762953042984009
21,num__Rainfall,-0.12348723411560059,0.12348723411560059,-1.2762953042984009
21,num__Evaporation,-0.058071065694093704,0.058071065694093704,-1.2762953042984009
21,num__Sunshine,-1.174561619758606,1.174561619758606,-1.2762953042984009
21,num__WindGustSpeed,0.6756772994995117,0.6756772994995117,-1.2762953042984009
21,num__WindSpeed9am,0.00842996221035719,0.00842996221035719,-1.2762953042984009
21,num__WindSpeed3pm,0.02979094535112381,0.02979094535112381,-1.2762953042984009
21,num__Humidity9am,-0.10607918351888657,0.10607918351888657,-1.2762953042984009
21,num__Humidity3pm,-1.7569897174835205,1.7569897174835205,-1.2762953042984009
21,num__Pressure9am,0.03361983597278595,0.03361983597278595,-1.2762953042984009
21,num__Pressure3pm,0.44391918182373047,0.44391918182373047,-1.2762953042984009
21,num__Cloud9am,-0.05440126731991768,0.05440126731991768,-1.2762953042984009
21,num__Cloud3pm,-0.3919781744480133,0.3919781744480133,-1.2762953042984009
21,num__Temp9am,-0.05953705310821533,0.05953705310821533,-1.2762953042984009
21,num__Temp3pm,-0.04035058990120888,0.04035058990120888,-1.2762953042984009
21,num__TemperatureDifference,-0.08076006174087524,0.08076006174087524,-1.2762953042984009
21,num__AverageTemperature,-0.044859521090984344,0.044859521090984344,-1.2762953042984009
21,num__HumidityIndex,-0.18091708421707153,0.18091708421707153,-1.2762953042984009
21,num__PressureDifference,0.4282658100128174,0.4282658100128174,-1.2762953042984009
21,num__Month,0.002028635237365961,0.002028635237365961,-1.2762953042984009
21,num__Quarter,0.0,0.0,-1.2762953042984009
21,num__DayOfYear,-0.0330856591463089,0.0330856591463089,-1.2762953042984009
21,num__IsWeekend,-0.0009348449530079961,0.0009348449530079961,-1.2762953042984009
21,num__RainfallIndicator,0.0,0.0,-1.2762953042984009
21,num__RainTodayBinary,0.0,0.0,-1.2762953042984009
21,cat__Location_Adelaide,-0.010184475220739841,0.010184475220739841,-1.2762953042984009
21,cat__Location_Albany,0.00023352602147497237,0.00023352602147497237,-1.2762953042984009
21,cat__Location_Albury,-0.005293304566293955,0.005293304566293955,-1.2762953042984009
21,cat__Location_AliceSprings,-8.512540080118924e-05,8.512540080118924e-05,-1.2762953042984009
21,cat__Location_BadgerysCreek,0.00033558113500475883,0.00033558113500475883,-1.2762953042984009
21,cat__Location_Ballarat,0.0006441095611080527,0.0006441095611080527,-1.2762953042984009
21,cat__Location_Bendigo,-0.002579548629000783,0.002579548629000783,-1.2762953042984009
21,cat__Location_Brisbane,-0.006117937155067921,0.006117937155067921,-1.2762953042984009
21,cat__Location_Cairns,-0.003679524874314666,0.003679524874314666,-1.2762953042984009
21,cat__Location_Canberra,-0.0037475882563740015,0.0037475882563740015,-1.2762953042984009
21,cat__Location_Cobar,-0.001844750251621008,0.001844750251621008,-1.2762953042984009
21,cat__Location_CoffsHarbour,0.0027432574424892664,0.0027432574424892664,-1.2762953042984009
21,cat__Location_Dartmoor,-0.0036810440942645073,0.0036810440942645073,-1.2762953042984009
21,cat__Location_Darwin,0.008494220674037933,0.008494220674037933,-1.2762953042984009
21,cat__Location_GoldCoast,0.00323780276812613,0.00323780276812613,-1.2762953042984009
21,cat__Location_Hobart,0.01128285750746727,0.01128285750746727,-1.2762953042984009
21,cat__Location_Katherine,0.008379096165299416,0.008379096165299416,-1.2762953042984009
21,cat__Location_Launceston,0.00188675697427243,0.00188675697427243,-1.2762953042984009
21,cat__Location_Melbourne,-0.002920756349340081,0.002920756349340081,-1.2762953042984009
21,cat__Location_MelbourneAirport,0.001372680300846696,0.001372680300846696,-1.2762953042984009
21,cat__Location_Mildura,5.369536665966734e-05,5.369536665966734e-05,-1.2762953042984009
21,cat__Location_Moree,8.55759863043204e-05,8.55759863043204e-05,-1.2762953042984009
21,cat__Location_MountGambier,-0.0008751149871386588,0.0008751149871386588,-1.2762953042984009
21,cat__Location_MountGinini,0.0019095896277576685,0.0019095896277576685,-1.2762953042984009
21,cat__Location_Newcastle,-3.463657048996538e-05,3.463657048996538e-05,-1.2762953042984009
21,cat__Location_Nhil,0.00043576935422606766,0.00043576935422606766,-1.2762953042984009
21,cat__Location_NorahHead,0.013957694172859192,0.013957694172859192,-1.2762953042984009
21,cat__Location_NorfolkIsland,-0.0023024205584079027,0.0023024205584079027,-1.2762953042984009
21,cat__Location_Nuriootpa,-0.0005377487977966666,0.0005377487977966666,-1.2762953042984009
21,cat__Location_PearceRAAF,-0.0007670088671147823,0.0007670088671147823,-1.2762953042984009
21,cat__Location_Penrith,-0.0005032746121287346,0.0005032746121287346,-1.2762953042984009
21,cat__Location_Perth,-0.006349715404212475,0.006349715404212475,-1.2762953042984009
21,cat__Location_PerthAirport,0.15904197096824646,0.15904197096824646,-1.2762953042984009
21,cat__Location_Portland,-0.00026150219491682947,0.00026150219491682947,-1.2762953042984009
21,cat__Location_Richmond,0.002105844672769308,0.002105844672769308,-1.2762953042984009
21,cat__Location_Sale,-0.005242477171123028,0.005242477171123028,-1.2762953042984009
21,cat__Location_SalmonGums,-0.007638409733772278,0.007638409733772278,-1.2762953042984009
21,cat__Location_Sydney,-0.009681257419288158,0.009681257419288158,-1.2762953042984009
21,cat__Location_SydneyAirport,0.0007053305744193494,0.0007053305744193494,-1.2762953042984009
21,cat__Location_Townsville,0.013684267178177834,0.013684267178177834,-1.2762953042984009
21,cat__Location_Tuggeranong,-0.004054113291203976,0.004054113291203976,-1.2762953042984009
21,cat__Location_Uluru,0.00019093920127488673,0.00019093920127488673,-1.2762953042984009
21,cat__Location_WaggaWagga,-0.0035774358548223972,0.0035774358548223972,-1.2762953042984009
21,cat__Location_Walpole,-0.0015664014499634504,0.0015664014499634504,-1.2762953042984009
21,cat__Location_Watsonia,0.000260279281064868,0.000260279281064868,-1.2762953042984009
21,cat__Location_Williamtown,-0.003116289619356394,0.003116289619356394,-1.2762953042984009
21,cat__Location_Witchcliffe,0.002387281274423003,0.002387281274423003,-1.2762953042984009
21,cat__Location_Wollongong,0.019066059961915016,0.019066059961915016,-1.2762953042984009
21,cat__Location_Woomera,0.0004225795855745673,0.0004225795855745673,-1.2762953042984009
21,cat__WindGustDir_E,0.004914179444313049,0.004914179444313049,-1.2762953042984009
21,cat__WindGustDir_ENE,0.004139305092394352,0.004139305092394352,-1.2762953042984009
21,cat__WindGustDir_ESE,0.0006604831432923675,0.0006604831432923675,-1.2762953042984009
21,cat__WindGustDir_N,0.0006199120543897152,0.0006199120543897152,-1.2762953042984009
21,cat__WindGustDir_NE,0.00024250612477771938,0.00024250612477771938,-1.2762953042984009
21,cat__WindGustDir_NNE,-3.8606936868745834e-05,3.8606936868745834e-05,-1.2762953042984009
21,cat__WindGustDir_NNW,-0.0044501363299787045,0.0044501363299787045,-1.2762953042984009
21,cat__WindGustDir_NW,-0.000355671247234568,0.000355671247234568,-1.2762953042984009
21,cat__WindGustDir_S,-0.0002622348256409168,0.0002622348256409168,-1.2762953042984009
21,cat__WindGustDir_SE,0.0015028436901047826,0.0015028436901047826,-1.2762953042984009
21,cat__WindGustDir_SSE,-0.00012854108354076743,0.00012854108354076743,-1.2762953042984009
21,cat__WindGustDir_SSW,0.0012613851577043533,0.0012613851577043533,-1.2762953042984009
21,cat__WindGustDir_SW,-0.0015574917197227478,0.0015574917197227478,-1.2762953042984009
21,cat__WindGustDir_W,-0.0050248149782419205,0.0050248149782419205,-1.2762953042984009
21,cat__WindGustDir_WNW,-0.00012117082223994657,0.00012117082223994657,-1.2762953042984009
21,cat__WindGustDir_WSW,-6.660831786575727e-06,6.660831786575727e-06,-1.2762953042984009
21,cat__WindDir9am_E,-0.0212961807847023,0.0212961807847023,-1.2762953042984009
21,cat__WindDir9am_ENE,0.00020384814706631005,0.00020384814706631005,-1.2762953042984009
21,cat__WindDir9am_ESE,0.0028918669559061527,0.0028918669559061527,-1.2762953042984009
21,cat__WindDir9am_N,-0.03206324577331543,0.03206324577331543,-1.2762953042984009
21,cat__WindDir9am_NE,0.000217985303606838,0.000217985303606838,-1.2762953042984009
21,cat__WindDir9am_NNE,-0.013618539087474346,0.013618539087474346,-1.2762953042984009
21,cat__WindDir9am_NNW,-6.959163147257641e-05,6.959163147257641e-05,-1.2762953042984009
21,cat__WindDir9am_NW,-0.0012387982569634914,0.0012387982569634914,-1.2762953042984009
21,cat__WindDir9am_S,0.012765795923769474,0.012765795923769474,-1.2762953042984009
21,cat__WindDir9am_SE,1.722438719298225e-05,1.722438719298225e-05,-1.2762953042984009
21,cat__WindDir9am_SSE,0.006549724377691746,0.006549724377691746,-1.2762953042984009
21,cat__WindDir9am_SSW,0.0014412940945476294,0.0014412940945476294,-1.2762953042984009
21,cat__WindDir9am_SW,-0.00010500347707420588,0.00010500347707420588,-1.2762953042984009
21,cat__WindDir9am_W,-0.00034112378489226103,0.00034112378489226103,-1.2762953042984009
21,cat__WindDir9am_WNW,-3.329450555611402e-05,3.329450555611402e-05,-1.2762953042984009
21,cat__WindDir9am_WSW,-0.0004847683012485504,0.0004847683012485504,-1.2762953042984009
21,cat__WindDir3pm_E,0.0007984350668266416,0.0007984350668266416,-1.2762953042984009
21,cat__WindDir3pm_ENE,-0.0001365595089737326,0.0001365595089737326,-1.2762953042984009
21,cat__WindDir3pm_ESE,0.0008718430181033909,0.0008718430181033909,-1.2762953042984009
21,cat__WindDir3pm_N,-0.01971357688307762,0.01971357688307762,-1.2762953042984009
21,cat__WindDir3pm_NE,0.000640322919934988,0.000640322919934988,-1.2762953042984009
21,cat__WindDir3pm_NNE,-0.007602935656905174,0.007602935656905174,-1.2762953042984009
21,cat__WindDir3pm_NNW,-0.012995081953704357,0.012995081953704357,-1.2762953042984009
21,cat__WindDir3pm_NW,-0.028049614280462265,0.028049614280462265,-1.2762953042984009
21,cat__WindDir3pm_S,-0.00031782459700480103,0.00031782459700480103,-1.2762953042984009
21,cat__WindDir3pm_SE,-5.068926839157939e-05,5.068926839157939e-05,-1.2762953042984009
21,cat__WindDir3pm_SSE,-0.14327414333820343,0.14327414333820343,-1.2762953042984009
21,cat__WindDir3pm_SSW,0.0019284517038613558,0.0019284517038613558,-1.2762953042984009
21,cat__WindDir3pm_SW,0.0027492602821439505,0.0027492602821439505,-1.2762953042984009
21,cat__WindDir3pm_W,5.99598279222846e-05,5.99598279222846e-05,-1.2762953042984009
21,cat__WindDir3pm_WNW,-0.007479771506041288,0.007479771506041288,-1.2762953042984009
21,cat__WindDir3pm_WSW,0.00012242261436767876,0.00012242261436767876,-1.2762953042984009
21,cat__Season_Autumn,-0.0049726995639503,0.0049726995639503,-1.2762953042984009
21,cat__Season_Spring,0.012167786248028278,0.012167786248028278,-1.2762953042984009
21,cat__Season_Summer,-0.02719433233141899,0.02719433233141899,-1.2762953042984009
21,cat__Season_Winter,0.008356685750186443,0.008356685750186443,-1.2762953042984009
21,cat__WindIntensityCategory_High,2.5962330255424604e-05,2.5962330255424604e-05,-1.2762953042984009
21,cat__WindIntensityCategory_Low,-0.000932936673052609,0.000932936673052609,-1.2762953042984009
21,cat__WindIntensityCategory_Moderate,-0.008781945332884789,0.008781945332884789,-1.2762953042984009
21,cat__WindIntensityCategory_VeryHigh,0.0,0.0,-1.2762953042984009
21,cat__RainToday_No,0.0,0.0,-1.2762953042984009
21,cat__RainToday_Yes,0.0,0.0,-1.2762953042984009
22,num__MinTemp,-0.0006609008414670825,0.0006609008414670825,-1.2762953042984009
22,num__MaxTemp,-0.04257313162088394,0.04257313162088394,-1.2762953042984009
22,num__Rainfall,-0.12857238948345184,0.12857238948345184,-1.2762953042984009
22,num__Evaporation,0.012307930737733841,0.012307930737733841,-1.2762953042984009
22,num__Sunshine,-0.34282633662223816,0.34282633662223816,-1.2762953042984009
22,num__WindGustSpeed,-0.6665054559707642,0.6665054559707642,-1.2762953042984009
22,num__WindSpeed9am,0.0015355050563812256,0.0015355050563812256,-1.2762953042984009
22,num__WindSpeed3pm,0.04475483298301697,0.04475483298301697,-1.2762953042984009
22,num__Humidity9am,-0.03304020315408707,0.03304020315408707,-1.2762953042984009
22,num__Humidity3pm,-1.3098064661026,1.3098064661026,-1.2762953042984009
22,num__Pressure9am,0.003070578444749117,0.003070578444749117,-1.2762953042984009
22,num__Pressure3pm,0.09479666501283646,0.09479666501283646,-1.2762953042984009
22,num__Cloud9am,0.01923047937452793,0.01923047937452793,-1.2762953042984009
22,num__Cloud3pm,-0.07979436218738556,0.07979436218738556,-1.2762953042984009
22,num__Temp9am,0.014022881165146828,0.014022881165146828,-1.2762953042984009
22,num__Temp3pm,0.0018891725922003388,0.0018891725922003388,-1.2762953042984009
22,num__TemperatureDifference,-0.1676720678806305,0.1676720678806305,-1.2762953042984009
22,num__AverageTemperature,0.01607639528810978,0.01607639528810978,-1.2762953042984009
22,num__HumidityIndex,-0.09593705087900162,0.09593705087900162,-1.2762953042984009
22,num__PressureDifference,0.04476240649819374,0.04476240649819374,-1.2762953042984009
22,num__Month,-0.0011076456867158413,0.0011076456867158413,-1.2762953042984009
22,num__Quarter,0.0,0.0,-1.2762953042984009
22,num__DayOfYear,-0.013529892079532146,0.013529892079532146,-1.2762953042984009
22,num__IsWeekend,-0.001041713636368513,0.001041713636368513,-1.2762953042984009
22,num__RainfallIndicator,0.0,0.0,-1.2762953042984009
22,num__RainTodayBinary,0.0,0.0,-1.2762953042984009
22,cat__Location_Adelaide,-0.006082299165427685,0.006082299165427685,-1.2762953042984009
22,cat__Location_Albany,0.00038640204002149403,0.00038640204002149403,-1.2762953042984009
22,cat__Location_Albury,-0.004189583472907543,0.004189583472907543,-1.2762953042984009
22,cat__Location_AliceSprings,0.002443541307002306,0.002443541307002306,-1.2762953042984009
22,cat__Location_BadgerysCreek,-0.0001906122051877901,0.0001906122051877901,-1.2762953042984009
22,cat__Location_Ballarat,0.003426769282668829,0.003426769282668829,-1.2762953042984009
22,cat__Location_Bendigo,-0.0017012887401506305,0.0017012887401506305,-1.2762953042984009
22,cat__Location_Brisbane,-0.003934862557798624,0.003934862557798624,-1.2762953042984009
22,cat__Location_Cairns,-0.00024701518123038113,0.00024701518123038113,-1.2762953042984009
22,cat__Location_Canberra,-0.0016091649886220694,0.0016091649886220694,-1.2762953042984009
22,cat__Location_Cobar,0.00022457445447798818,0.00022457445447798818,-1.2762953042984009
22,cat__Location_CoffsHarbour,0.0013197048101574183,0.0013197048101574183,-1.2762953042984009
22,cat__Location_Dartmoor,-0.0037771170027554035,0.0037771170027554035,-1.2762953042984009
22,cat__Location_Darwin,0.008289341814815998,0.008289341814815998,-1.2762953042984009
22,cat__Location_GoldCoast,0.005585450679063797,0.005585450679063797,-1.2762953042984009
22,cat__Location_Hobart,0.008069168776273727,0.008069168776273727,-1.2762953042984009
22,cat__Location_Katherine,0.009372808039188385,0.009372808039188385,-1.2762953042984009
22,cat__Location_Launceston,0.0011587949702516198,0.0011587949702516198,-1.2762953042984009
22,cat__Location_Melbourne,-0.0024127778597176075,0.0024127778597176075,-1.2762953042984009
22,cat__Location_MelbourneAirport,0.00320437247864902,0.00320437247864902,-1.2762953042984009
22,cat__Location_Mildura,4.778730362886563e-05,4.778730362886563e-05,-1.2762953042984009
22,cat__Location_Moree,8.55759863043204e-05,8.55759863043204e-05,-1.2762953042984009
22,cat__Location_MountGambier,-0.04135124385356903,0.04135124385356903,-1.2762953042984009
22,cat__Location_MountGinini,0.002438541501760483,0.002438541501760483,-1.2762953042984009
22,cat__Location_Newcastle,-3.4636574127944186e-05,3.4636574127944186e-05,-1.2762953042984009
22,cat__Location_Nhil,0.0006172010325826705,0.0006172010325826705,-1.2762953042984009
22,cat__Location_NorahHead,0.017843954265117645,0.017843954265117645,-1.2762953042984009
22,cat__Location_NorfolkIsland,0.0010275000240653753,0.0010275000240653753,-1.2762953042984009
22,cat__Location_Nuriootpa,-0.00024857057724148035,0.00024857057724148035,-1.2762953042984009
22,cat__Location_PearceRAAF,-0.0008463284466415644,0.0008463284466415644,-1.2762953042984009
22,cat__Location_Penrith,3.6705750972032547e-06,3.6705750972032547e-06,-1.2762953042984009
22,cat__Location_Perth,-0.011222921311855316,0.011222921311855316,-1.2762953042984009
22,cat__Location_PerthAirport,-0.006428738124668598,0.006428738124668598,-1.2762953042984009
22,cat__Location_Portland,-0.0004306516202632338,0.0004306516202632338,-1.2762953042984009
22,cat__Location_Richmond,0.001981345470994711,0.001981345470994711,-1.2762953042984009
22,cat__Location_Sale,0.0036620760802179575,0.0036620760802179575,-1.2762953042984009
22,cat__Location_SalmonGums,-0.003607688471674919,0.003607688471674919,-1.2762953042984009
22,cat__Location_Sydney,-0.0018510718364268541,0.0018510718364268541,-1.2762953042984009
22,cat__Location_SydneyAirport,0.000830101955216378,0.000830101955216378,-1.2762953042984009
22,cat__Location_Townsville,0.01786564104259014,0.01786564104259014,-1.2762953042984009
22,cat__Location_Tuggeranong,-0.004512199200689793,0.004512199200689793,-1.2762953042984009
22,cat__Location_Uluru,0.00017736776499077678,0.00017736776499077678,-1.2762953042984009
22,cat__Location_WaggaWagga,-0.006145178806036711,0.006145178806036711,-1.2762953042984009
22,cat__Location_Walpole,-0.000983137870207429,0.000983137870207429,-1.2762953042984009
22,cat__Location_Watsonia,0.00039081592694856226,0.00039081592694856226,-1.2762953042984009
22,cat__Location_Williamtown,-0.004095249343663454,0.004095249343663454,-1.2762953042984009
22,cat__Location_Witchcliffe,-0.008368996903300285,0.008368996903300285,-1.2762953042984009
22,cat__Location_Wollongong,0.019180843606591225,0.019180843606591225,-1.2762953042984009
22,cat__Location_Woomera,0.0008998549892567098,0.0008998549892567098,-1.2762953042984009
22,cat__WindGustDir_E,0.0003557567542884499,0.0003557567542884499,-1.2762953042984009
22,cat__WindGustDir_ENE,-0.00028122751973569393,0.00028122751973569393,-1.2762953042984009
22,cat__WindGustDir_ESE,-0.00011662030010484159,0.00011662030010484159,-1.2762953042984009
22,cat__WindGustDir_N,-0.0029026528354734182,0.0029026528354734182,-1.2762953042984009
22,cat__WindGustDir_NE,3.411495708860457e-05,3.411495708860457e-05,-1.2762953042984009
22,cat__WindGustDir_NNE,0.00018212343275081366,0.00018212343275081366,-1.2762953042984009
22,cat__WindGustDir_NNW,-4.7508572606602684e-05,4.7508572606602684e-05,-1.2762953042984009
22,cat__WindGustDir_NW,-0.0003172437136527151,0.0003172437136527151,-1.2762953042984009
22,cat__WindGustDir_S,-0.00011349858687026426,0.00011349858687026426,-1.2762953042984009
22,cat__WindGustDir_SE,-0.0003853222879115492,0.0003853222879115492,-1.2762953042984009
22,cat__WindGustDir_SSE,-0.00038386957021430135,0.00038386957021430135,-1.2762953042984009
22,cat__WindGustDir_SSW,0.0001772723626345396,0.0001772723626345396,-1.2762953042984009
22,cat__WindGustDir_SW,-0.00018884001474361867,0.00018884001474361867,-1.2762953042984009
22,cat__WindGustDir_W,-0.0027463145088404417,0.0027463145088404417,-1.2762953042984009
22,cat__WindGustDir_WNW,-0.0013356192503124475,0.0013356192503124475,-1.2762953042984009
22,cat__WindGustDir_WSW,2.3448259526048787e-05,2.3448259526048787e-05,-1.2762953042984009
22,cat__WindDir9am_E,0.0010803346522152424,0.0010803346522152424,-1.2762953042984009
22,cat__WindDir9am_ENE,-0.0011259238235652447,0.0011259238235652447,-1.2762953042984009
22,cat__WindDir9am_ESE,0.0028140791691839695,0.0028140791691839695,-1.2762953042984009
22,cat__WindDir9am_N,-0.02104002982378006,0.02104002982378006,-1.2762953042984009
22,cat__WindDir9am_NE,0.03328689932823181,0.03328689932823181,-1.2762953042984009
22,cat__WindDir9am_NNE,-0.011969787068665028,0.011969787068665028,-1.2762953042984009
22,cat__WindDir9am_NNW,0.00010433438001200557,0.00010433438001200557,-1.2762953042984009
22,cat__WindDir9am_NW,-0.0010554520413279533,0.0010554520413279533,-1.2762953042984009
22,cat__WindDir9am_S,0.018361276015639305,0.018361276015639305,-1.2762953042984009
22,cat__WindDir9am_SE,5.397962013375945e-06,5.397962013375945e-06,-1.2762953042984009
22,cat__WindDir9am_SSE,0.008746611885726452,0.008746611885726452,-1.2762953042984009
22,cat__WindDir9am_SSW,0.0017273499397560954,0.0017273499397560954,-1.2762953042984009
22,cat__WindDir9am_SW,-0.0001601252588443458,0.0001601252588443458,-1.2762953042984009
22,cat__WindDir9am_W,-4.1568629967514426e-05,4.1568629967514426e-05,-1.2762953042984009
22,cat__WindDir9am_WNW,-3.367880708537996e-05,3.367880708537996e-05,-1.2762953042984009
22,cat__WindDir9am_WSW,1.1292646377114579e-05,1.1292646377114579e-05,-1.2762953042984009
22,cat__WindDir3pm_E,0.00028665398713201284,0.00028665398713201284,-1.2762953042984009
22,cat__WindDir3pm_ENE,-0.00017421794473193586,0.00017421794473193586,-1.2762953042984009
22,cat__WindDir3pm_ESE,0.0002984986640512943,0.0002984986640512943,-1.2762953042984009
22,cat__WindDir3pm_N,-0.01837683655321598,0.01837683655321598,-1.2762953042984009
22,cat__WindDir3pm_NE,0.0013229231117293239,0.0013229231117293239,-1.2762953042984009
22,cat__WindDir3pm_NNE,-0.0003329817554913461,0.0003329817554913461,-1.2762953042984009
22,cat__WindDir3pm_NNW,-0.019828055053949356,0.019828055053949356,-1.2762953042984009
22,cat__WindDir3pm_NW,-0.01579916663467884,0.01579916663467884,-1.2762953042984009
22,cat__WindDir3pm_S,-0.0003271360183134675,0.0003271360183134675,-1.2762953042984009
22,cat__WindDir3pm_SE,0.0024925824254751205,0.0024925824254751205,-1.2762953042984009
22,cat__WindDir3pm_SSE,0.006952057592570782,0.006952057592570782,-1.2762953042984009
22,cat__WindDir3pm_SSW,0.003940565511584282,0.003940565511584282,-1.2762953042984009
22,cat__WindDir3pm_SW,0.0031409887596964836,0.0031409887596964836,-1.2762953042984009
22,cat__WindDir3pm_W,2.091936767101288e-05,2.091936767101288e-05,-1.2762953042984009
22,cat__WindDir3pm_WNW,-0.005195023957639933,0.005195023957639933,-1.2762953042984009
22,cat__WindDir3pm_WSW,0.00012242261436767876,0.00012242261436767876,-1.2762953042984009
22,cat__Season_Autumn,-0.0026404194068163633,0.0026404194068163633,-1.2762953042984009
22,cat__Season_Spring,0.0001484533422626555,0.0001484533422626555,-1.2762953042984009
22,cat__Season_Summer,-0.0074246106669306755,0.0074246106669306755,-1.2762953042984009
22,cat__Season_Winter,0.003890084568411112,0.003890084568411112,-1.2762953042984009
22,cat__WindIntensityCategory_High,2.5962330255424604e-05,2.5962330255424604e-05,-1.2762953042984009
22,cat__WindIntensityCategory_Low,-0.0008305626106448472,0.0008305626106448472,-1.2762953042984009
22,cat__WindIntensityCategory_Moderate,-0.002648449270054698,0.002648449270054698,-1.2762953042984009
22,cat__WindIntensityCategory_VeryHigh,0.0,0.0,-1.2762953042984009
22,cat__RainToday_No,0.0,0.0,-1.2762953042984009
22,cat__RainToday_Yes,0.0,0.0,-1.2762953042984009
23,num__MinTemp,-0.014271091669797897,0.014271091669797897,-1.2762953042984009
23,num__MaxTemp,-0.038349103182554245,0.038349103182554245,-1.2762953042984009
23,num__Rainfall,-0.09127675741910934,0.09127675741910934,-1.2762953042984009
23,num__Evaporation,0.028835399076342583,0.028835399076342583,-1.2762953042984009
23,num__Sunshine,0.9901958107948303,0.9901958107948303,-1.2762953042984009
23,num__WindGustSpeed,0.4523294270038605,0.4523294270038605,-1.2762953042984009
23,num__WindSpeed9am,-0.05965963751077652,0.05965963751077652,-1.2762953042984009
23,num__WindSpeed3pm,0.06097202003002167,0.06097202003002167,-1.2762953042984009
23,num__Humidity9am,-0.06469491869211197,0.06469491869211197,-1.2762953042984009
23,num__Humidity3pm,-0.9307161569595337,0.9307161569595337,-1.2762953042984009
23,num__Pressure9am,0.005940048955380917,0.005940048955380917,-1.2762953042984009
23,num__Pressure3pm,-0.20124797523021698,0.20124797523021698,-1.2762953042984009
23,num__Cloud9am,0.01990668848156929,0.01990668848156929,-1.2762953042984009
23,num__Cloud3pm,0.5077134966850281,0.5077134966850281,-1.2762953042984009
23,num__Temp9am,0.028368620201945305,0.028368620201945305,-1.2762953042984009
23,num__Temp3pm,0.007311785127967596,0.007311785127967596,-1.2762953042984009
23,num__TemperatureDifference,0.06162430718541145,0.06162430718541145,-1.2762953042984009
23,num__AverageTemperature,-0.0011383960954844952,0.0011383960954844952,-1.2762953042984009
23,num__HumidityIndex,-0.07978566735982895,0.07978566735982895,-1.2762953042984009
23,num__PressureDifference,0.2036813497543335,0.2036813497543335,-1.2762953042984009
23,num__Month,-0.001164430403150618,0.001164430403150618,-1.2762953042984009
23,num__Quarter,0.0,0.0,-1.2762953042984009
23,num__DayOfYear,0.030214885249733925,0.030214885249733925,-1.2762953042984009
23,num__IsWeekend,-0.0010156629141420126,0.0010156629141420126,-1.2762953042984009
23,num__RainfallIndicator,0.0,0.0,-1.2762953042984009
23,num__RainTodayBinary,0.0,0.0,-1.2762953042984009
23,cat__Location_Adelaide,-0.009044306352734566,0.009044306352734566,-1.2762953042984009
23,cat__Location_Albany,0.0014610480284318328,0.0014610480284318328,-1.2762953042984009
23,cat__Location_Albury,-0.008539323695003986,0.008539323695003986,-1.2762953042984009
23,cat__Location_AliceSprings,0.0010135702323168516,0.0010135702323168516,-1.2762953042984009
23,cat__Location_BadgerysCreek,-0.000317076628562063,0.000317076628562063,-1.2762953042984009
23,cat__Location_Ballarat,0.0021225418895483017,0.0021225418895483017,-1.2762953042984009
23,cat__Location_Bendigo,-0.0030693397857248783,0.0030693397857248783,-1.2762953042984009
23,cat__Location_Brisbane,-0.0045517063699662685,0.0045517063699662685,-1.2762953042984009
23,cat__Location_Cairns,-0.0021836694795638323,0.0021836694795638323,-1.2762953042984009
23,cat__Location_Canberra,-0.00123419554438442,0.00123419554438442,-1.2762953042984009
23,cat__Location_Cobar,-0.0020776342134922743,0.0020776342134922743,-1.2762953042984009
23,cat__Location_CoffsHarbour,0.0007316910778172314,0.0007316910778172314,-1.2762953042984009
23,cat__Location_Dartmoor,-0.0014015500200912356,0.0014015500200912356,-1.2762953042984009
23,cat__Location_Darwin,0.008913923054933548,0.008913923054933548,-1.2762953042984009
23,cat__Location_GoldCoast,0.0038766758516430855,0.0038766758516430855,-1.2762953042984009
23,cat__Location_Hobart,0.013479751534759998,0.013479751534759998,-1.2762953042984009
23,cat__Location_Katherine,0.00520351342856884,0.00520351342856884,-1.2762953042984009
23,cat__Location_Launceston,0.0018889852799475193,0.0018889852799475193,-1.2762953042984009
23,cat__Location_Melbourne,-0.0017425542464479804,0.0017425542464479804,-1.2762953042984009
23,cat__Location_MelbourneAirport,0.0033753158058971167,0.0033753158058971167,-1.2762953042984009
23,cat__Location_Mildura,7.986751734279096e-05,7.986751734279096e-05,-1.2762953042984009
23,cat__Location_Moree,-0.009796053171157837,0.009796053171157837,-1.2762953042984009
23,cat__Location_MountGambier,-0.0003314564237371087,0.0003314564237371087,-1.2762953042984009
23,cat__Location_MountGinini,0.0030122539028525352,0.0030122539028525352,-1.2762953042984009
23,cat__Location_Newcastle,-3.4636574127944186e-05,3.4636574127944186e-05,-1.2762953042984009
23,cat__Location_Nhil,0.0007200292311608791,0.0007200292311608791,-1.2762953042984009
23,cat__Location_NorahHead,0.013455563224852085,0.013455563224852085,-1.2762953042984009
23,cat__Location_NorfolkIsland,0.001569048734381795,0.001569048734381795,-1.2762953042984009
23,cat__Location_Nuriootpa,7.245859887916595e-05,7.245859887916595e-05,-1.2762953042984009
23,cat__Location_PearceRAAF,-0.005485085304826498,0.005485085304826498,-1.2762953042984009
23,cat__Location_Penrith,-0.001680625369772315,0.001680625369772315,-1.2762953042984009
23,cat__Location_Perth,-0.012562707997858524,0.012562707997858524,-1.2762953042984009
23,cat__Location_PerthAirport,-0.005771322175860405,0.005771322175860405,-1.2762953042984009
23,cat__Location_Portland,3.678784560179338e-05,3.678784560179338e-05,-1.2762953042984009
23,cat__Location_Richmond,0.0021298087667673826,0.0021298087667673826,-1.2762953042984009
23,cat__Location_Sale,0.00988188199698925,0.00988188199698925,-1.2762953042984009
23,cat__Location_SalmonGums,-0.007055449299514294,0.007055449299514294,-1.2762953042984009
23,cat__Location_Sydney,-0.003988595213741064,0.003988595213741064,-1.2762953042984009
23,cat__Location_SydneyAirport,0.0001170044852187857,0.0001170044852187857,-1.2762953042984009
23,cat__Location_Townsville,0.016664665192365646,0.016664665192365646,-1.2762953042984009
23,cat__Location_Tuggeranong,-0.0023526339791715145,0.0023526339791715145,-1.2762953042984009
23,cat__Location_Uluru,0.00017736776499077678,0.00017736776499077678,-1.2762953042984009
23,cat__Location_WaggaWagga,-0.004069045186042786,0.004069045186042786,-1.2762953042984009
23,cat__Location_Walpole,-0.0005663918564096093,0.0005663918564096093,-1.2762953042984009
23,cat__Location_Watsonia,0.0050623444840312,0.0050623444840312,-1.2762953042984009
23,cat__Location_Williamtown,-0.004203553777188063,0.004203553777188063,-1.2762953042984009
23,cat__Location_Witchcliffe,-0.006440150085836649,0.006440150085836649,-1.2762953042984009
23,cat__Location_Wollongong,0.013526161201298237,0.013526161201298237,-1.2762953042984009
23,cat__Location_Woomera,0.0003963896306231618,0.0003963896306231618,-1.2762953042984009
23,cat__WindGustDir_E,0.00035687244962900877,0.00035687244962900877,-1.2762953042984009
23,cat__WindGustDir_ENE,-0.00024800075334496796,0.00024800075334496796,-1.2762953042984009
23,cat__WindGustDir_ESE,-0.00012062826135661453,0.00012062826135661453,-1.2762953042984009
23,cat__WindGustDir_N,-0.002566299634054303,0.002566299634054303,-1.2762953042984009
23,cat__WindGustDir_NE,0.0008764771046116948,0.0008764771046116948,-1.2762953042984009
23,cat__WindGustDir_NNE,-0.0001527246058685705,0.0001527246058685705,-1.2762953042984009
23,cat__WindGustDir_NNW,0.002111644484102726,0.002111644484102726,-1.2762953042984009
23,cat__WindGustDir_NW,-0.00035578844835981727,0.00035578844835981727,-1.2762953042984009
23,cat__WindGustDir_S,-1.8744467524811625e-05,1.8744467524811625e-05,-1.2762953042984009
23,cat__WindGustDir_SE,-0.0005050964537076652,0.0005050964537076652,-1.2762953042984009
23,cat__WindGustDir_SSE,-2.5157001800835133e-05,2.5157001800835133e-05,-1.2762953042984009
23,cat__WindGustDir_SSW,0.0034269148018211126,0.0034269148018211126,-1.2762953042984009
23,cat__WindGustDir_SW,-0.00023899319057818502,0.00023899319057818502,-1.2762953042984009
23,cat__WindGustDir_W,-0.0007092445739544928,0.0007092445739544928,-1.2762953042984009
23,cat__WindGustDir_WNW,-4.3193664168938994e-05,4.3193664168938994e-05,-1.2762953042984009
23,cat__WindGustDir_WSW,2.3448259526048787e-05,2.3448259526048787e-05,-1.2762953042984009
23,cat__WindDir9am_E,0.0012701146770268679,0.0012701146770268679,-1.2762953042984009
23,cat__WindDir9am_ENE,-0.004438741132616997,0.004438741132616997,-1.2762953042984009
23,cat__WindDir9am_ESE,0.0028066327795386314,0.0028066327795386314,-1.2762953042984009
23,cat__WindDir9am_N,-0.018724841997027397,0.018724841997027397,-1.2762953042984009
23,cat__WindDir9am_NE,0.0531109943985939,0.0531109943985939,-1.2762953042984009
23,cat__WindDir9am_NNE,-0.01301063597202301,0.01301063597202301,-1.2762953042984009
23,cat__WindDir9am_NNW,0.0002141093136742711,0.0002141093136742711,-1.2762953042984009
23,cat__WindDir9am_NW,-0.0008449647575616837,0.0008449647575616837,-1.2762953042984009
23,cat__WindDir9am_S,0.014220484532415867,0.014220484532415867,-1.2762953042984009
23,cat__WindDir9am_SE,1.1255366189288907e-05,1.1255366189288907e-05,-1.2762953042984009
23,cat__WindDir9am_SSE,0.008013710379600525,0.008013710379600525,-1.2762953042984009
23,cat__WindDir9am_SSW,0.0018403076101094484,0.0018403076101094484,-1.2762953042984009
23,cat__WindDir9am_SW,-0.00016367896751035005,0.00016367896751035005,-1.2762953042984009
23,cat__WindDir9am_W,9.019926801556721e-05,9.019926801556721e-05,-1.2762953042984009
23,cat__WindDir9am_WNW,-3.367880708537996e-05,3.367880708537996e-05,-1.2762953042984009
23,cat__WindDir9am_WSW,-4.4607721065403894e-05,4.4607721065403894e-05,-1.2762953042984009
23,cat__WindDir3pm_E,0.0014565925812348723,0.0014565925812348723,-1.2762953042984009
23,cat__WindDir3pm_ENE,-0.0001365595089737326,0.0001365595089737326,-1.2762953042984009
23,cat__WindDir3pm_ESE,0.0003145506198052317,0.0003145506198052317,-1.2762953042984009
23,cat__WindDir3pm_N,-0.0122340377420187,0.0122340377420187,-1.2762953042984009
23,cat__WindDir3pm_NE,0.004215158522129059,0.004215158522129059,-1.2762953042984009
23,cat__WindDir3pm_NNE,0.042564138770103455,0.042564138770103455,-1.2762953042984009
23,cat__WindDir3pm_NNW,-0.018059078603982925,0.018059078603982925,-1.2762953042984009
23,cat__WindDir3pm_NW,-0.012750368565320969,0.012750368565320969,-1.2762953042984009
23,cat__WindDir3pm_S,-7.53571221139282e-05,7.53571221139282e-05,-1.2762953042984009
23,cat__WindDir3pm_SE,-0.00013124171528033912,0.00013124171528033912,-1.2762953042984009
23,cat__WindDir3pm_SSE,0.008826562203466892,0.008826562203466892,-1.2762953042984009
23,cat__WindDir3pm_SSW,0.0009185700910165906,0.0009185700910165906,-1.2762953042984009
23,cat__WindDir3pm_SW,0.004361490719020367,0.004361490719020367,-1.2762953042984009
23,cat__WindDir3pm_W,0.0002842234098352492,0.0002842234098352492,-1.2762953042984009
23,cat__WindDir3pm_WNW,-0.004317185841500759,0.004317185841500759,-1.2762953042984009
23,cat__WindDir3pm_WSW,0.0006391985225491226,0.0006391985225491226,-1.2762953042984009
23,cat__Season_Autumn,-0.003997471649199724,0.003997471649199724,-1.2762953042984009
23,cat__Season_Spring,0.00021940738952253014,0.00021940738952253014,-1.2762953042984009
23,cat__Season_Summer,0.020589688792824745,0.020589688792824745,-1.2762953042984009
23,cat__Season_Winter,0.0007986375712789595,0.0007986375712789595,-1.2762953042984009
23,cat__WindIntensityCategory_High,3.484896296868101e-05,3.484896296868101e-05,-1.2762953042984009
23,cat__WindIntensityCategory_Low,-0.0015481344889849424,0.0015481344889849424,-1.2762953042984009
23,cat__WindIntensityCategory_Moderate,-0.0024790859315544367,0.0024790859315544367,-1.2762953042984009
23,cat__WindIntensityCategory_VeryHigh,0.0,0.0,-1.2762953042984009
23,cat__RainToday_No,0.0,0.0,-1.2762953042984009
23,cat__RainToday_Yes,0.0,0.0,-1.2762953042984009
24,num__MinTemp,-0.007123046088963747,0.007123046088963747,-1.2762953042984009
24,num__MaxTemp,-0.02812209725379944,0.02812209725379944,-1.2762953042984009
24,num__Rainfall,-0.11944732069969177,0.11944732069969177,-1.2762953042984009
24,num__Evaporation,0.008412727154791355,0.008412727154791355,-1.2762953042984009
24,num__Sunshine,0.6624525785446167,0.6624525785446167,-1.2762953042984009
24,num__WindGustSpeed,0.1338770091533661,0.1338770091533661,-1.2762953042984009
24,num__WindSpeed9am,-0.04719012603163719,0.04719012603163719,-1.2762953042984009
24,num__WindSpeed3pm,0.06914166361093521,0.06914166361093521,-1.2762953042984009
24,num__Humidity9am,-0.01653127931058407,0.01653127931058407,-1.2762953042984009
24,num__Humidity3pm,-0.5191623568534851,0.5191623568534851,-1.2762953042984009
24,num__Pressure9am,0.006219584494829178,0.006219584494829178,-1.2762953042984009
24,num__Pressure3pm,-0.015994280576705933,0.015994280576705933,-1.2762953042984009
24,num__Cloud9am,0.018157172948122025,0.018157172948122025,-1.2762953042984009
24,num__Cloud3pm,0.09101590514183044,0.09101590514183044,-1.2762953042984009
24,num__Temp9am,0.010040531866252422,0.010040531866252422,-1.2762953042984009
24,num__Temp3pm,3.637044574134052e-05,3.637044574134052e-05,-1.2762953042984009
24,num__TemperatureDifference,-0.05084819346666336,0.05084819346666336,-1.2762953042984009
24,num__AverageTemperature,-0.0002597169077489525,0.0002597169077489525,-1.2762953042984009
24,num__HumidityIndex,-0.014992213808000088,0.014992213808000088,-1.2762953042984009
24,num__PressureDifference,0.5269301533699036,0.5269301533699036,-1.2762953042984009
24,num__Month,0.0006350146140903234,0.0006350146140903234,-1.2762953042984009
24,num__Quarter,0.0,0.0,-1.2762953042984009
24,num__DayOfYear,0.01674799807369709,0.01674799807369709,-1.2762953042984009
24,num__IsWeekend,-0.00083306769374758,0.00083306769374758,-1.2762953042984009
24,num__RainfallIndicator,0.0,0.0,-1.2762953042984009
24,num__RainTodayBinary,0.0,0.0,-1.2762953042984009
24,cat__Location_Adelaide,-0.013652901165187359,0.013652901165187359,-1.2762953042984009
24,cat__Location_Albany,0.0004621089610736817,0.0004621089610736817,-1.2762953042984009
24,cat__Location_Albury,-0.006325337570160627,0.006325337570160627,-1.2762953042984009
24,cat__Location_AliceSprings,0.0008181992452591658,0.0008181992452591658,-1.2762953042984009
24,cat__Location_BadgerysCreek,-0.0009964549681171775,0.0009964549681171775,-1.2762953042984009
24,cat__Location_Ballarat,0.0005078510148450732,0.0005078510148450732,-1.2762953042984009
24,cat__Location_Bendigo,-0.0030693397857248783,0.0030693397857248783,-1.2762953042984009
24,cat__Location_Brisbane,-0.006846005097031593,0.006846005097031593,-1.2762953042984009
24,cat__Location_Cairns,-0.0014488378074020147,0.0014488378074020147,-1.2762953042984009
24,cat__Location_Canberra,-0.0014211777597665787,0.0014211777597665787,-1.2762953042984009
24,cat__Location_Cobar,-0.0026914505288004875,0.0026914505288004875,-1.2762953042984009
24,cat__Location_CoffsHarbour,0.0006640029605478048,0.0006640029605478048,-1.2762953042984009
24,cat__Location_Dartmoor,-0.0020729827228933573,0.0020729827228933573,-1.2762953042984009
24,cat__Location_Darwin,0.009102992713451385,0.009102992713451385,-1.2762953042984009
24,cat__Location_GoldCoast,0.005315772723406553,0.005315772723406553,-1.2762953042984009
24,cat__Location_Hobart,0.010561937466263771,0.010561937466263771,-1.2762953042984009
24,cat__Location_Katherine,0.007255174685269594,0.007255174685269594,-1.2762953042984009
24,cat__Location_Launceston,0.0020263884216547012,0.0020263884216547012,-1.2762953042984009
24,cat__Location_Melbourne,-0.0007353214896284044,0.0007353214896284044,-1.2762953042984009
24,cat__Location_MelbourneAirport,0.0028205153066664934,0.0028205153066664934,-1.2762953042984009
24,cat__Location_Mildura,7.986751734279096e-05,7.986751734279096e-05,-1.2762953042984009
24,cat__Location_Moree,-0.009796053171157837,0.009796053171157837,-1.2762953042984009
24,cat__Location_MountGambier,-0.00010620441753417253,0.00010620441753417253,-1.2762953042984009
24,cat__Location_MountGinini,0.004816391039639711,0.004816391039639711,-1.2762953042984009
24,cat__Location_Newcastle,-3.4636574127944186e-05,3.4636574127944186e-05,-1.2762953042984009
24,cat__Location_Nhil,0.0005357912159524858,0.0005357912159524858,-1.2762953042984009
24,cat__Location_NorahHead,0.01801152154803276,0.01801152154803276,-1.2762953042984009
24,cat__Location_NorfolkIsland,0.0009457438136450946,0.0009457438136450946,-1.2762953042984009
24,cat__Location_Nuriootpa,3.289622691227123e-05,3.289622691227123e-05,-1.2762953042984009
24,cat__Location_PearceRAAF,0.00046871163067407906,0.00046871163067407906,-1.2762953042984009
24,cat__Location_Penrith,-0.004232462029904127,0.004232462029904127,-1.2762953042984009
24,cat__Location_Perth,-0.008185621351003647,0.008185621351003647,-1.2762953042984009
24,cat__Location_PerthAirport,-0.006135609466582537,0.006135609466582537,-1.2762953042984009
24,cat__Location_Portland,-0.0003466149792075157,0.0003466149792075157,-1.2762953042984009
24,cat__Location_Richmond,-1.2343894923105836e-05,1.2343894923105836e-05,-1.2762953042984009
24,cat__Location_Sale,0.00038143977872096,0.00038143977872096,-1.2762953042984009
24,cat__Location_SalmonGums,-0.004895019344985485,0.004895019344985485,-1.2762953042984009
24,cat__Location_Sydney,-0.0018715584883466363,0.0018715584883466363,-1.2762953042984009
24,cat__Location_SydneyAirport,0.0008071557967923582,0.0008071557967923582,-1.2762953042984009
24,cat__Location_Townsville,0.014958239160478115,0.014958239160478115,-1.2762953042984009
24,cat__Location_Tuggeranong,-0.006470020394772291,0.006470020394772291,-1.2762953042984009
24,cat__Location_Uluru,0.00019093920127488673,0.00019093920127488673,-1.2762953042984009
24,cat__Location_WaggaWagga,-0.004985852632671595,0.004985852632671595,-1.2762953042984009
24,cat__Location_Walpole,-0.0013453350402414799,0.0013453350402414799,-1.2762953042984009
24,cat__Location_Watsonia,0.00029120760154910386,0.00029120760154910386,-1.2762953042984009
24,cat__Location_Williamtown,-0.0024573737755417824,0.0024573737755417824,-1.2762953042984009
24,cat__Location_Witchcliffe,-0.006062204018235207,0.006062204018235207,-1.2762953042984009
24,cat__Location_Wollongong,0.017756929621100426,0.017756929621100426,-1.2762953042984009
24,cat__Location_Woomera,0.00026376816094852984,0.00026376816094852984,-1.2762953042984009
24,cat__WindGustDir_E,0.0007145683048292994,0.0007145683048292994,-1.2762953042984009
24,cat__WindGustDir_ENE,-0.0002737796457950026,0.0002737796457950026,-1.2762953042984009
24,cat__WindGustDir_ESE,-0.00010812496475409716,0.00010812496475409716,-1.2762953042984009
24,cat__WindGustDir_N,-0.0008317669271491468,0.0008317669271491468,-1.2762953042984009
24,cat__WindGustDir_NE,0.00014332812861539423,0.00014332812861539423,-1.2762953042984009
24,cat__WindGustDir_NNE,0.002496883971616626,0.002496883971616626,-1.2762953042984009
24,cat__WindGustDir_NNW,-0.00019170771702192724,0.00019170771702192724,-1.2762953042984009
24,cat__WindGustDir_NW,-0.00042166098137386143,0.00042166098137386143,-1.2762953042984009
24,cat__WindGustDir_S,-4.081024962943047e-05,4.081024962943047e-05,-1.2762953042984009
24,cat__WindGustDir_SE,-0.0006312640616670251,0.0006312640616670251,-1.2762953042984009
24,cat__WindGustDir_SSE,-5.658441295963712e-05,5.658441295963712e-05,-1.2762953042984009
24,cat__WindGustDir_SSW,0.00014275748981162906,0.00014275748981162906,-1.2762953042984009
24,cat__WindGustDir_SW,-0.0017921737162396312,0.0017921737162396312,-1.2762953042984009
24,cat__WindGustDir_W,-0.005477390252053738,0.005477390252053738,-1.2762953042984009
24,cat__WindGustDir_WNW,-1.5982497643562965e-05,1.5982497643562965e-05,-1.2762953042984009
24,cat__WindGustDir_WSW,-4.4284450268605724e-05,4.4284450268605724e-05,-1.2762953042984009
24,cat__WindDir9am_E,0.0012486373307183385,0.0012486373307183385,-1.2762953042984009
24,cat__WindDir9am_ENE,-0.0013514012098312378,0.0013514012098312378,-1.2762953042984009
24,cat__WindDir9am_ESE,0.002867538947612047,0.002867538947612047,-1.2762953042984009
24,cat__WindDir9am_N,-0.013797000050544739,0.013797000050544739,-1.2762953042984009
24,cat__WindDir9am_NE,-0.004495566710829735,0.004495566710829735,-1.2762953042984009
24,cat__WindDir9am_NNE,0.10164526104927063,0.10164526104927063,-1.2762953042984009
24,cat__WindDir9am_NNW,-3.3307092962786555e-05,3.3307092962786555e-05,-1.2762953042984009
24,cat__WindDir9am_NW,-0.00110343296546489,0.00110343296546489,-1.2762953042984009
24,cat__WindDir9am_S,0.018209164962172508,0.018209164962172508,-1.2762953042984009
24,cat__WindDir9am_SE,5.397962013375945e-06,5.397962013375945e-06,-1.2762953042984009
24,cat__WindDir9am_SSE,0.008051804266870022,0.008051804266870022,-1.2762953042984009
24,cat__WindDir9am_SSW,0.001720832078717649,0.001720832078717649,-1.2762953042984009
24,cat__WindDir9am_SW,-0.00017963109712582082,0.00017963109712582082,-1.2762953042984009
24,cat__WindDir9am_W,2.5517589165247045e-05,2.5517589165247045e-05,-1.2762953042984009
24,cat__WindDir9am_WNW,-3.754670251510106e-05,3.754670251510106e-05,-1.2762953042984009
24,cat__WindDir9am_WSW,-1.8104550690623e-05,1.8104550690623e-05,-1.2762953042984009
24,cat__WindDir3pm_E,0.0013841947074979544,0.0013841947074979544,-1.2762953042984009
24,cat__WindDir3pm_ENE,-0.0001365595089737326,0.0001365595089737326,-1.2762953042984009
24,cat__WindDir3pm_ESE,0.0008964663138613105,0.0008964663138613105,-1.2762953042984009
24,cat__WindDir3pm_N,0.10876471549272537,0.10876471549272537,-1.2762953042984009
24,cat__WindDir3pm_NE,0.004683405626565218,0.004683405626565218,-1.2762953042984009
24,cat__WindDir3pm_NNE,-0.00048571196384727955,0.00048571196384727955,-1.2762953042984009
24,cat__WindDir3pm_NNW,-0.014483234845101833,0.014483234845101833,-1.2762953042984009
24,cat__WindDir3pm_NW,-0.012645774520933628,0.012645774520933628,-1.2762953042984009
24,cat__WindDir3pm_S,-0.0002914220676757395,0.0002914220676757395,-1.2762953042984009
24,cat__WindDir3pm_SE,-0.0001114697806769982,0.0001114697806769982,-1.2762953042984009
24,cat__WindDir3pm_SSE,0.008161405101418495,0.008161405101418495,-1.2762953042984009
24,cat__WindDir3pm_SSW,0.0073112309910357,0.0073112309910357,-1.2762953042984009
24,cat__WindDir3pm_SW,0.004387012217193842,0.004387012217193842,-1.2762953042984009
24,cat__WindDir3pm_W,-1.5201978385448456e-05,1.5201978385448456e-05,-1.2762953042984009
24,cat__WindDir3pm_WNW,-0.006709570996463299,0.006709570996463299,-1.2762953042984009
24,cat__WindDir3pm_WSW,0.0016652328195050359,0.0016652328195050359,-1.2762953042984009
24,cat__Season_Autumn,0.013530364260077477,0.013530364260077477,-1.2762953042984009
24,cat__Season_Spring,0.00020525214495137334,0.00020525214495137334,-1.2762953042984009
24,cat__Season_Summer,0.011811275035142899,0.011811275035142899,-1.2762953042984009
24,cat__Season_Winter,0.006173011381179094,0.006173011381179094,-1.2762953042984009
24,cat__WindIntensityCategory_High,2.5962330255424604e-05,2.5962330255424604e-05,-1.2762953042984009
24,cat__WindIntensityCategory_Low,-0.0015481344889849424,0.0015481344889849424,-1.2762953042984009
24,cat__WindIntensityCategory_Moderate,-0.0027284559328109026,0.0027284559328109026,-1.2762953042984009
24,cat__WindIntensityCategory_VeryHigh,0.0,0.0,-1.2762953042984009
24,cat__RainToday_No,0.0,0.0,-1.2762953042984009
24,cat__RainToday_Yes,0.0,0.0,-1.2762953042984009
25,num__MinTemp,0.008196687325835228,0.008196687325835228,-1.2762953042984009
25,num__MaxTemp,0.021549643948674202,0.021549643948674202,-1.2762953042984009
25,num__Rainfall,-0.21899425983428955,0.21899425983428955,-1.2762953042984009
25,num__Evaporation,0.028114881366491318,0.028114881366491318,-1.2762953042984009
25,num__Sunshine,-0.060083404183387756,0.060083404183387756,-1.2762953042984009
25,num__WindGustSpeed,0.8255042433738708,0.8255042433738708,-1.2762953042984009
25,num__WindSpeed9am,-0.09024915844202042,0.09024915844202042,-1.2762953042984009
25,num__WindSpeed3pm,0.10059050470590591,0.10059050470590591,-1.2762953042984009
25,num__Humidity9am,0.05425530672073364,0.05425530672073364,-1.2762953042984009
25,num__Humidity3pm,1.134218454360962,1.134218454360962,-1.2762953042984009
25,num__Pressure9am,-0.004503769800066948,0.004503769800066948,-1.2762953042984009
25,num__Pressure3pm,-0.05977925658226013,0.05977925658226013,-1.2762953042984009
25,num__Cloud9am,0.012914501130580902,0.012914501130580902,-1.2762953042984009
25,num__Cloud3pm,0.40951019525527954,0.40951019525527954,-1.2762953042984009
25,num__Temp9am,0.04144660755991936,0.04144660755991936,-1.2762953042984009
25,num__Temp3pm,-0.017972519621253014,0.017972519621253014,-1.2762953042984009
25,num__TemperatureDifference,-0.04239417612552643,0.04239417612552643,-1.2762953042984009
25,num__AverageTemperature,0.052775707095861435,0.052775707095861435,-1.2762953042984009
25,num__HumidityIndex,-0.05716907978057861,0.05716907978057861,-1.2762953042984009
25,num__PressureDifference,-0.19658777117729187,0.19658777117729187,-1.2762953042984009
25,num__Month,-0.0015070353401824832,0.0015070353401824832,-1.2762953042984009
25,num__Quarter,0.0,0.0,-1.2762953042984009
25,num__DayOfYear,0.039594147354364395,0.039594147354364395,-1.2762953042984009
25,num__IsWeekend,-0.000981213990598917,0.000981213990598917,-1.2762953042984009
25,num__RainfallIndicator,0.0,0.0,-1.2762953042984009
25,num__RainTodayBinary,0.0,0.0,-1.2762953042984009
25,cat__Location_Adelaide,-0.010608256794512272,0.010608256794512272,-1.2762953042984009
25,cat__Location_Albany,-0.0009084006305783987,0.0009084006305783987,-1.2762953042984009
25,cat__Location_Albury,-0.0026268658693879843,0.0026268658693879843,-1.2762953042984009
25,cat__Location_AliceSprings,0.0007022355566732585,0.0007022355566732585,-1.2762953042984009
25,cat__Location_BadgerysCreek,-0.0007063174853101373,0.0007063174853101373,-1.2762953042984009
25,cat__Location_Ballarat,-0.002751921536400914,0.002751921536400914,-1.2762953042984009
25,cat__Location_Bendigo,-0.0008457995718345046,0.0008457995718345046,-1.2762953042984009
25,cat__Location_Brisbane,-0.00869460217654705,0.00869460217654705,-1.2762953042984009
25,cat__Location_Cairns,-0.0047745308838784695,0.0047745308838784695,-1.2762953042984009
25,cat__Location_Canberra,0.0005784148816019297,0.0005784148816019297,-1.2762953042984009
25,cat__Location_Cobar,-0.0019701423589140177,0.0019701423589140177,-1.2762953042984009
25,cat__Location_CoffsHarbour,-0.0026283340994268656,0.0026283340994268656,-1.2762953042984009
25,cat__Location_Dartmoor,-0.0014011403545737267,0.0014011403545737267,-1.2762953042984009
25,cat__Location_Darwin,0.0015970655949786305,0.0015970655949786305,-1.2762953042984009
25,cat__Location_GoldCoast,0.006756382528692484,0.006756382528692484,-1.2762953042984009
25,cat__Location_Hobart,0.010576356202363968,0.010576356202363968,-1.2762953042984009
25,cat__Location_Katherine,0.00955941155552864,0.00955941155552864,-1.2762953042984009
25,cat__Location_Launceston,0.001164012006483972,0.001164012006483972,-1.2762953042984009
25,cat__Location_Melbourne,-0.0008070868207141757,0.0008070868207141757,-1.2762953042984009
25,cat__Location_MelbourneAirport,0.004043749999254942,0.004043749999254942,-1.2762953042984009
25,cat__Location_Mildura,7.680150883970782e-05,7.680150883970782e-05,-1.2762953042984009
25,cat__Location_Moree,5.382635208661668e-05,5.382635208661668e-05,-1.2762953042984009
25,cat__Location_MountGambier,-0.005821358412504196,0.005821358412504196,-1.2762953042984009
25,cat__Location_MountGinini,0.015069318003952503,0.015069318003952503,-1.2762953042984009
25,cat__Location_Newcastle,-3.4636574127944186e-05,3.4636574127944186e-05,-1.2762953042984009
25,cat__Location_Nhil,0.00022165244445204735,0.00022165244445204735,-1.2762953042984009
25,cat__Location_NorahHead,0.007599436677992344,0.007599436677992344,-1.2762953042984009
25,cat__Location_NorfolkIsland,0.002709183841943741,0.002709183841943741,-1.2762953042984009
25,cat__Location_Nuriootpa,3.717973959282972e-05,3.717973959282972e-05,-1.2762953042984009
25,cat__Location_PearceRAAF,-0.0026257529389113188,0.0026257529389113188,-1.2762953042984009
25,cat__Location_Penrith,-0.009741825051605701,0.009741825051605701,-1.2762953042984009
25,cat__Location_Perth,-0.007793405093252659,0.007793405093252659,-1.2762953042984009
25,cat__Location_PerthAirport,-0.0023391807917505503,0.0023391807917505503,-1.2762953042984009
25,cat__Location_Portland,0.0012739524245262146,0.0012739524245262146,-1.2762953042984009
25,cat__Location_Richmond,-0.001972319558262825,0.001972319558262825,-1.2762953042984009
25,cat__Location_Sale,-0.0006375396624207497,0.0006375396624207497,-1.2762953042984009
25,cat__Location_SalmonGums,-0.00738225132226944,0.00738225132226944,-1.2762953042984009
25,cat__Location_Sydney,-0.006623139139264822,0.006623139139264822,-1.2762953042984009
25,cat__Location_SydneyAirport,0.00018819242541212589,0.00018819242541212589,-1.2762953042984009
25,cat__Location_Townsville,0.010189064778387547,0.010189064778387547,-1.2762953042984009
25,cat__Location_Tuggeranong,-0.0054167588241398335,0.0054167588241398335,-1.2762953042984009
25,cat__Location_Uluru,-7.910952263046056e-05,7.910952263046056e-05,-1.2762953042984009
25,cat__Location_WaggaWagga,-0.0018046587938442826,0.0018046587938442826,-1.2762953042984009
25,cat__Location_Walpole,-0.002567486371845007,0.002567486371845007,-1.2762953042984009
25,cat__Location_Watsonia,0.00036663812352344394,0.00036663812352344394,-1.2762953042984009
25,cat__Location_Williamtown,-0.008869113400578499,0.008869113400578499,-1.2762953042984009
25,cat__Location_Witchcliffe,-0.010395420715212822,0.010395420715212822,-1.2762953042984009
25,cat__Location_Wollongong,-0.4291747212409973,0.4291747212409973,-1.2762953042984009
25,cat__Location_Woomera,0.00143715541344136,0.00143715541344136,-1.2762953042984009
25,cat__WindGustDir_E,0.0005970834172330797,0.0005970834172330797,-1.2762953042984009
25,cat__WindGustDir_ENE,-9.674680040916428e-05,9.674680040916428e-05,-1.2762953042984009
25,cat__WindGustDir_ESE,-0.00012163078645244241,0.00012163078645244241,-1.2762953042984009
25,cat__WindGustDir_N,-0.00031903889612294734,0.00031903889612294734,-1.2762953042984009
25,cat__WindGustDir_NE,0.00019175406487192959,0.00019175406487192959,-1.2762953042984009
25,cat__WindGustDir_NNE,-0.0038016093894839287,0.0038016093894839287,-1.2762953042984009
25,cat__WindGustDir_NNW,-8.807839185465127e-05,8.807839185465127e-05,-1.2762953042984009
25,cat__WindGustDir_NW,-0.0024716577026993036,0.0024716577026993036,-1.2762953042984009
25,cat__WindGustDir_S,-2.1266694602672942e-05,2.1266694602672942e-05,-1.2762953042984009
25,cat__WindGustDir_SE,-0.002255921019241214,0.002255921019241214,-1.2762953042984009
25,cat__WindGustDir_SSE,1.0255774213874247e-05,1.0255774213874247e-05,-1.2762953042984009
25,cat__WindGustDir_SSW,-0.0008972926298156381,0.0008972926298156381,-1.2762953042984009
25,cat__WindGustDir_SW,-0.001450032345019281,0.001450032345019281,-1.2762953042984009
25,cat__WindGustDir_W,-0.003233281197026372,0.003233281197026372,-1.2762953042984009
25,cat__WindGustDir_WNW,4.9620168283581734e-05,4.9620168283581734e-05,-1.2762953042984009
25,cat__WindGustDir_WSW,7.051330612739548e-06,7.051330612739548e-06,-1.2762953042984009
25,cat__WindDir9am_E,0.0007309153443202376,0.0007309153443202376,-1.2762953042984009
25,cat__WindDir9am_ENE,-0.0007785363704897463,0.0007785363704897463,-1.2762953042984009
25,cat__WindDir9am_ESE,0.0023651435039937496,0.0023651435039937496,-1.2762953042984009
25,cat__WindDir9am_N,-0.014409529976546764,0.014409529976546764,-1.2762953042984009
25,cat__WindDir9am_NE,-0.001348176971077919,0.001348176971077919,-1.2762953042984009
25,cat__WindDir9am_NNE,-0.008534343913197517,0.008534343913197517,-1.2762953042984009
25,cat__WindDir9am_NNW,-9.919411968439817e-05,9.919411968439817e-05,-1.2762953042984009
25,cat__WindDir9am_NW,0.007071970030665398,0.007071970030665398,-1.2762953042984009
25,cat__WindDir9am_S,0.01391864288598299,0.01391864288598299,-1.2762953042984009
25,cat__WindDir9am_SE,3.7468791560968384e-05,3.7468791560968384e-05,-1.2762953042984009
25,cat__WindDir9am_SSE,0.00711471913382411,0.00711471913382411,-1.2762953042984009
25,cat__WindDir9am_SSW,0.0018617722671478987,0.0018617722671478987,-1.2762953042984009
25,cat__WindDir9am_SW,-0.00015874087694101036,0.00015874087694101036,-1.2762953042984009
25,cat__WindDir9am_W,2.9857186746085063e-05,2.9857186746085063e-05,-1.2762953042984009
25,cat__WindDir9am_WNW,7.853341230656952e-07,7.853341230656952e-07,-1.2762953042984009
25,cat__WindDir9am_WSW,-4.6235629270086065e-05,4.6235629270086065e-05,-1.2762953042984009
25,cat__WindDir3pm_E,0.0014038983499631286,0.0014038983499631286,-1.2762953042984009
25,cat__WindDir3pm_ENE,-9.109151142183691e-05,9.109151142183691e-05,-1.2762953042984009
25,cat__WindDir3pm_ESE,0.000875625351909548,0.000875625351909548,-1.2762953042984009
25,cat__WindDir3pm_N,-0.0038248186465352774,0.0038248186465352774,-1.2762953042984009
25,cat__WindDir3pm_NE,0.002367457840591669,0.002367457840591669,-1.2762953042984009
25,cat__WindDir3pm_NNE,-0.0003625219105742872,0.0003625219105742872,-1.2762953042984009
25,cat__WindDir3pm_NNW,-0.013300006277859211,0.013300006277859211,-1.2762953042984009
25,cat__WindDir3pm_NW,-0.008514713495969772,0.008514713495969772,-1.2762953042984009
25,cat__WindDir3pm_S,-0.0037333513610064983,0.0037333513610064983,-1.2762953042984009
25,cat__WindDir3pm_SE,0.015823114663362503,0.015823114663362503,-1.2762953042984009
25,cat__WindDir3pm_SSE,0.006893489975482225,0.006893489975482225,-1.2762953042984009
25,cat__WindDir3pm_SSW,0.001967953983694315,0.001967953983694315,-1.2762953042984009
25,cat__WindDir3pm_SW,0.0016415517311543226,0.0016415517311543226,-1.2762953042984009
25,cat__WindDir3pm_W,-0.00015378135140053928,0.00015378135140053928,-1.2762953042984009
25,cat__WindDir3pm_WNW,-0.00854443572461605,0.00854443572461605,-1.2762953042984009
25,cat__WindDir3pm_WSW,0.00014759509940631688,0.00014759509940631688,-1.2762953042984009
25,cat__Season_Autumn,-0.007430662866681814,0.007430662866681814,-1.2762953042984009
25,cat__Season_Spring,8.217313734348863e-05,8.217313734348863e-05,-1.2762953042984009
25,cat__Season_Summer,0.014609837904572487,0.014609837904572487,-1.2762953042984009
25,cat__Season_Winter,0.0002500941918697208,0.0002500941918697208,-1.2762953042984009
25,cat__WindIntensityCategory_High,0.0002548066549934447,0.0002548066549934447,-1.2762953042984009
25,cat__WindIntensityCategory_Low,-0.0026533547788858414,0.0026533547788858414,-1.2762953042984009
25,cat__WindIntensityCategory_Moderate,0.0006443591555580497,0.0006443591555580497,-1.2762953042984009
25,cat__WindIntensityCategory_VeryHigh,0.0,0.0,-1.2762953042984009
25,cat__RainToday_No,0.0,0.0,-1.2762953042984009
25,cat__RainToday_Yes,0.0,0.0,-1.2762953042984009
26,num__MinTemp,-0.08921069651842117,0.08921069651842117,-1.2762953042984009
26,num__MaxTemp,-0.05113913118839264,0.05113913118839264,-1.2762953042984009
26,num__Rainfall,-0.1401297152042389,0.1401297152042389,-1.2762953042984009
26,num__Evaporation,0.003968393430113792,0.003968393430113792,-1.2762953042984009
26,num__Sunshine,0.415559321641922,0.415559321641922,-1.2762953042984009
26,num__WindGustSpeed,-0.3753734529018402,0.3753734529018402,-1.2762953042984009
26,num__WindSpeed9am,-0.028680887073278427,0.028680887073278427,-1.2762953042984009
26,num__WindSpeed3pm,0.02444208785891533,0.02444208785891533,-1.2762953042984009
26,num__Humidity9am,-0.05337885022163391,0.05337885022163391,-1.2762953042984009
26,num__Humidity3pm,-1.5107375383377075,1.5107375383377075,-1.2762953042984009
26,num__Pressure9am,-0.008844204246997833,0.008844204246997833,-1.2762953042984009
26,num__Pressure3pm,0.14720410108566284,0.14720410108566284,-1.2762953042984009
26,num__Cloud9am,0.023679953068494797,0.023679953068494797,-1.2762953042984009
26,num__Cloud3pm,-0.33553797006607056,0.33553797006607056,-1.2762953042984009
26,num__Temp9am,-0.14917366206645966,0.14917366206645966,-1.2762953042984009
26,num__Temp3pm,-0.0032113934867084026,0.0032113934867084026,-1.2762953042984009
26,num__TemperatureDifference,-0.06718143075704575,0.06718143075704575,-1.2762953042984009
26,num__AverageTemperature,-0.03560240939259529,0.03560240939259529,-1.2762953042984009
26,num__HumidityIndex,-0.1877906322479248,0.1877906322479248,-1.2762953042984009
26,num__PressureDifference,0.08246699720621109,0.08246699720621109,-1.2762953042984009
26,num__Month,0.0024597684387117624,0.0024597684387117624,-1.2762953042984009
26,num__Quarter,0.0,0.0,-1.2762953042984009
26,num__DayOfYear,-0.08144562691450119,0.08144562691450119,-1.2762953042984009
26,num__IsWeekend,-0.001220567850396037,0.001220567850396037,-1.2762953042984009
26,num__RainfallIndicator,0.0,0.0,-1.2762953042984009
26,num__RainTodayBinary,0.0,0.0,-1.2762953042984009
26,cat__Location_Adelaide,-0.009589745663106441,0.009589745663106441,-1.2762953042984009
26,cat__Location_Albany,0.0006054327241145074,0.0006054327241145074,-1.2762953042984009
26,cat__Location_Albury,-0.004731785040348768,0.004731785040348768,-1.2762953042984009
26,cat__Location_AliceSprings,0.0010674992809072137,0.0010674992809072137,-1.2762953042984009
26,cat__Location_BadgerysCreek,-1.853762660175562e-05,1.853762660175562e-05,-1.2762953042984009
26,cat__Location_Ballarat,-0.0009335293434560299,0.0009335293434560299,-1.2762953042984009
26,cat__Location_Bendigo,-0.0017051565228030086,0.0017051565228030086,-1.2762953042984009
26,cat__Location_Brisbane,-0.0033054715022444725,0.0033054715022444725,-1.2762953042984009
26,cat__Location_Cairns,-0.0013997304486110806,0.0013997304486110806,-1.2762953042984009
26,cat__Location_Canberra,-0.0027374892961233854,0.0027374892961233854,-1.2762953042984009
26,cat__Location_Cobar,-0.0019482251955196261,0.0019482251955196261,-1.2762953042984009
26,cat__Location_CoffsHarbour,0.0009638602496124804,0.0009638602496124804,-1.2762953042984009
26,cat__Location_Dartmoor,-0.0032209977507591248,0.0032209977507591248,-1.2762953042984009
26,cat__Location_Darwin,-0.49422430992126465,0.49422430992126465,-1.2762953042984009
26,cat__Location_GoldCoast,0.00526283448562026,0.00526283448562026,-1.2762953042984009
26,cat__Location_Hobart,0.007588200271129608,0.007588200271129608,-1.2762953042984009
26,cat__Location_Katherine,0.007057603914290667,0.007057603914290667,-1.2762953042984009
26,cat__Location_Launceston,0.0019724140875041485,0.0019724140875041485,-1.2762953042984009
26,cat__Location_Melbourne,-0.0027559148147702217,0.0027559148147702217,-1.2762953042984009
26,cat__Location_MelbourneAirport,0.0027031879872083664,0.0027031879872083664,-1.2762953042984009
26,cat__Location_Mildura,6.89188382239081e-05,6.89188382239081e-05,-1.2762953042984009
26,cat__Location_Moree,8.55759863043204e-05,8.55759863043204e-05,-1.2762953042984009
26,cat__Location_MountGambier,-0.0008888819720596075,0.0008888819720596075,-1.2762953042984009
26,cat__Location_MountGinini,0.002523569157347083,0.002523569157347083,-1.2762953042984009
26,cat__Location_Newcastle,-3.4636574127944186e-05,3.4636574127944186e-05,-1.2762953042984009
26,cat__Location_Nhil,0.0006347181042656302,0.0006347181042656302,-1.2762953042984009
26,cat__Location_NorahHead,0.016038836911320686,0.016038836911320686,-1.2762953042984009
26,cat__Location_NorfolkIsland,0.001093747210688889,0.001093747210688889,-1.2762953042984009
26,cat__Location_Nuriootpa,-0.00024857057724148035,0.00024857057724148035,-1.2762953042984009
26,cat__Location_PearceRAAF,-0.003396739484742284,0.003396739484742284,-1.2762953042984009
26,cat__Location_Penrith,-0.0014872037572786212,0.0014872037572786212,-1.2762953042984009
26,cat__Location_Perth,-0.008143997751176357,0.008143997751176357,-1.2762953042984009
26,cat__Location_PerthAirport,-0.004134595859795809,0.004134595859795809,-1.2762953042984009
26,cat__Location_Portland,-0.00036251897108741105,0.00036251897108741105,-1.2762953042984009
26,cat__Location_Richmond,0.0008095732191577554,0.0008095732191577554,-1.2762953042984009
26,cat__Location_Sale,0.0008114161901175976,0.0008114161901175976,-1.2762953042984009
26,cat__Location_SalmonGums,-0.006856042426079512,0.006856042426079512,-1.2762953042984009
26,cat__Location_Sydney,-0.0016911737620830536,0.0016911737620830536,-1.2762953042984009
26,cat__Location_SydneyAirport,0.000830101955216378,0.000830101955216378,-1.2762953042984009
26,cat__Location_Townsville,0.014089743606746197,0.014089743606746197,-1.2762953042984009
26,cat__Location_Tuggeranong,-0.004061860032379627,0.004061860032379627,-1.2762953042984009
26,cat__Location_Uluru,8.695428550709039e-05,8.695428550709039e-05,-1.2762953042984009
26,cat__Location_WaggaWagga,-0.003040102543309331,0.003040102543309331,-1.2762953042984009
26,cat__Location_Walpole,-0.0015149080427363515,0.0015149080427363515,-1.2762953042984009
26,cat__Location_Watsonia,0.00023674369731452316,0.00023674369731452316,-1.2762953042984009
26,cat__Location_Williamtown,-0.0018151828553527594,0.0018151828553527594,-1.2762953042984009
26,cat__Location_Witchcliffe,-0.008003133349120617,0.008003133349120617,-1.2762953042984009
26,cat__Location_Wollongong,0.019527295604348183,0.019527295604348183,-1.2762953042984009
26,cat__Location_Woomera,0.0013930442510172725,0.0013930442510172725,-1.2762953042984009
26,cat__WindGustDir_E,-0.0035392907448112965,0.0035392907448112965,-1.2762953042984009
26,cat__WindGustDir_ENE,-0.000227310141781345,0.000227310141781345,-1.2762953042984009
26,cat__WindGustDir_ESE,-0.0010867947712540627,0.0010867947712540627,-1.2762953042984009
26,cat__WindGustDir_N,-0.0010836481815204024,0.0010836481815204024,-1.2762953042984009
26,cat__WindGustDir_NE,-0.0012302258983254433,0.0012302258983254433,-1.2762953042984009
26,cat__WindGustDir_NNE,-0.0001436812017345801,0.0001436812017345801,-1.2762953042984009
26,cat__WindGustDir_NNW,-0.003616763511672616,0.003616763511672616,-1.2762953042984009
26,cat__WindGustDir_NW,-0.00035572974593378603,0.00035572974593378603,-1.2762953042984009
26,cat__WindGustDir_S,-0.00011349858687026426,0.00011349858687026426,-1.2762953042984009
26,cat__WindGustDir_SE,-0.00048355074250139296,0.00048355074250139296,-1.2762953042984009
26,cat__WindGustDir_SSE,4.713593443739228e-05,4.713593443739228e-05,-1.2762953042984009
26,cat__WindGustDir_SSW,0.0002172683598473668,0.0002172683598473668,-1.2762953042984009
26,cat__WindGustDir_SW,-0.00013774455874226987,0.00013774455874226987,-1.2762953042984009
26,cat__WindGustDir_W,-0.004340575076639652,0.004340575076639652,-1.2762953042984009
26,cat__WindGustDir_WNW,-5.5831100326031446e-05,5.5831100326031446e-05,-1.2762953042984009
26,cat__WindGustDir_WSW,3.2488187571289018e-06,3.2488187571289018e-06,-1.2762953042984009
26,cat__WindDir9am_E,0.001024799537844956,0.001024799537844956,-1.2762953042984009
26,cat__WindDir9am_ENE,-0.0016790821682661772,0.0016790821682661772,-1.2762953042984009
26,cat__WindDir9am_ESE,0.0028804647736251354,0.0028804647736251354,-1.2762953042984009
26,cat__WindDir9am_N,-0.021615028381347656,0.021615028381347656,-1.2762953042984009
26,cat__WindDir9am_NE,-0.005699483677744865,0.005699483677744865,-1.2762953042984009
26,cat__WindDir9am_NNE,-0.01037442684173584,0.01037442684173584,-1.2762953042984009
26,cat__WindDir9am_NNW,-8.604944014223292e-05,8.604944014223292e-05,-1.2762953042984009
26,cat__WindDir9am_NW,-0.0012008819030597806,0.0012008819030597806,-1.2762953042984009
26,cat__WindDir9am_S,0.017583562061190605,0.017583562061190605,-1.2762953042984009
26,cat__WindDir9am_SE,-0.0009571333648636937,0.0009571333648636937,-1.2762953042984009
26,cat__WindDir9am_SSE,0.006785248406231403,0.006785248406231403,-1.2762953042984009
26,cat__WindDir9am_SSW,0.0017273499397560954,0.0017273499397560954,-1.2762953042984009
26,cat__WindDir9am_SW,-0.00011544757580850273,0.00011544757580850273,-1.2762953042984009
26,cat__WindDir9am_W,-1.1803220331785269e-05,1.1803220331785269e-05,-1.2762953042984009
26,cat__WindDir9am_WNW,-3.754670251510106e-05,3.754670251510106e-05,-1.2762953042984009
26,cat__WindDir9am_WSW,-4.5464948925655335e-06,4.5464948925655335e-06,-1.2762953042984009
26,cat__WindDir3pm_E,-0.03564882650971413,0.03564882650971413,-1.2762953042984009
26,cat__WindDir3pm_ENE,-0.0001365595089737326,0.0001365595089737326,-1.2762953042984009
26,cat__WindDir3pm_ESE,0.0008828236605040729,0.0008828236605040729,-1.2762953042984009
26,cat__WindDir3pm_N,-0.01620561070740223,0.01620561070740223,-1.2762953042984009
26,cat__WindDir3pm_NE,0.0002357190242037177,0.0002357190242037177,-1.2762953042984009
26,cat__WindDir3pm_NNE,-0.0023251157253980637,0.0023251157253980637,-1.2762953042984009
26,cat__WindDir3pm_NNW,-0.019585629925131798,0.019585629925131798,-1.2762953042984009
26,cat__WindDir3pm_NW,-0.018712850287556648,0.018712850287556648,-1.2762953042984009
26,cat__WindDir3pm_S,-0.0002719592594075948,0.0002719592594075948,-1.2762953042984009
26,cat__WindDir3pm_SE,-3.8336351281031966e-05,3.8336351281031966e-05,-1.2762953042984009
26,cat__WindDir3pm_SSE,0.009053632616996765,0.009053632616996765,-1.2762953042984009
26,cat__WindDir3pm_SSW,0.004164533223956823,0.004164533223956823,-1.2762953042984009
26,cat__WindDir3pm_SW,0.0031555292662233114,0.0031555292662233114,-1.2762953042984009
26,cat__WindDir3pm_W,5.6174350902438164e-05,5.6174350902438164e-05,-1.2762953042984009
26,cat__WindDir3pm_WNW,-0.004753623623400927,0.004753623623400927,-1.2762953042984009
26,cat__WindDir3pm_WSW,0.00012242261436767876,0.00012242261436767876,-1.2762953042984009
26,cat__Season_Autumn,-0.004206894896924496,0.004206894896924496,-1.2762953042984009
26,cat__Season_Spring,-6.2494000303559005e-06,6.2494000303559005e-06,-1.2762953042984009
26,cat__Season_Summer,0.00740355160087347,0.00740355160087347,-1.2762953042984009
26,cat__Season_Winter,-0.1039143055677414,0.1039143055677414,-1.2762953042984009
26,cat__WindIntensityCategory_High,2.5962330255424604e-05,2.5962330255424604e-05,-1.2762953042984009
26,cat__WindIntensityCategory_Low,-0.0026573187205940485,0.0026573187205940485,-1.2762953042984009
26,cat__WindIntensityCategory_Moderate,-0.0015739473747089505,0.0015739473747089505,-1.2762953042984009
26,cat__WindIntensityCategory_VeryHigh,0.0,0.0,-1.2762953042984009
26,cat__RainToday_No,0.0,0.0,-1.2762953042984009
26,cat__RainToday_Yes,0.0,0.0,-1.2762953042984009
27,num__MinTemp,-0.09222008287906647,0.09222008287906647,-1.2762953042984009
27,num__MaxTemp,0.03816225379705429,0.03816225379705429,-1.2762953042984009
27,num__Rainfall,-0.1637694537639618,0.1637694537639618,-1.2762953042984009
27,num__Evaporation,0.010287103243172169,0.010287103243172169,-1.2762953042984009
27,num__Sunshine,-0.04877469316124916,0.04877469316124916,-1.2762953042984009
27,num__WindGustSpeed,-0.04769951477646828,0.04769951477646828,-1.2762953042984009
27,num__WindSpeed9am,0.0841345265507698,0.0841345265507698,-1.2762953042984009
27,num__WindSpeed3pm,0.010770861059427261,0.010770861059427261,-1.2762953042984009
27,num__Humidity9am,0.0011715416330844164,0.0011715416330844164,-1.2762953042984009
27,num__Humidity3pm,0.054357387125492096,0.054357387125492096,-1.2762953042984009
27,num__Pressure9am,0.005073909182101488,0.005073909182101488,-1.2762953042984009
27,num__Pressure3pm,0.35391566157341003,0.35391566157341003,-1.2762953042984009
27,num__Cloud9am,0.012691929936408997,0.012691929936408997,-1.2762953042984009
27,num__Cloud3pm,-0.051671262830495834,0.051671262830495834,-1.2762953042984009
27,num__Temp9am,0.0012467410415410995,0.0012467410415410995,-1.2762953042984009
27,num__Temp3pm,0.02922399900853634,0.02922399900853634,-1.2762953042984009
27,num__TemperatureDifference,-0.10102786123752594,0.10102786123752594,-1.2762953042984009
27,num__AverageTemperature,-0.0007190322503447533,0.0007190322503447533,-1.2762953042984009
27,num__HumidityIndex,0.0265075471252203,0.0265075471252203,-1.2762953042984009
27,num__PressureDifference,0.0726611390709877,0.0726611390709877,-1.2762953042984009
27,num__Month,-0.0005309568950906396,0.0005309568950906396,-1.2762953042984009
27,num__Quarter,0.0,0.0,-1.2762953042984009
27,num__DayOfYear,0.06497342139482498,0.06497342139482498,-1.2762953042984009
27,num__IsWeekend,-0.0010092746233567595,0.0010092746233567595,-1.2762953042984009
27,num__RainfallIndicator,0.0,0.0,-1.2762953042984009
27,num__RainTodayBinary,0.0,0.0,-1.2762953042984009
27,cat__Location_Adelaide,-0.012208444997668266,0.012208444997668266,-1.2762953042984009
27,cat__Location_Albany,-0.00012392897042445838,0.00012392897042445838,-1.2762953042984009
27,cat__Location_Albury,-0.002488082507625222,0.002488082507625222,-1.2762953042984009
27,cat__Location_AliceSprings,-0.0006776780937798321,0.0006776780937798321,-1.2762953042984009
27,cat__Location_BadgerysCreek,-0.001170370844192803,0.001170370844192803,-1.2762953042984009
27,cat__Location_Ballarat,0.0025697601959109306,0.0025697601959109306,-1.2762953042984009
27,cat__Location_Bendigo,-0.002468059305101633,0.002468059305101633,-1.2762953042984009
27,cat__Location_Brisbane,-0.009286721237003803,0.009286721237003803,-1.2762953042984009
27,cat__Location_Cairns,-0.001308719627559185,0.001308719627559185,-1.2762953042984009
27,cat__Location_Canberra,9.300399688072503e-05,9.300399688072503e-05,-1.2762953042984009
27,cat__Location_Cobar,0.001092232414521277,0.001092232414521277,-1.2762953042984009
27,cat__Location_CoffsHarbour,0.001869821920990944,0.001869821920990944,-1.2762953042984009
27,cat__Location_Dartmoor,-0.0015757281798869371,0.0015757281798869371,-1.2762953042984009
27,cat__Location_Darwin,0.009499741718173027,0.009499741718173027,-1.2762953042984009
27,cat__Location_GoldCoast,0.0034006359055638313,0.0034006359055638313,-1.2762953042984009
27,cat__Location_Hobart,0.009224618785083294,0.009224618785083294,-1.2762953042984009
27,cat__Location_Katherine,0.00733508775010705,0.00733508775010705,-1.2762953042984009
27,cat__Location_Launceston,-0.028970535844564438,0.028970535844564438,-1.2762953042984009
27,cat__Location_Melbourne,-0.0007319299620576203,0.0007319299620576203,-1.2762953042984009
27,cat__Location_MelbourneAirport,0.0031127803958952427,0.0031127803958952427,-1.2762953042984009
27,cat__Location_Mildura,0.0006269540172070265,0.0006269540172070265,-1.2762953042984009
27,cat__Location_Moree,0.00044204859295859933,0.00044204859295859933,-1.2762953042984009
27,cat__Location_MountGambier,-0.0009444723255001009,0.0009444723255001009,-1.2762953042984009
27,cat__Location_MountGinini,0.007079157046973705,0.007079157046973705,-1.2762953042984009
27,cat__Location_Newcastle,-3.4636574127944186e-05,3.4636574127944186e-05,-1.2762953042984009
27,cat__Location_Nhil,0.0008014402119442821,0.0008014402119442821,-1.2762953042984009
27,cat__Location_NorahHead,-0.000164382450748235,0.000164382450748235,-1.2762953042984009
27,cat__Location_NorfolkIsland,0.00119499780703336,0.00119499780703336,-1.2762953042984009
27,cat__Location_Nuriootpa,3.7193054595263675e-05,3.7193054595263675e-05,-1.2762953042984009
27,cat__Location_PearceRAAF,-0.006779431831091642,0.006779431831091642,-1.2762953042984009
27,cat__Location_Penrith,-0.005426006391644478,0.005426006391644478,-1.2762953042984009
27,cat__Location_Perth,-0.01500703301280737,0.01500703301280737,-1.2762953042984009
27,cat__Location_PerthAirport,-0.008892610669136047,0.008892610669136047,-1.2762953042984009
27,cat__Location_Portland,-0.0013854922726750374,0.0013854922726750374,-1.2762953042984009
27,cat__Location_Richmond,-0.0004309800860937685,0.0004309800860937685,-1.2762953042984009
27,cat__Location_Sale,0.00544609222561121,0.00544609222561121,-1.2762953042984009
27,cat__Location_SalmonGums,-0.004148340318351984,0.004148340318351984,-1.2762953042984009
27,cat__Location_Sydney,-0.001795882941223681,0.001795882941223681,-1.2762953042984009
27,cat__Location_SydneyAirport,-0.0003620241186581552,0.0003620241186581552,-1.2762953042984009
27,cat__Location_Townsville,0.015351962298154831,0.015351962298154831,-1.2762953042984009
27,cat__Location_Tuggeranong,-0.0033640076871961355,0.0033640076871961355,-1.2762953042984009
27,cat__Location_Uluru,0.00017736776499077678,0.00017736776499077678,-1.2762953042984009
27,cat__Location_WaggaWagga,-0.00819257739931345,0.00819257739931345,-1.2762953042984009
27,cat__Location_Walpole,-0.0024084877222776413,0.0024084877222776413,-1.2762953042984009
27,cat__Location_Watsonia,0.0004965208354406059,0.0004965208354406059,-1.2762953042984009
27,cat__Location_Williamtown,-0.0041175237856805325,0.0041175237856805325,-1.2762953042984009
27,cat__Location_Witchcliffe,-0.015452518127858639,0.015452518127858639,-1.2762953042984009
27,cat__Location_Wollongong,0.016621707007288933,0.016621707007288933,-1.2762953042984009
27,cat__Location_Woomera,0.0013419028837233782,0.0013419028837233782,-1.2762953042984009
27,cat__WindGustDir_E,0.0004141246317885816,0.0004141246317885816,-1.2762953042984009
27,cat__WindGustDir_ENE,-6.458291318267584e-05,6.458291318267584e-05,-1.2762953042984009
27,cat__WindGustDir_ESE,-0.00010950458818115294,0.00010950458818115294,-1.2762953042984009
27,cat__WindGustDir_N,-0.00037688424345105886,0.00037688424345105886,-1.2762953042984009
27,cat__WindGustDir_NE,-0.0003232212329749018,0.0003232212329749018,-1.2762953042984009
27,cat__WindGustDir_NNE,-0.00015965821512509137,0.00015965821512509137,-1.2762953042984009
27,cat__WindGustDir_NNW,-0.00019087508553639054,0.00019087508553639054,-1.2762953042984009
27,cat__WindGustDir_NW,-0.00032073730835691094,0.00032073730835691094,-1.2762953042984009
27,cat__WindGustDir_S,-1.89820202649571e-05,1.89820202649571e-05,-1.2762953042984009
27,cat__WindGustDir_SE,0.0013716514222323895,0.0013716514222323895,-1.2762953042984009
27,cat__WindGustDir_SSE,1.9600513041950762e-05,1.9600513041950762e-05,-1.2762953042984009
27,cat__WindGustDir_SSW,0.00012815691297873855,0.00012815691297873855,-1.2762953042984009
27,cat__WindGustDir_SW,-0.0001209653855767101,0.0001209653855767101,-1.2762953042984009
27,cat__WindGustDir_W,0.008386515080928802,0.008386515080928802,-1.2762953042984009
27,cat__WindGustDir_WNW,-0.00010024449147749692,0.00010024449147749692,-1.2762953042984009
27,cat__WindGustDir_WSW,-7.804235792718828e-06,7.804235792718828e-06,-1.2762953042984009
27,cat__WindDir9am_E,-0.02209160104393959,0.02209160104393959,-1.2762953042984009
27,cat__WindDir9am_ENE,-0.0016649682074785233,0.0016649682074785233,-1.2762953042984009
27,cat__WindDir9am_ESE,0.0028066327795386314,0.0028066327795386314,-1.2762953042984009
27,cat__WindDir9am_N,-0.01505285408347845,0.01505285408347845,-1.2762953042984009
27,cat__WindDir9am_NE,-0.001207898836582899,0.001207898836582899,-1.2762953042984009
27,cat__WindDir9am_NNE,-0.008110753260552883,0.008110753260552883,-1.2762953042984009
27,cat__WindDir9am_NNW,0.0024791592732071877,0.0024791592732071877,-1.2762953042984009
27,cat__WindDir9am_NW,-0.0007387055084109306,0.0007387055084109306,-1.2762953042984009
27,cat__WindDir9am_S,0.01108488067984581,0.01108488067984581,-1.2762953042984009
27,cat__WindDir9am_SE,5.397962013375945e-06,5.397962013375945e-06,-1.2762953042984009
27,cat__WindDir9am_SSE,0.00953459832817316,0.00953459832817316,-1.2762953042984009
27,cat__WindDir9am_SSW,0.0018021540017798543,0.0018021540017798543,-1.2762953042984009
27,cat__WindDir9am_SW,-9.907330968417227e-05,9.907330968417227e-05,-1.2762953042984009
27,cat__WindDir9am_W,-1.8406755771138705e-05,1.8406755771138705e-05,-1.2762953042984009
27,cat__WindDir9am_WNW,-3.05161411233712e-05,3.05161411233712e-05,-1.2762953042984009
27,cat__WindDir9am_WSW,4.1143499402096495e-05,4.1143499402096495e-05,-1.2762953042984009
27,cat__WindDir3pm_E,0.0008671724353916943,0.0008671724353916943,-1.2762953042984009
27,cat__WindDir3pm_ENE,-0.0001523924875073135,0.0001523924875073135,-1.2762953042984009
27,cat__WindDir3pm_ESE,0.0008738430333323777,0.0008738430333323777,-1.2762953042984009
27,cat__WindDir3pm_N,-0.0032983110286295414,0.0032983110286295414,-1.2762953042984009
27,cat__WindDir3pm_NE,-0.0009568364475853741,0.0009568364475853741,-1.2762953042984009
27,cat__WindDir3pm_NNE,-0.00033311540028080344,0.00033311540028080344,-1.2762953042984009
27,cat__WindDir3pm_NNW,-0.005853559356182814,0.005853559356182814,-1.2762953042984009
27,cat__WindDir3pm_NW,0.1490107923746109,0.1490107923746109,-1.2762953042984009
27,cat__WindDir3pm_S,-0.00021073712559882551,0.00021073712559882551,-1.2762953042984009
27,cat__WindDir3pm_SE,-0.0001731621741782874,0.0001731621741782874,-1.2762953042984009
27,cat__WindDir3pm_SSE,0.010132677853107452,0.010132677853107452,-1.2762953042984009
27,cat__WindDir3pm_SSW,0.004581785295158625,0.004581785295158625,-1.2762953042984009
27,cat__WindDir3pm_SW,0.0030872493516653776,0.0030872493516653776,-1.2762953042984009
27,cat__WindDir3pm_W,4.826183430850506e-05,4.826183430850506e-05,-1.2762953042984009
27,cat__WindDir3pm_WNW,-0.0067500220611691475,0.0067500220611691475,-1.2762953042984009
27,cat__WindDir3pm_WSW,0.00015134218847379088,0.00015134218847379088,-1.2762953042984009
27,cat__Season_Autumn,0.0014803782105445862,0.0014803782105445862,-1.2762953042984009
27,cat__Season_Spring,0.00012117141159251332,0.00012117141159251332,-1.2762953042984009
27,cat__Season_Summer,0.013336464762687683,0.013336464762687683,-1.2762953042984009
27,cat__Season_Winter,0.001085148542188108,0.001085148542188108,-1.2762953042984009
27,cat__WindIntensityCategory_High,2.5962330255424604e-05,2.5962330255424604e-05,-1.2762953042984009
27,cat__WindIntensityCategory_Low,-0.0026853312738239765,0.0026853312738239765,-1.2762953042984009
27,cat__WindIntensityCategory_Moderate,-0.0035635987296700478,0.0035635987296700478,-1.2762953042984009
27,cat__WindIntensityCategory_VeryHigh,0.0,0.0,-1.2762953042984009
27,cat__RainToday_No,0.0,0.0,-1.2762953042984009
27,cat__RainToday_Yes,0.0,0.0,-1.2762953042984009
28,num__MinTemp,-0.015637382864952087,0.015637382864952087,-1.2762953042984009
28,num__MaxTemp,-0.03364002704620361,0.03364002704620361,-1.2762953042984009
28,num__Rainfall,-0.1697225719690323,0.1697225719690323,-1.2762953042984009
28,num__Evaporation,0.023551493883132935,0.023551493883132935,-1.2762953042984009
28,num__Sunshine,-0.943881630897522,0.943881630897522,-1.2762953042984009
28,num__WindGustSpeed,0.2876916825771332,0.2876916825771332,-1.2762953042984009
28,num__WindSpeed9am,-0.05784500390291214,0.05784500390291214,-1.2762953042984009
28,num__WindSpeed3pm,-0.05633075162768364,0.05633075162768364,-1.2762953042984009
28,num__Humidity9am,-0.012360282242298126,0.012360282242298126,-1.2762953042984009
28,num__Humidity3pm,-2.3303048610687256,2.3303048610687256,-1.2762953042984009
28,num__Pressure9am,-0.0045252167619764805,0.0045252167619764805,-1.2762953042984009
28,num__Pressure3pm,-0.3714086711406708,0.3714086711406708,-1.2762953042984009
28,num__Cloud9am,0.02377035841345787,0.02377035841345787,-1.2762953042984009
28,num__Cloud3pm,-0.06276323646306992,0.06276323646306992,-1.2762953042984009
28,num__Temp9am,-0.014568882994353771,0.014568882994353771,-1.2762953042984009
28,num__Temp3pm,0.06844890117645264,0.06844890117645264,-1.2762953042984009
28,num__TemperatureDifference,-0.06946418434381485,0.06946418434381485,-1.2762953042984009
28,num__AverageTemperature,0.027644265443086624,0.027644265443086624,-1.2762953042984009
28,num__HumidityIndex,-0.1613614410161972,0.1613614410161972,-1.2762953042984009
28,num__PressureDifference,-0.0464695505797863,0.0464695505797863,-1.2762953042984009
28,num__Month,-0.0005275605944916606,0.0005275605944916606,-1.2762953042984009
28,num__Quarter,0.0,0.0,-1.2762953042984009
28,num__DayOfYear,8.120388520183042e-05,8.120388520183042e-05,-1.2762953042984009
28,num__IsWeekend,-0.0013228777097538114,0.0013228777097538114,-1.2762953042984009
28,num__RainfallIndicator,0.0,0.0,-1.2762953042984009
28,num__RainTodayBinary,0.0,0.0,-1.2762953042984009
28,cat__Location_Adelaide,-0.005466626025736332,0.005466626025736332,-1.2762953042984009
28,cat__Location_Albany,0.0003075968415942043,0.0003075968415942043,-1.2762953042984009
28,cat__Location_Albury,-0.0036150102969259024,0.0036150102969259024,-1.2762953042984009
28,cat__Location_AliceSprings,-0.1488969624042511,0.1488969624042511,-1.2762953042984009
28,cat__Location_BadgerysCreek,0.0003026023041456938,0.0003026023041456938,-1.2762953042984009
28,cat__Location_Ballarat,0.0009723493712954223,0.0009723493712954223,-1.2762953042984009
28,cat__Location_Bendigo,-0.0007195766665972769,0.0007195766665972769,-1.2762953042984009
28,cat__Location_Brisbane,-0.0060285283252596855,0.0060285283252596855,-1.2762953042984009
28,cat__Location_Cairns,-0.0038727852515876293,0.0038727852515876293,-1.2762953042984009
28,cat__Location_Canberra,-0.0017171219224110246,0.0017171219224110246,-1.2762953042984009
28,cat__Location_Cobar,-0.0002800246002152562,0.0002800246002152562,-1.2762953042984009
28,cat__Location_CoffsHarbour,-0.0023933069314807653,0.0023933069314807653,-1.2762953042984009
28,cat__Location_Dartmoor,-0.0015981565229594707,0.0015981565229594707,-1.2762953042984009
28,cat__Location_Darwin,0.008563501760363579,0.008563501760363579,-1.2762953042984009
28,cat__Location_GoldCoast,0.005294700153172016,0.005294700153172016,-1.2762953042984009
28,cat__Location_Hobart,0.005059763323515654,0.005059763323515654,-1.2762953042984009
28,cat__Location_Katherine,0.005558333825320005,0.005558333825320005,-1.2762953042984009
28,cat__Location_Launceston,0.0017813544254750013,0.0017813544254750013,-1.2762953042984009
28,cat__Location_Melbourne,-0.005848770961165428,0.005848770961165428,-1.2762953042984009
28,cat__Location_MelbourneAirport,0.0018820562399923801,0.0018820562399923801,-1.2762953042984009
28,cat__Location_Mildura,8.328550029546022e-05,8.328550029546022e-05,-1.2762953042984009
28,cat__Location_Moree,8.55759863043204e-05,8.55759863043204e-05,-1.2762953042984009
28,cat__Location_MountGambier,-3.243933315388858e-05,3.243933315388858e-05,-1.2762953042984009
28,cat__Location_MountGinini,0.0035432425793260336,0.0035432425793260336,-1.2762953042984009
28,cat__Location_Newcastle,-3.4636574127944186e-05,3.4636574127944186e-05,-1.2762953042984009
28,cat__Location_Nhil,0.001747581292875111,0.001747581292875111,-1.2762953042984009
28,cat__Location_NorahHead,0.01255202665925026,0.01255202665925026,-1.2762953042984009
28,cat__Location_NorfolkIsland,0.0008925701258704066,0.0008925701258704066,-1.2762953042984009
28,cat__Location_Nuriootpa,-0.000374943163478747,0.000374943163478747,-1.2762953042984009
28,cat__Location_PearceRAAF,-0.004385069478303194,0.004385069478303194,-1.2762953042984009
28,cat__Location_Penrith,0.0013283989392220974,0.0013283989392220974,-1.2762953042984009
28,cat__Location_Perth,-0.008339321240782738,0.008339321240782738,-1.2762953042984009
28,cat__Location_PerthAirport,-0.003134512109681964,0.003134512109681964,-1.2762953042984009
28,cat__Location_Portland,-0.00021155140711925924,0.00021155140711925924,-1.2762953042984009
28,cat__Location_Richmond,0.0020905076526105404,0.0020905076526105404,-1.2762953042984009
28,cat__Location_Sale,0.000430115032941103,0.000430115032941103,-1.2762953042984009
28,cat__Location_SalmonGums,-0.007648561615496874,0.007648561615496874,-1.2762953042984009
28,cat__Location_Sydney,-0.006960424594581127,0.006960424594581127,-1.2762953042984009
28,cat__Location_SydneyAirport,7.689656922593713e-05,7.689656922593713e-05,-1.2762953042984009
28,cat__Location_Townsville,0.013757343403995037,0.013757343403995037,-1.2762953042984009
28,cat__Location_Tuggeranong,-0.001883731340058148,0.001883731340058148,-1.2762953042984009
28,cat__Location_Uluru,0.00017736776499077678,0.00017736776499077678,-1.2762953042984009
28,cat__Location_WaggaWagga,-0.0009800777770578861,0.0009800777770578861,-1.2762953042984009
28,cat__Location_Walpole,-0.0012118679005652666,0.0012118679005652666,-1.2762953042984009
28,cat__Location_Watsonia,0.000248866796027869,0.000248866796027869,-1.2762953042984009
28,cat__Location_Williamtown,-0.006066158879548311,0.006066158879548311,-1.2762953042984009
28,cat__Location_Witchcliffe,-0.0059192851185798645,0.0059192851185798645,-1.2762953042984009
28,cat__Location_Wollongong,0.01708468794822693,0.01708468794822693,-1.2762953042984009
28,cat__Location_Woomera,0.002007751725614071,0.002007751725614071,-1.2762953042984009
28,cat__WindGustDir_E,0.003172723576426506,0.003172723576426506,-1.2762953042984009
28,cat__WindGustDir_ENE,-0.00031236917129717767,0.00031236917129717767,-1.2762953042984009
28,cat__WindGustDir_ESE,0.0013703760923817754,0.0013703760923817754,-1.2762953042984009
28,cat__WindGustDir_N,-0.005854377523064613,0.005854377523064613,-1.2762953042984009
28,cat__WindGustDir_NE,0.0008300855406560004,0.0008300855406560004,-1.2762953042984009
28,cat__WindGustDir_NNE,-0.006678956560790539,0.006678956560790539,-1.2762953042984009
28,cat__WindGustDir_NNW,-0.010507754981517792,0.010507754981517792,-1.2762953042984009
28,cat__WindGustDir_NW,-0.00042533420491963625,0.00042533420491963625,-1.2762953042984009
28,cat__WindGustDir_S,-0.0002522034337744117,0.0002522034337744117,-1.2762953042984009
28,cat__WindGustDir_SE,-0.000644971092697233,0.000644971092697233,-1.2762953042984009
28,cat__WindGustDir_SSE,-4.457602699403651e-05,4.457602699403651e-05,-1.2762953042984009
28,cat__WindGustDir_SSW,0.0003762457345146686,0.0003762457345146686,-1.2762953042984009
28,cat__WindGustDir_SW,-0.000250635901466012,0.000250635901466012,-1.2762953042984009
28,cat__WindGustDir_W,-0.001662560272961855,0.001662560272961855,-1.2762953042984009
28,cat__WindGustDir_WNW,-0.00030030618654564023,0.00030030618654564023,-1.2762953042984009
28,cat__WindGustDir_WSW,-2.124740967701655e-05,2.124740967701655e-05,-1.2762953042984009
28,cat__WindDir9am_E,-0.009922110475599766,0.009922110475599766,-1.2762953042984009
28,cat__WindDir9am_ENE,-0.0014059216482564807,0.0014059216482564807,-1.2762953042984009
28,cat__WindDir9am_ESE,-0.09273617714643478,0.09273617714643478,-1.2762953042984009
28,cat__WindDir9am_N,-0.016351889818906784,0.016351889818906784,-1.2762953042984009
28,cat__WindDir9am_NE,-0.0013250524643808603,0.0013250524643808603,-1.2762953042984009
28,cat__WindDir9am_NNE,-0.014217603951692581,0.014217603951692581,-1.2762953042984009
28,cat__WindDir9am_NNW,-0.011371701024472713,0.011371701024472713,-1.2762953042984009
28,cat__WindDir9am_NW,-0.000796208914835006,0.000796208914835006,-1.2762953042984009
28,cat__WindDir9am_S,0.008923379704356194,0.008923379704356194,-1.2762953042984009
28,cat__WindDir9am_SE,1.722438719298225e-05,1.722438719298225e-05,-1.2762953042984009
28,cat__WindDir9am_SSE,0.007647654972970486,0.007647654972970486,-1.2762953042984009
28,cat__WindDir9am_SSW,0.0015341272810474038,0.0015341272810474038,-1.2762953042984009
28,cat__WindDir9am_SW,-0.00015664473176002502,0.00015664473176002502,-1.2762953042984009
28,cat__WindDir9am_W,-6.742021651007235e-05,6.742021651007235e-05,-1.2762953042984009
28,cat__WindDir9am_WNW,-3.367880708537996e-05,3.367880708537996e-05,-1.2762953042984009
28,cat__WindDir9am_WSW,-3.417971674934961e-05,3.417971674934961e-05,-1.2762953042984009
28,cat__WindDir3pm_E,-0.0355614610016346,0.0355614610016346,-1.2762953042984009
28,cat__WindDir3pm_ENE,-0.00011473404447315261,0.00011473404447315261,-1.2762953042984009
28,cat__WindDir3pm_ESE,0.0008380309445783496,0.0008380309445783496,-1.2762953042984009
28,cat__WindDir3pm_N,-0.008454397320747375,0.008454397320747375,-1.2762953042984009
28,cat__WindDir3pm_NE,-0.0032153399661183357,0.0032153399661183357,-1.2762953042984009
28,cat__WindDir3pm_NNE,-0.0041230893693864346,0.0041230893693864346,-1.2762953042984009
28,cat__WindDir3pm_NNW,-0.01418441254645586,0.01418441254645586,-1.2762953042984009
28,cat__WindDir3pm_NW,-0.020486773923039436,0.020486773923039436,-1.2762953042984009
28,cat__WindDir3pm_S,-0.0001929424179252237,0.0001929424179252237,-1.2762953042984009
28,cat__WindDir3pm_SE,-0.00016370907542295754,0.00016370907542295754,-1.2762953042984009
28,cat__WindDir3pm_SSE,-0.0035852468572556973,0.0035852468572556973,-1.2762953042984009
28,cat__WindDir3pm_SSW,0.00042254524305462837,0.00042254524305462837,-1.2762953042984009
28,cat__WindDir3pm_SW,0.004298226907849312,0.004298226907849312,-1.2762953042984009
28,cat__WindDir3pm_W,5.856039933860302e-05,5.856039933860302e-05,-1.2762953042984009
28,cat__WindDir3pm_WNW,-0.006070724222809076,0.006070724222809076,-1.2762953042984009
28,cat__WindDir3pm_WSW,0.002144114812836051,0.002144114812836051,-1.2762953042984009
28,cat__Season_Autumn,-0.00422297976911068,0.00422297976911068,-1.2762953042984009
28,cat__Season_Spring,0.011066975072026253,0.011066975072026253,-1.2762953042984009
28,cat__Season_Summer,0.017295340076088905,0.017295340076088905,-1.2762953042984009
28,cat__Season_Winter,-0.02930404245853424,0.02930404245853424,-1.2762953042984009
28,cat__WindIntensityCategory_High,3.484896296868101e-05,3.484896296868101e-05,-1.2762953042984009
28,cat__WindIntensityCategory_Low,-0.00023557805980090052,0.00023557805980090052,-1.2762953042984009
28,cat__WindIntensityCategory_Moderate,-0.002670818939805031,0.002670818939805031,-1.2762953042984009
28,cat__WindIntensityCategory_VeryHigh,0.0,0.0,-1.2762953042984009
28,cat__RainToday_No,0.0,0.0,-1.2762953042984009
28,cat__RainToday_Yes,0.0,0.0,-1.2762953042984009
29,num__MinTemp,-0.03192741051316261,0.03192741051316261,-1.2762953042984009
29,num__MaxTemp,-0.10558158904314041,0.10558158904314041,-1.2762953042984009
29,num__Rainfall,-0.14842642843723297,0.14842642843723297,-1.2762953042984009
29,num__Evaporation,-0.029209241271018982,0.029209241271018982,-1.2762953042984009
29,num__Sunshine,-1.7645306587219238,1.7645306587219238,-1.2762953042984009
29,num__WindGustSpeed,0.003101089969277382,0.003101089969277382,-1.2762953042984009
29,num__WindSpeed9am,-0.02271578088402748,0.02271578088402748,-1.2762953042984009
29,num__WindSpeed3pm,0.002676998032256961,0.002676998032256961,-1.2762953042984009
29,num__Humidity9am,-0.032652679830789566,0.032652679830789566,-1.2762953042984009
29,num__Humidity3pm,-1.6308376789093018,1.6308376789093018,-1.2762953042984009
29,num__Pressure9am,-0.07033920288085938,0.07033920288085938,-1.2762953042984009
29,num__Pressure3pm,-0.3466407060623169,0.3466407060623169,-1.2762953042984009
29,num__Cloud9am,-0.07268571853637695,0.07268571853637695,-1.2762953042984009
29,num__Cloud3pm,-0.34119829535484314,0.34119829535484314,-1.2762953042984009
29,num__Temp9am,-0.0036511721555143595,0.0036511721555143595,-1.2762953042984009
29,num__Temp3pm,0.00876455195248127,0.00876455195248127,-1.2762953042984009
29,num__TemperatureDifference,-0.22858445346355438,0.22858445346355438,-1.2762953042984009
29,num__AverageTemperature,-0.0483846552670002,0.0483846552670002,-1.2762953042984009
29,num__HumidityIndex,-0.13537195324897766,0.13537195324897766,-1.2762953042984009
29,num__PressureDifference,-0.1651778221130371,0.1651778221130371,-1.2762953042984009
29,num__Month,0.007133219391107559,0.007133219391107559,-1.2762953042984009
29,num__Quarter,0.0,0.0,-1.2762953042984009
29,num__DayOfYear,-0.19401465356349945,0.19401465356349945,-1.2762953042984009
29,num__IsWeekend,-0.0007566988933831453,0.0007566988933831453,-1.2762953042984009
29,num__RainfallIndicator,0.0,0.0,-1.2762953042984009
29,num__RainTodayBinary,0.0,0.0,-1.2762953042984009
29,cat__Location_Adelaide,-0.004277355503290892,0.004277355503290892,-1.2762953042984009
29,cat__Location_Albany,0.0004486636316869408,0.0004486636316869408,-1.2762953042984009
29,cat__Location_Albury,-0.003719375468790531,0.003719375468790531,-1.2762953042984009
29,cat__Location_AliceSprings,0.000984677579253912,0.000984677579253912,-1.2762953042984009
29,cat__Location_BadgerysCreek,-0.0009527758229523897,0.0009527758229523897,-1.2762953042984009
29,cat__Location_Ballarat,0.0011724326759576797,0.0011724326759576797,-1.2762953042984009
29,cat__Location_Bendigo,-0.0007195766665972769,0.0007195766665972769,-1.2762953042984009
29,cat__Location_Brisbane,-0.003837344702333212,0.003837344702333212,-1.2762953042984009
29,cat__Location_Cairns,-0.014376972801983356,0.014376972801983356,-1.2762953042984009
29,cat__Location_Canberra,-0.0030769172590225935,0.0030769172590225935,-1.2762953042984009
29,cat__Location_Cobar,-9.070769010577351e-05,9.070769010577351e-05,-1.2762953042984009
29,cat__Location_CoffsHarbour,-0.0008590470533818007,0.0008590470533818007,-1.2762953042984009
29,cat__Location_Dartmoor,-0.002157295821234584,0.002157295821234584,-1.2762953042984009
29,cat__Location_Darwin,0.007154042366892099,0.007154042366892099,-1.2762953042984009
29,cat__Location_GoldCoast,0.004810004029422998,0.004810004029422998,-1.2762953042984009
29,cat__Location_Hobart,0.006158132571727037,0.006158132571727037,-1.2762953042984009
29,cat__Location_Katherine,0.008992092683911324,0.008992092683911324,-1.2762953042984009
29,cat__Location_Launceston,0.0018977983854711056,0.0018977983854711056,-1.2762953042984009
29,cat__Location_Melbourne,-0.006658066064119339,0.006658066064119339,-1.2762953042984009
29,cat__Location_MelbourneAirport,0.0018480856670066714,0.0018480856670066714,-1.2762953042984009
29,cat__Location_Mildura,0.009408515878021717,0.009408515878021717,-1.2762953042984009
29,cat__Location_Moree,8.55759863043204e-05,8.55759863043204e-05,-1.2762953042984009
29,cat__Location_MountGambier,-6.780363037250936e-05,6.780363037250936e-05,-1.2762953042984009
29,cat__Location_MountGinini,0.001151947071775794,0.001151947071775794,-1.2762953042984009
29,cat__Location_Newcastle,-3.463657048996538e-05,3.463657048996538e-05,-1.2762953042984009
29,cat__Location_Nhil,0.001747581292875111,0.001747581292875111,-1.2762953042984009
29,cat__Location_NorahHead,0.009824315086007118,0.009824315086007118,-1.2762953042984009
29,cat__Location_NorfolkIsland,-0.0013269035844132304,0.0013269035844132304,-1.2762953042984009
29,cat__Location_Nuriootpa,-0.0020317586604505777,0.0020317586604505777,-1.2762953042984009
29,cat__Location_PearceRAAF,-0.002244475996121764,0.002244475996121764,-1.2762953042984009
29,cat__Location_Penrith,-1.2517557479441166e-06,1.2517557479441166e-06,-1.2762953042984009
29,cat__Location_Perth,-0.008195176720619202,0.008195176720619202,-1.2762953042984009
29,cat__Location_PerthAirport,-0.003034336259588599,0.003034336259588599,-1.2762953042984009
29,cat__Location_Portland,-0.0003032888052985072,0.0003032888052985072,-1.2762953042984009
29,cat__Location_Richmond,0.0013692835345864296,0.0013692835345864296,-1.2762953042984009
29,cat__Location_Sale,-0.0006935682613402605,0.0006935682613402605,-1.2762953042984009
29,cat__Location_SalmonGums,-0.005913606379181147,0.005913606379181147,-1.2762953042984009
29,cat__Location_Sydney,-0.015545421279966831,0.015545421279966831,-1.2762953042984009
29,cat__Location_SydneyAirport,0.00018819242541212589,0.00018819242541212589,-1.2762953042984009
29,cat__Location_Townsville,0.012658325023949146,0.012658325023949146,-1.2762953042984009
29,cat__Location_Tuggeranong,-0.0017408516723662615,0.0017408516723662615,-1.2762953042984009
29,cat__Location_Uluru,0.00017736776499077678,0.00017736776499077678,-1.2762953042984009
29,cat__Location_WaggaWagga,-0.0009762764093466103,0.0009762764093466103,-1.2762953042984009
29,cat__Location_Walpole,-0.0011646065395325422,0.0011646065395325422,-1.2762953042984009
29,cat__Location_Watsonia,0.00023674369731452316,0.00023674369731452316,-1.2762953042984009
29,cat__Location_Williamtown,-0.004691344685852528,0.004691344685852528,-1.2762953042984009
29,cat__Location_Witchcliffe,0.0025533465668559074,0.0025533465668559074,-1.2762953042984009
29,cat__Location_Wollongong,0.014836909249424934,0.014836909249424934,-1.2762953042984009
29,cat__Location_Woomera,0.0002738699549809098,0.0002738699549809098,-1.2762953042984009
29,cat__WindGustDir_E,0.0031414483673870564,0.0031414483673870564,-1.2762953042984009
29,cat__WindGustDir_ENE,-0.00031236917129717767,0.00031236917129717767,-1.2762953042984009
29,cat__WindGustDir_ESE,-0.0016482555074617267,0.0016482555074617267,-1.2762953042984009
29,cat__WindGustDir_N,-0.0043489160016179085,0.0043489160016179085,-1.2762953042984009
29,cat__WindGustDir_NE,7.808211375959218e-05,7.808211375959218e-05,-1.2762953042984009
29,cat__WindGustDir_NNE,-0.00011406117118895054,0.00011406117118895054,-1.2762953042984009
29,cat__WindGustDir_NNW,-0.006300673820078373,0.006300673820078373,-1.2762953042984009
29,cat__WindGustDir_NW,-0.0003908832441084087,0.0003908832441084087,-1.2762953042984009
29,cat__WindGustDir_S,-0.0021557516884058714,0.0021557516884058714,-1.2762953042984009
29,cat__WindGustDir_SE,-0.007139965426176786,0.007139965426176786,-1.2762953042984009
29,cat__WindGustDir_SSE,-0.00013645488070324063,0.00013645488070324063,-1.2762953042984009
29,cat__WindGustDir_SSW,-0.0009080769959837198,0.0009080769959837198,-1.2762953042984009
29,cat__WindGustDir_SW,-0.0007576958741992712,0.0007576958741992712,-1.2762953042984009
29,cat__WindGustDir_W,-0.003095414023846388,0.003095414023846388,-1.2762953042984009
29,cat__WindGustDir_WNW,-0.0001480274659115821,0.0001480274659115821,-1.2762953042984009
29,cat__WindGustDir_WSW,-0.000362434599082917,0.000362434599082917,-1.2762953042984009
29,cat__WindDir9am_E,0.0009214099263772368,0.0009214099263772368,-1.2762953042984009
29,cat__WindDir9am_ENE,-0.001028137863613665,0.001028137863613665,-1.2762953042984009
29,cat__WindDir9am_ESE,0.002830960787832737,0.002830960787832737,-1.2762953042984009
29,cat__WindDir9am_N,-0.040393173694610596,0.040393173694610596,-1.2762953042984009
29,cat__WindDir9am_NE,-0.0019543147645890713,0.0019543147645890713,-1.2762953042984009
29,cat__WindDir9am_NNE,-0.015305663459002972,0.015305663459002972,-1.2762953042984009
29,cat__WindDir9am_NNW,-8.618756692158058e-05,8.618756692158058e-05,-1.2762953042984009
29,cat__WindDir9am_NW,-0.003837400348857045,0.003837400348857045,-1.2762953042984009
29,cat__WindDir9am_S,-0.2250056266784668,0.2250056266784668,-1.2762953042984009
29,cat__WindDir9am_SE,5.397962013375945e-06,5.397962013375945e-06,-1.2762953042984009
29,cat__WindDir9am_SSE,0.0062982686795294285,0.0062982686795294285,-1.2762953042984009
29,cat__WindDir9am_SSW,0.0014145452296361327,0.0014145452296361327,-1.2762953042984009
29,cat__WindDir9am_SW,-0.00012893418897874653,0.00012893418897874653,-1.2762953042984009
29,cat__WindDir9am_W,-0.001844304264523089,0.001844304264523089,-1.2762953042984009
29,cat__WindDir9am_WNW,-2.942660648841411e-05,2.942660648841411e-05,-1.2762953042984009
29,cat__WindDir9am_WSW,-0.0030292728915810585,0.0030292728915810585,-1.2762953042984009
29,cat__WindDir3pm_E,0.0008861630340106785,0.0008861630340106785,-1.2762953042984009
29,cat__WindDir3pm_ENE,-0.001617944217287004,0.001617944217287004,-1.2762953042984009
29,cat__WindDir3pm_ESE,0.0006801960407756269,0.0006801960407756269,-1.2762953042984009
29,cat__WindDir3pm_N,-0.027952242642641068,0.027952242642641068,-1.2762953042984009
29,cat__WindDir3pm_NE,0.0005048592574894428,0.0005048592574894428,-1.2762953042984009
29,cat__WindDir3pm_NNE,-0.004160411190241575,0.004160411190241575,-1.2762953042984009
29,cat__WindDir3pm_NNW,-0.014910973608493805,0.014910973608493805,-1.2762953042984009
29,cat__WindDir3pm_NW,-0.019061729311943054,0.019061729311943054,-1.2762953042984009
29,cat__WindDir3pm_S,-0.0005679090972989798,0.0005679090972989798,-1.2762953042984009
29,cat__WindDir3pm_SE,-0.00011335207091178745,0.00011335207091178745,-1.2762953042984009
29,cat__WindDir3pm_SSE,-0.10263250768184662,0.10263250768184662,-1.2762953042984009
29,cat__WindDir3pm_SSW,0.002041222993284464,0.002041222993284464,-1.2762953042984009
29,cat__WindDir3pm_SW,0.003333549713715911,0.003333549713715911,-1.2762953042984009
29,cat__WindDir3pm_W,-0.0007753217360004783,0.0007753217360004783,-1.2762953042984009
29,cat__WindDir3pm_WNW,-0.0051300860941410065,0.0051300860941410065,-1.2762953042984009
29,cat__WindDir3pm_WSW,0.00035324774216860533,0.00035324774216860533,-1.2762953042984009
29,cat__Season_Autumn,-0.00393529562279582,0.00393529562279582,-1.2762953042984009
29,cat__Season_Spring,0.005492112133651972,0.005492112133651972,-1.2762953042984009
29,cat__Season_Summer,-0.06478451937437057,0.06478451937437057,-1.2762953042984009
29,cat__Season_Winter,0.0008160514989867806,0.0008160514989867806,-1.2762953042984009
29,cat__WindIntensityCategory_High,2.2371394152287394e-05,2.2371394152287394e-05,-1.2762953042984009
29,cat__WindIntensityCategory_Low,-0.00039942708099260926,0.00039942708099260926,-1.2762953042984009
29,cat__WindIntensityCategory_Moderate,-0.012454905547201633,0.012454905547201633,-1.2762953042984009
29,cat__WindIntensityCategory_VeryHigh,0.0,0.0,-1.2762953042984009
29,cat__RainToday_No,0.0,0.0,-1.2762953042984009
29,cat__RainToday_Yes,0.0,0.0,-1.2762953042984009
30,num__MinTemp,-0.00605438556522131,0.00605438556522131,-1.2762953042984009
30,num__MaxTemp,-0.01904451847076416,0.01904451847076416,-1.2762953042984009
30,num__Rainfall,-0.2045610100030899,0.2045610100030899,-1.2762953042984009
30,num__Evaporation,0.01552255917340517,0.01552255917340517,-1.2762953042984009
30,num__Sunshine,0.0009109199745580554,0.0009109199745580554,-1.2762953042984009
30,num__WindGustSpeed,-0.09824980795383453,0.09824980795383453,-1.2762953042984009
30,num__WindSpeed9am,0.018617812544107437,0.018617812544107437,-1.2762953042984009
30,num__WindSpeed3pm,0.07082706689834595,0.07082706689834595,-1.2762953042984009
30,num__Humidity9am,0.013652626425027847,0.013652626425027847,-1.2762953042984009
30,num__Humidity3pm,-0.2419786900281906,0.2419786900281906,-1.2762953042984009
30,num__Pressure9am,-0.0701713040471077,0.0701713040471077,-1.2762953042984009
30,num__Pressure3pm,-0.6168962121009827,0.6168962121009827,-1.2762953042984009
30,num__Cloud9am,0.02582591585814953,0.02582591585814953,-1.2762953042984009
30,num__Cloud3pm,-0.42518436908721924,0.42518436908721924,-1.2762953042984009
30,num__Temp9am,0.016659630462527275,0.016659630462527275,-1.2762953042984009
30,num__Temp3pm,0.002835517516359687,0.002835517516359687,-1.2762953042984009
30,num__TemperatureDifference,-0.007198336999863386,0.007198336999863386,-1.2762953042984009
30,num__AverageTemperature,0.001409777905791998,0.001409777905791998,-1.2762953042984009
30,num__HumidityIndex,0.03869662433862686,0.03869662433862686,-1.2762953042984009
30,num__PressureDifference,0.12560255825519562,0.12560255825519562,-1.2762953042984009
30,num__Month,-0.0003886511258315295,0.0003886511258315295,-1.2762953042984009
30,num__Quarter,0.0,0.0,-1.2762953042984009
30,num__DayOfYear,0.026272471994161606,0.026272471994161606,-1.2762953042984009
30,num__IsWeekend,-0.0012689117575064301,0.0012689117575064301,-1.2762953042984009
30,num__RainfallIndicator,0.0,0.0,-1.2762953042984009
30,num__RainTodayBinary,0.0,0.0,-1.2762953042984009
30,cat__Location_Adelaide,-0.006462655961513519,0.006462655961513519,-1.2762953042984009
30,cat__Location_Albany,8.115966920740902e-05,8.115966920740902e-05,-1.2762953042984009
30,cat__Location_Albury,-0.00774369016289711,0.00774369016289711,-1.2762953042984009
30,cat__Location_AliceSprings,7.994322368176654e-05,7.994322368176654e-05,-1.2762953042984009
30,cat__Location_BadgerysCreek,-0.002161649288609624,0.002161649288609624,-1.2762953042984009
30,cat__Location_Ballarat,0.004860955756157637,0.004860955756157637,-1.2762953042984009
30,cat__Location_Bendigo,-0.002120115328580141,0.002120115328580141,-1.2762953042984009
30,cat__Location_Brisbane,-0.010477124713361263,0.010477124713361263,-1.2762953042984009
30,cat__Location_Cairns,-0.0012795812217518687,0.0012795812217518687,-1.2762953042984009
30,cat__Location_Canberra,-0.00034605117980390787,0.00034605117980390787,-1.2762953042984009
30,cat__Location_Cobar,-0.002237886656075716,0.002237886656075716,-1.2762953042984009
30,cat__Location_CoffsHarbour,-0.0037349523045122623,0.0037349523045122623,-1.2762953042984009
30,cat__Location_Dartmoor,-0.001497462042607367,0.001497462042607367,-1.2762953042984009
30,cat__Location_Darwin,0.010113587602972984,0.010113587602972984,-1.2762953042984009
30,cat__Location_GoldCoast,0.00489788455888629,0.00489788455888629,-1.2762953042984009
30,cat__Location_Hobart,0.009786326438188553,0.009786326438188553,-1.2762953042984009
30,cat__Location_Katherine,0.0034962415229529142,0.0034962415229529142,-1.2762953042984009
30,cat__Location_Launceston,0.0010222519049420953,0.0010222519049420953,-1.2762953042984009
30,cat__Location_Melbourne,-0.0003517057339195162,0.0003517057339195162,-1.2762953042984009
30,cat__Location_MelbourneAirport,0.004787798505276442,0.004787798505276442,-1.2762953042984009
30,cat__Location_Mildura,4.778730362886563e-05,4.778730362886563e-05,-1.2762953042984009
30,cat__Location_Moree,3.7986777897458524e-05,3.7986777897458524e-05,-1.2762953042984009
30,cat__Location_MountGambier,-5.632334796246141e-05,5.632334796246141e-05,-1.2762953042984009
30,cat__Location_MountGinini,0.002778470516204834,0.002778470516204834,-1.2762953042984009
30,cat__Location_Newcastle,-3.463657048996538e-05,3.463657048996538e-05,-1.2762953042984009
30,cat__Location_Nhil,0.0007287340704351664,0.0007287340704351664,-1.2762953042984009
30,cat__Location_NorahHead,0.01640867069363594,0.01640867069363594,-1.2762953042984009
30,cat__Location_NorfolkIsland,-0.0004273338126949966,0.0004273338126949966,-1.2762953042984009
30,cat__Location_Nuriootpa,6.745783321093768e-05,6.745783321093768e-05,-1.2762953042984009
30,cat__Location_PearceRAAF,-0.0029286316130310297,0.0029286316130310297,-1.2762953042984009
30,cat__Location_Penrith,-0.00170877983327955,0.00170877983327955,-1.2762953042984009
30,cat__Location_Perth,-0.005030904430896044,0.005030904430896044,-1.2762953042984009
30,cat__Location_PerthAirport,-0.003275033086538315,0.003275033086538315,-1.2762953042984009
30,cat__Location_Portland,-0.0004243162402417511,0.0004243162402417511,-1.2762953042984009
30,cat__Location_Richmond,-0.0011954886140301824,0.0011954886140301824,-1.2762953042984009
30,cat__Location_Sale,0.007485060021281242,0.007485060021281242,-1.2762953042984009
30,cat__Location_SalmonGums,-0.0036897556856274605,0.0036897556856274605,-1.2762953042984009
30,cat__Location_Sydney,-0.0020523015409708023,0.0020523015409708023,-1.2762953042984009
30,cat__Location_SydneyAirport,9.40583340707235e-05,9.40583340707235e-05,-1.2762953042984009
30,cat__Location_Townsville,0.016474369913339615,0.016474369913339615,-1.2762953042984009
30,cat__Location_Tuggeranong,-0.0058272420428693295,0.0058272420428693295,-1.2762953042984009
30,cat__Location_Uluru,0.00017736776499077678,0.00017736776499077678,-1.2762953042984009
30,cat__Location_WaggaWagga,-0.004731978755444288,0.004731978755444288,-1.2762953042984009
30,cat__Location_Walpole,6.7801185650751e-05,6.7801185650751e-05,-1.2762953042984009
30,cat__Location_Watsonia,0.00041513581527397037,0.00041513581527397037,-1.2762953042984009
30,cat__Location_Williamtown,-0.00966152735054493,0.00966152735054493,-1.2762953042984009
30,cat__Location_Witchcliffe,-0.009074490517377853,0.009074490517377853,-1.2762953042984009
30,cat__Location_Wollongong,0.017972927540540695,0.017972927540540695,-1.2762953042984009
30,cat__Location_Woomera,0.0005230163806118071,0.0005230163806118071,-1.2762953042984009
30,cat__WindGustDir_E,0.0004092400777153671,0.0004092400777153671,-1.2762953042984009
30,cat__WindGustDir_ENE,-0.00020941122784279287,0.00020941122784279287,-1.2762953042984009
30,cat__WindGustDir_ESE,-5.5117725423770025e-05,5.5117725423770025e-05,-1.2762953042984009
30,cat__WindGustDir_N,0.013734436593949795,0.013734436593949795,-1.2762953042984009
30,cat__WindGustDir_NE,8.163647726178169e-05,8.163647726178169e-05,-1.2762953042984009
30,cat__WindGustDir_NNE,-0.00018020247807726264,0.00018020247807726264,-1.2762953042984009
30,cat__WindGustDir_NNW,-0.00025691016344353557,0.00025691016344353557,-1.2762953042984009
30,cat__WindGustDir_NW,-0.00035459830542095006,0.00035459830542095006,-1.2762953042984009
30,cat__WindGustDir_S,-1.4683964764117263e-05,1.4683964764117263e-05,-1.2762953042984009
30,cat__WindGustDir_SE,-0.0004958201316185296,0.0004958201316185296,-1.2762953042984009
30,cat__WindGustDir_SSE,-2.5157001800835133e-05,2.5157001800835133e-05,-1.2762953042984009
30,cat__WindGustDir_SSW,0.00015289048315025866,0.00015289048315025866,-1.2762953042984009
30,cat__WindGustDir_SW,-5.0100999942515045e-05,5.0100999942515045e-05,-1.2762953042984009
30,cat__WindGustDir_W,0.009255935437977314,0.009255935437977314,-1.2762953042984009
30,cat__WindGustDir_WNW,-8.597787382313982e-05,8.597787382313982e-05,-1.2762953042984009
30,cat__WindGustDir_WSW,-1.1001411621691659e-05,1.1001411621691659e-05,-1.2762953042984009
30,cat__WindDir9am_E,0.001132482779212296,0.001132482779212296,-1.2762953042984009
30,cat__WindDir9am_ENE,-0.0010873391292989254,0.0010873391292989254,-1.2762953042984009
30,cat__WindDir9am_ESE,0.0028601516969501972,0.0028601516969501972,-1.2762953042984009
30,cat__WindDir9am_N,0.06189155578613281,0.06189155578613281,-1.2762953042984009
30,cat__WindDir9am_NE,-0.0014618269633501768,0.0014618269633501768,-1.2762953042984009
30,cat__WindDir9am_NNE,0.0015741988318040967,0.0015741988318040967,-1.2762953042984009
30,cat__WindDir9am_NNW,-8.947634341893718e-05,8.947634341893718e-05,-1.2762953042984009
30,cat__WindDir9am_NW,0.00027155992574989796,0.00027155992574989796,-1.2762953042984009
30,cat__WindDir9am_S,0.008889281190931797,0.008889281190931797,-1.2762953042984009
30,cat__WindDir9am_SE,5.397962013375945e-06,5.397962013375945e-06,-1.2762953042984009
30,cat__WindDir9am_SSE,0.00898671429604292,0.00898671429604292,-1.2762953042984009
30,cat__WindDir9am_SSW,-0.00017701882461551577,0.00017701882461551577,-1.2762953042984009
30,cat__WindDir9am_SW,-0.000112408451968804,0.000112408451968804,-1.2762953042984009
30,cat__WindDir9am_W,-4.310582153266296e-05,4.310582153266296e-05,-1.2762953042984009
30,cat__WindDir9am_WNW,-2.6263947802362964e-05,2.6263947802362964e-05,-1.2762953042984009
30,cat__WindDir9am_WSW,1.370783502352424e-05,1.370783502352424e-05,-1.2762953042984009
30,cat__WindDir3pm_E,-0.020145131275057793,0.020145131275057793,-1.2762953042984009
30,cat__WindDir3pm_ENE,-0.0001365595089737326,0.0001365595089737326,-1.2762953042984009
30,cat__WindDir3pm_ESE,0.0008628303185105324,0.0008628303185105324,-1.2762953042984009
30,cat__WindDir3pm_N,-0.0017089515458792448,0.0017089515458792448,-1.2762953042984009
30,cat__WindDir3pm_NE,0.00021146025392226875,0.00021146025392226875,-1.2762953042984009
30,cat__WindDir3pm_NNE,-0.00042650129762478173,0.00042650129762478173,-1.2762953042984009
30,cat__WindDir3pm_NNW,-0.009767226874828339,0.009767226874828339,-1.2762953042984009
30,cat__WindDir3pm_NW,-0.012994817458093166,0.012994817458093166,-1.2762953042984009
30,cat__WindDir3pm_S,-0.00022115852334536612,0.00022115852334536612,-1.2762953042984009
30,cat__WindDir3pm_SE,-0.00020965719886589795,0.00020965719886589795,-1.2762953042984009
30,cat__WindDir3pm_SSE,0.0032411841675639153,0.0032411841675639153,-1.2762953042984009
30,cat__WindDir3pm_SSW,0.004295998252928257,0.004295998252928257,-1.2762953042984009
30,cat__WindDir3pm_SW,0.004964418709278107,0.004964418709278107,-1.2762953042984009
30,cat__WindDir3pm_W,-3.941240720450878e-07,3.941240720450878e-07,-1.2762953042984009
30,cat__WindDir3pm_WNW,-0.007983008399605751,0.007983008399605751,-1.2762953042984009
30,cat__WindDir3pm_WSW,0.00016074767336249352,0.00016074767336249352,-1.2762953042984009
30,cat__Season_Autumn,0.020206280052661896,0.020206280052661896,-1.2762953042984009
30,cat__Season_Spring,0.0002282082859892398,0.0002282082859892398,-1.2762953042984009
30,cat__Season_Summer,0.008137792348861694,0.008137792348861694,-1.2762953042984009
30,cat__Season_Winter,0.0007107601268216968,0.0007107601268216968,-1.2762953042984009
30,cat__WindIntensityCategory_High,2.5962330255424604e-05,2.5962330255424604e-05,-1.2762953042984009
30,cat__WindIntensityCategory_Low,0.003551791189238429,0.003551791189238429,-1.2762953042984009
30,cat__WindIntensityCategory_Moderate,0.003560231300070882,0.003560231300070882,-1.2762953042984009
30,cat__WindIntensityCategory_VeryHigh,0.0,0.0,-1.2762953042984009
30,cat__RainToday_No,0.0,0.0,-1.2762953042984009
30,cat__RainToday_Yes,0.0,0.0,-1.2762953042984009
31,num__MinTemp,0.0035276066046208143,0.0035276066046208143,-1.2762953042984009
31,num__MaxTemp,-0.20878903567790985,0.20878903567790985,-1.2762953042984009
31,num__Rainfall,-0.1971624791622162,0.1971624791622162,-1.2762953042984009
31,num__Evaporation,0.013242870569229126,0.013242870569229126,-1.2762953042984009
31,num__Sunshine,-0.0068639470264315605,0.0068639470264315605,-1.2762953042984009
31,num__WindGustSpeed,-0.5912123918533325,0.5912123918533325,-1.2762953042984009
31,num__WindSpeed9am,-0.019727010279893875,0.019727010279893875,-1.2762953042984009
31,num__WindSpeed3pm,0.03932761400938034,0.03932761400938034,-1.2762953042984009
31,num__Humidity9am,0.10466071963310242,0.10466071963310242,-1.2762953042984009
31,num__Humidity3pm,-0.25809594988822937,0.25809594988822937,-1.2762953042984009
31,num__Pressure9am,-0.03047032654285431,0.03047032654285431,-1.2762953042984009
31,num__Pressure3pm,-0.1949249505996704,0.1949249505996704,-1.2762953042984009
31,num__Cloud9am,0.006185414735227823,0.006185414735227823,-1.2762953042984009
31,num__Cloud3pm,-0.009071380831301212,0.009071380831301212,-1.2762953042984009
31,num__Temp9am,0.03985228016972542,0.03985228016972542,-1.2762953042984009
31,num__Temp3pm,0.011991376988589764,0.011991376988589764,-1.2762953042984009
31,num__TemperatureDifference,-0.1650024950504303,0.1650024950504303,-1.2762953042984009
31,num__AverageTemperature,-0.002430704655125737,0.002430704655125737,-1.2762953042984009
31,num__HumidityIndex,0.06932942569255829,0.06932942569255829,-1.2762953042984009
31,num__PressureDifference,-0.05741460993885994,0.05741460993885994,-1.2762953042984009
31,num__Month,0.000692137167789042,0.000692137167789042,-1.2762953042984009
31,num__Quarter,0.0,0.0,-1.2762953042984009
31,num__DayOfYear,0.01370383333414793,0.01370383333414793,-1.2762953042984009
31,num__IsWeekend,-0.0008405466796830297,0.0008405466796830297,-1.2762953042984009
31,num__RainfallIndicator,0.0,0.0,-1.2762953042984009
31,num__RainTodayBinary,0.0,0.0,-1.2762953042984009
31,cat__Location_Adelaide,-0.0038930196315050125,0.0038930196315050125,-1.2762953042984009
31,cat__Location_Albany,0.00032723849290050566,0.00032723849290050566,-1.2762953042984009
31,cat__Location_Albury,-0.002870769239962101,0.002870769239962101,-1.2762953042984009
31,cat__Location_AliceSprings,0.0008441397221758962,0.0008441397221758962,-1.2762953042984009
31,cat__Location_BadgerysCreek,-0.002184083918109536,0.002184083918109536,-1.2762953042984009
31,cat__Location_Ballarat,0.007464256137609482,0.007464256137609482,-1.2762953042984009
31,cat__Location_Bendigo,-0.0005407127318903804,0.0005407127318903804,-1.2762953042984009
31,cat__Location_Brisbane,-0.010365888476371765,0.010365888476371765,-1.2762953042984009
31,cat__Location_Cairns,-4.63394753751345e-05,4.63394753751345e-05,-1.2762953042984009
31,cat__Location_Canberra,-0.0006980045000091195,0.0006980045000091195,-1.2762953042984009
31,cat__Location_Cobar,5.524144216906279e-05,5.524144216906279e-05,-1.2762953042984009
31,cat__Location_CoffsHarbour,-0.004441291093826294,0.004441291093826294,-1.2762953042984009
31,cat__Location_Dartmoor,0.0010341007728129625,0.0010341007728129625,-1.2762953042984009
31,cat__Location_Darwin,0.005585456732660532,0.005585456732660532,-1.2762953042984009
31,cat__Location_GoldCoast,0.0043177311308681965,0.0043177311308681965,-1.2762953042984009
31,cat__Location_Hobart,0.010128065012395382,0.010128065012395382,-1.2762953042984009
31,cat__Location_Katherine,0.00801389105618,0.00801389105618,-1.2762953042984009
31,cat__Location_Launceston,0.0013843479100614786,0.0013843479100614786,-1.2762953042984009
31,cat__Location_Melbourne,-0.0013275310629978776,0.0013275310629978776,-1.2762953042984009
31,cat__Location_MelbourneAirport,0.0014982062857598066,0.0014982062857598066,-1.2762953042984009
31,cat__Location_Mildura,7.986751734279096e-05,7.986751734279096e-05,-1.2762953042984009
31,cat__Location_Moree,8.55759863043204e-05,8.55759863043204e-05,-1.2762953042984009
31,cat__Location_MountGambier,0.0006649676943197846,0.0006649676943197846,-1.2762953042984009
31,cat__Location_MountGinini,0.005428374279290438,0.005428374279290438,-1.2762953042984009
31,cat__Location_Newcastle,-3.4636574127944186e-05,3.4636574127944186e-05,-1.2762953042984009
31,cat__Location_Nhil,0.0017463968833908439,0.0017463968833908439,-1.2762953042984009
31,cat__Location_NorahHead,0.014943360351026058,0.014943360351026058,-1.2762953042984009
31,cat__Location_NorfolkIsland,0.002236902015283704,0.002236902015283704,-1.2762953042984009
31,cat__Location_Nuriootpa,6.453047535615042e-05,6.453047535615042e-05,-1.2762953042984009
31,cat__Location_PearceRAAF,0.000619611528236419,0.000619611528236419,-1.2762953042984009
31,cat__Location_Penrith,-0.0040913415141403675,0.0040913415141403675,-1.2762953042984009
31,cat__Location_Perth,-0.006194684188812971,0.006194684188812971,-1.2762953042984009
31,cat__Location_PerthAirport,-0.003218249185010791,0.003218249185010791,-1.2762953042984009
31,cat__Location_Portland,-0.0004716729454230517,0.0004716729454230517,-1.2762953042984009
31,cat__Location_Richmond,-0.0008722479688003659,0.0008722479688003659,-1.2762953042984009
31,cat__Location_Sale,0.006617752369493246,0.006617752369493246,-1.2762953042984009
31,cat__Location_SalmonGums,-0.00422402611002326,0.00422402611002326,-1.2762953042984009
31,cat__Location_Sydney,-0.009744650684297085,0.009744650684297085,-1.2762953042984009
31,cat__Location_SydneyAirport,0.0001652462815400213,0.0001652462815400213,-1.2762953042984009
31,cat__Location_Townsville,0.009135093539953232,0.009135093539953232,-1.2762953042984009
31,cat__Location_Tuggeranong,-0.011971847154200077,0.011971847154200077,-1.2762953042984009
31,cat__Location_Uluru,0.00017736776499077678,0.00017736776499077678,-1.2762953042984009
31,cat__Location_WaggaWagga,-0.0014875046908855438,0.0014875046908855438,-1.2762953042984009
31,cat__Location_Walpole,-0.0012405624147504568,0.0012405624147504568,-1.2762953042984009
31,cat__Location_Watsonia,0.0012795405928045511,0.0012795405928045511,-1.2762953042984009
31,cat__Location_Williamtown,-0.0067315008491277695,0.0067315008491277695,-1.2762953042984009
31,cat__Location_Witchcliffe,0.31872421503067017,0.31872421503067017,-1.2762953042984009
31,cat__Location_Wollongong,0.01866164430975914,0.01866164430975914,-1.2762953042984009
31,cat__Location_Woomera,0.0028888070955872536,0.0028888070955872536,-1.2762953042984009
31,cat__WindGustDir_E,0.0003813732764683664,0.0003813732764683664,-1.2762953042984009
31,cat__WindGustDir_ENE,-0.00030120485462248325,0.00030120485462248325,-1.2762953042984009
31,cat__WindGustDir_ESE,-0.00012235144095029682,0.00012235144095029682,-1.2762953042984009
31,cat__WindGustDir_N,0.004109824076294899,0.004109824076294899,-1.2762953042984009
31,cat__WindGustDir_NE,7.653815555386245e-05,7.653815555386245e-05,-1.2762953042984009
31,cat__WindGustDir_NNE,-0.0001346315984847024,0.0001346315984847024,-1.2762953042984009
31,cat__WindGustDir_NNW,-0.00022230367176234722,0.00022230367176234722,-1.2762953042984009
31,cat__WindGustDir_NW,-0.00035158818354830146,0.00035158818354830146,-1.2762953042984009
31,cat__WindGustDir_S,-5.8803590945899487e-05,5.8803590945899487e-05,-1.2762953042984009
31,cat__WindGustDir_SE,-0.0004985411651432514,0.0004985411651432514,-1.2762953042984009
31,cat__WindGustDir_SSE,0.004328612703830004,0.004328612703830004,-1.2762953042984009
31,cat__WindGustDir_SSW,-0.0012416891986504197,0.0012416891986504197,-1.2762953042984009
31,cat__WindGustDir_SW,-6.229318387340754e-06,6.229318387340754e-06,-1.2762953042984009
31,cat__WindGustDir_W,-0.0005511252675205469,0.0005511252675205469,-1.2762953042984009
31,cat__WindGustDir_WNW,-5.8552301197778434e-05,5.8552301197778434e-05,-1.2762953042984009
31,cat__WindGustDir_WSW,-1.12687521323096e-05,1.12687521323096e-05,-1.2762953042984009
31,cat__WindDir9am_E,0.00116959516890347,0.00116959516890347,-1.2762953042984009
31,cat__WindDir9am_ENE,-0.00024436271633021533,0.00024436271633021533,-1.2762953042984009
31,cat__WindDir9am_ESE,0.0007647377206012607,0.0007647377206012607,-1.2762953042984009
31,cat__WindDir9am_N,0.08250774443149567,0.08250774443149567,-1.2762953042984009
31,cat__WindDir9am_NE,-0.0012449121568351984,0.0012449121568351984,-1.2762953042984009
31,cat__WindDir9am_NNE,-0.004726452752947807,0.004726452752947807,-1.2762953042984009
31,cat__WindDir9am_NNW,2.442871300445404e-05,2.442871300445404e-05,-1.2762953042984009
31,cat__WindDir9am_NW,-0.008741009049117565,0.008741009049117565,-1.2762953042984009
31,cat__WindDir9am_S,0.010010230354964733,0.010010230354964733,-1.2762953042984009
31,cat__WindDir9am_SE,5.397962013375945e-06,5.397962013375945e-06,-1.2762953042984009
31,cat__WindDir9am_SSE,0.009478265419602394,0.009478265419602394,-1.2762953042984009
31,cat__WindDir9am_SSW,0.0030616805888712406,0.0030616805888712406,-1.2762953042984009
31,cat__WindDir9am_SW,-0.00012061504094162956,0.00012061504094162956,-1.2762953042984009
31,cat__WindDir9am_W,-8.688498201081529e-05,8.688498201081529e-05,-1.2762953042984009
31,cat__WindDir9am_WNW,2.34959225053899e-06,2.34959225053899e-06,-1.2762953042984009
31,cat__WindDir9am_WSW,3.2882853702176362e-06,3.2882853702176362e-06,-1.2762953042984009
31,cat__WindDir3pm_E,0.00048535893438383937,0.00048535893438383937,-1.2762953042984009
31,cat__WindDir3pm_ENE,-9.109151142183691e-05,9.109151142183691e-05,-1.2762953042984009
31,cat__WindDir3pm_ESE,0.0002906194422394037,0.0002906194422394037,-1.2762953042984009
31,cat__WindDir3pm_N,-0.0044676815159618855,0.0044676815159618855,-1.2762953042984009
31,cat__WindDir3pm_NE,0.00027447022148407996,0.00027447022148407996,-1.2762953042984009
31,cat__WindDir3pm_NNE,-0.0004071229777764529,0.0004071229777764529,-1.2762953042984009
31,cat__WindDir3pm_NNW,-0.01198170892894268,0.01198170892894268,-1.2762953042984009
31,cat__WindDir3pm_NW,-0.01028986182063818,0.01028986182063818,-1.2762953042984009
31,cat__WindDir3pm_S,-0.00044733111280947924,0.00044733111280947924,-1.2762953042984009
31,cat__WindDir3pm_SE,-7.495149475289509e-05,7.495149475289509e-05,-1.2762953042984009
31,cat__WindDir3pm_SSE,0.027605069801211357,0.027605069801211357,-1.2762953042984009
31,cat__WindDir3pm_SSW,-0.0742933452129364,0.0742933452129364,-1.2762953042984009
31,cat__WindDir3pm_SW,0.0034796306863427162,0.0034796306863427162,-1.2762953042984009
31,cat__WindDir3pm_W,-0.0033893815707415342,0.0033893815707415342,-1.2762953042984009
31,cat__WindDir3pm_WNW,-0.013502208516001701,0.013502208516001701,-1.2762953042984009
31,cat__WindDir3pm_WSW,0.00016074767336249352,0.00016074767336249352,-1.2762953042984009
31,cat__Season_Autumn,-0.0033263135701417923,0.0033263135701417923,-1.2762953042984009
31,cat__Season_Spring,0.00024183790083043277,0.00024183790083043277,-1.2762953042984009
31,cat__Season_Summer,0.007223724387586117,0.007223724387586117,-1.2762953042984009
31,cat__Season_Winter,0.000529069802723825,0.000529069802723825,-1.2762953042984009
31,cat__WindIntensityCategory_High,2.2476700905826874e-05,2.2476700905826874e-05,-1.2762953042984009
31,cat__WindIntensityCategory_Low,-0.00036950071807950735,0.00036950071807950735,-1.2762953042984009
31,cat__WindIntensityCategory_Moderate,-0.0024872170761227608,0.0024872170761227608,-1.2762953042984009
31,cat__WindIntensityCategory_VeryHigh,0.0,0.0,-1.2762953042984009
31,cat__RainToday_No,0.0,0.0,-1.2762953042984009
31,cat__RainToday_Yes,0.0,0.0,-1.2762953042984009
32,num__MinTemp,-0.0058015864342451096,0.0058015864342451096,-1.2762953042984009
32,num__MaxTemp,0.15716508030891418,0.15716508030891418,-1.2762953042984009
32,num__Rainfall,0.3093985617160797,0.3093985617160797,-1.2762953042984009
32,num__Evaporation,0.014999100007116795,0.014999100007116795,-1.2762953042984009
32,num__Sunshine,-0.04469674825668335,0.04469674825668335,-1.2762953042984009
32,num__WindGustSpeed,0.22736695408821106,0.22736695408821106,-1.2762953042984009
32,num__WindSpeed9am,0.06235353276133537,0.06235353276133537,-1.2762953042984009
32,num__WindSpeed3pm,-0.06449740380048752,0.06449740380048752,-1.2762953042984009
32,num__Humidity9am,0.05837836489081383,0.05837836489081383,-1.2762953042984009
32,num__Humidity3pm,2.066176652908325,2.066176652908325,-1.2762953042984009
32,num__Pressure9am,0.37821638584136963,0.37821638584136963,-1.2762953042984009
32,num__Pressure3pm,0.5275648832321167,0.5275648832321167,-1.2762953042984009
32,num__Cloud9am,0.019535070285201073,0.019535070285201073,-1.2762953042984009
32,num__Cloud3pm,0.18321655690670013,0.18321655690670013,-1.2762953042984009
32,num__Temp9am,0.0018650065176188946,0.0018650065176188946,-1.2762953042984009
32,num__Temp3pm,0.1762472242116928,0.1762472242116928,-1.2762953042984009
32,num__TemperatureDifference,0.19099822640419006,0.19099822640419006,-1.2762953042984009
32,num__AverageTemperature,0.06673930585384369,0.06673930585384369,-1.2762953042984009
32,num__HumidityIndex,0.08942151069641113,0.08942151069641113,-1.2762953042984009
32,num__PressureDifference,-0.5110504627227783,0.5110504627227783,-1.2762953042984009
32,num__Month,-0.0017732406267896295,0.0017732406267896295,-1.2762953042984009
32,num__Quarter,0.0,0.0,-1.2762953042984009
32,num__DayOfYear,0.06892485171556473,0.06892485171556473,-1.2762953042984009
32,num__IsWeekend,-0.0007617835653945804,0.0007617835653945804,-1.2762953042984009
32,num__RainfallIndicator,0.0,0.0,-1.2762953042984009
32,num__RainTodayBinary,0.0,0.0,-1.2762953042984009
32,cat__Location_Adelaide,-0.011793467216193676,0.011793467216193676,-1.2762953042984009
32,cat__Location_Albany,-0.0037296039517968893,0.0037296039517968893,-1.2762953042984009
32,cat__Location_Albury,0.13031160831451416,0.13031160831451416,-1.2762953042984009
32,cat__Location_AliceSprings,-0.00019969399727415293,0.00019969399727415293,-1.2762953042984009
32,cat__Location_BadgerysCreek,-0.0017690705135464668,0.0017690705135464668,-1.2762953042984009
32,cat__Location_Ballarat,0.00474476208910346,0.00474476208910346,-1.2762953042984009
32,cat__Location_Bendigo,-0.0005768093396909535,0.0005768093396909535,-1.2762953042984009
32,cat__Location_Brisbane,-0.00647246278822422,0.00647246278822422,-1.2762953042984009
32,cat__Location_Cairns,-0.0039244843646883965,0.0039244843646883965,-1.2762953042984009
32,cat__Location_Canberra,0.00677721481770277,0.00677721481770277,-1.2762953042984009
32,cat__Location_Cobar,0.0006474353140220046,0.0006474353140220046,-1.2762953042984009
32,cat__Location_CoffsHarbour,-0.0018525868654251099,0.0018525868654251099,-1.2762953042984009
32,cat__Location_Dartmoor,-0.001283281366340816,0.001283281366340816,-1.2762953042984009
32,cat__Location_Darwin,3.0437237001024187e-05,3.0437237001024187e-05,-1.2762953042984009
32,cat__Location_GoldCoast,0.0009920034790411592,0.0009920034790411592,-1.2762953042984009
32,cat__Location_Hobart,0.0073808724991977215,0.0073808724991977215,-1.2762953042984009
32,cat__Location_Katherine,0.003938090056180954,0.003938090056180954,-1.2762953042984009
32,cat__Location_Launceston,0.0023391207214444876,0.0023391207214444876,-1.2762953042984009
32,cat__Location_Melbourne,-0.0007345301564782858,0.0007345301564782858,-1.2762953042984009
32,cat__Location_MelbourneAirport,0.001037350157275796,0.001037350157275796,-1.2762953042984009
32,cat__Location_Mildura,0.000611730560194701,0.000611730560194701,-1.2762953042984009
32,cat__Location_Moree,0.00016021016926970333,0.00016021016926970333,-1.2762953042984009
32,cat__Location_MountGambier,-0.0009405857999809086,0.0009405857999809086,-1.2762953042984009
32,cat__Location_MountGinini,0.024827895686030388,0.024827895686030388,-1.2762953042984009
32,cat__Location_Newcastle,-3.4636574127944186e-05,3.4636574127944186e-05,-1.2762953042984009
32,cat__Location_Nhil,0.0029198883567005396,0.0029198883567005396,-1.2762953042984009
32,cat__Location_NorahHead,-0.0006709009176120162,0.0006709009176120162,-1.2762953042984009
32,cat__Location_NorfolkIsland,0.006929988041520119,0.006929988041520119,-1.2762953042984009
32,cat__Location_Nuriootpa,4.219382753944956e-05,4.219382753944956e-05,-1.2762953042984009
32,cat__Location_PearceRAAF,-0.006163614336401224,0.006163614336401224,-1.2762953042984009
32,cat__Location_Penrith,-0.00459771603345871,0.00459771603345871,-1.2762953042984009
32,cat__Location_Perth,-0.014231851324439049,0.014231851324439049,-1.2762953042984009
32,cat__Location_PerthAirport,-0.0066407169215381145,0.0066407169215381145,-1.2762953042984009
32,cat__Location_Portland,-0.0008731523994356394,0.0008731523994356394,-1.2762953042984009
32,cat__Location_Richmond,-0.002778842579573393,0.002778842579573393,-1.2762953042984009
32,cat__Location_Sale,0.00685650622472167,0.00685650622472167,-1.2762953042984009
32,cat__Location_SalmonGums,-0.002180582145228982,0.002180582145228982,-1.2762953042984009
32,cat__Location_Sydney,-0.004527170676738024,0.004527170676738024,-1.2762953042984009
32,cat__Location_SydneyAirport,0.0001652462815400213,0.0001652462815400213,-1.2762953042984009
32,cat__Location_Townsville,0.0005177883431315422,0.0005177883431315422,-1.2762953042984009
32,cat__Location_Tuggeranong,-0.002285503316670656,0.002285503316670656,-1.2762953042984009
32,cat__Location_Uluru,-9.26809516386129e-05,9.26809516386129e-05,-1.2762953042984009
32,cat__Location_WaggaWagga,-0.0013166010612621903,0.0013166010612621903,-1.2762953042984009
32,cat__Location_Walpole,-0.005545366555452347,0.005545366555452347,-1.2762953042984009
32,cat__Location_Watsonia,0.0012059789150953293,0.0012059789150953293,-1.2762953042984009
32,cat__Location_Williamtown,-0.012610131874680519,0.012610131874680519,-1.2762953042984009
32,cat__Location_Witchcliffe,-0.02294691652059555,0.02294691652059555,-1.2762953042984009
32,cat__Location_Wollongong,0.014966145157814026,0.014966145157814026,-1.2762953042984009
32,cat__Location_Woomera,0.001882669748738408,0.001882669748738408,-1.2762953042984009
32,cat__WindGustDir_E,0.0003291083557996899,0.0003291083557996899,-1.2762953042984009
32,cat__WindGustDir_ENE,-7.667018508072942e-05,7.667018508072942e-05,-1.2762953042984009
32,cat__WindGustDir_ESE,-0.00019133918976876885,0.00019133918976876885,-1.2762953042984009
32,cat__WindGustDir_N,0.00024402947747148573,0.00024402947747148573,-1.2762953042984009
32,cat__WindGustDir_NE,-0.004986811429262161,0.004986811429262161,-1.2762953042984009
32,cat__WindGustDir_NNE,-0.004935009870678186,0.004935009870678186,-1.2762953042984009
32,cat__WindGustDir_NNW,-0.00019680714467540383,0.00019680714467540383,-1.2762953042984009
32,cat__WindGustDir_NW,-0.00033625378273427486,0.00033625378273427486,-1.2762953042984009
32,cat__WindGustDir_S,-1.7881839085021056e-05,1.7881839085021056e-05,-1.2762953042984009
32,cat__WindGustDir_SE,0.001831703819334507,0.001831703819334507,-1.2762953042984009
32,cat__WindGustDir_SSE,5.101483111502603e-05,5.101483111502603e-05,-1.2762953042984009
32,cat__WindGustDir_SSW,0.0002061432896880433,0.0002061432896880433,-1.2762953042984009
32,cat__WindGustDir_SW,-3.7966325180605054e-05,3.7966325180605054e-05,-1.2762953042984009
32,cat__WindGustDir_W,-0.0011733907740563154,0.0011733907740563154,-1.2762953042984009
32,cat__WindGustDir_WNW,0.001114965183660388,0.001114965183660388,-1.2762953042984009
32,cat__WindGustDir_WSW,0.0005316020688042045,0.0005316020688042045,-1.2762953042984009
32,cat__WindDir9am_E,0.0007065284298732877,0.0007065284298732877,-1.2762953042984009
32,cat__WindDir9am_ENE,-0.001058567431755364,0.001058567431755364,-1.2762953042984009
32,cat__WindDir9am_ESE,0.001601900439709425,0.001601900439709425,-1.2762953042984009
32,cat__WindDir9am_N,-0.012563141994178295,0.012563141994178295,-1.2762953042984009
32,cat__WindDir9am_NE,-0.0018524369224905968,0.0018524369224905968,-1.2762953042984009
32,cat__WindDir9am_NNE,-0.006862671114504337,0.006862671114504337,-1.2762953042984009
32,cat__WindDir9am_NNW,-0.00012846323079429567,0.00012846323079429567,-1.2762953042984009
32,cat__WindDir9am_NW,-0.0030607525259256363,0.0030607525259256363,-1.2762953042984009
32,cat__WindDir9am_S,-0.14278915524482727,0.14278915524482727,-1.2762953042984009
32,cat__WindDir9am_SE,5.397962013375945e-06,5.397962013375945e-06,-1.2762953042984009
32,cat__WindDir9am_SSE,0.0015720711089670658,0.0015720711089670658,-1.2762953042984009
32,cat__WindDir9am_SSW,0.0018978210864588618,0.0018978210864588618,-1.2762953042984009
32,cat__WindDir9am_SW,-0.00010865842341445386,0.00010865842341445386,-1.2762953042984009
32,cat__WindDir9am_W,0.00417837779968977,0.00417837779968977,-1.2762953042984009
32,cat__WindDir9am_WNW,-3.05161411233712e-05,3.05161411233712e-05,-1.2762953042984009
32,cat__WindDir9am_WSW,-6.785781442886218e-05,6.785781442886218e-05,-1.2762953042984009
32,cat__WindDir3pm_E,0.00087458681082353,0.00087458681082353,-1.2762953042984009
32,cat__WindDir3pm_ENE,-0.00011199117579963058,0.00011199117579963058,-1.2762953042984009
32,cat__WindDir3pm_ESE,-0.0016590788727626204,0.0016590788727626204,-1.2762953042984009
32,cat__WindDir3pm_N,-0.0026920721866190434,0.0026920721866190434,-1.2762953042984009
32,cat__WindDir3pm_NE,0.000514799787197262,0.000514799787197262,-1.2762953042984009
32,cat__WindDir3pm_NNE,0.0007490178104490042,0.0007490178104490042,-1.2762953042984009
32,cat__WindDir3pm_NNW,-0.006683846469968557,0.006683846469968557,-1.2762953042984009
32,cat__WindDir3pm_NW,-0.004140655044466257,0.004140655044466257,-1.2762953042984009
32,cat__WindDir3pm_S,-0.0028085901867598295,0.0028085901867598295,-1.2762953042984009
32,cat__WindDir3pm_SE,0.0010486642131581903,0.0010486642131581903,-1.2762953042984009
32,cat__WindDir3pm_SSE,0.008675126358866692,0.008675126358866692,-1.2762953042984009
32,cat__WindDir3pm_SSW,0.001965937903150916,0.001965937903150916,-1.2762953042984009
32,cat__WindDir3pm_SW,0.0013431307161226869,0.0013431307161226869,-1.2762953042984009
32,cat__WindDir3pm_W,0.010939041152596474,0.010939041152596474,-1.2762953042984009
32,cat__WindDir3pm_WNW,0.10092438757419586,0.10092438757419586,-1.2762953042984009
32,cat__WindDir3pm_WSW,0.003665296360850334,0.003665296360850334,-1.2762953042984009
32,cat__Season_Autumn,-0.002075738273561001,0.002075738273561001,-1.2762953042984009
32,cat__Season_Spring,0.0021140610333532095,0.0021140610333532095,-1.2762953042984009
32,cat__Season_Summer,0.021536871790885925,0.021536871790885925,-1.2762953042984009
32,cat__Season_Winter,0.06130780279636383,0.06130780279636383,-1.2762953042984009
32,cat__WindIntensityCategory_High,0.0002594990946818143,0.0002594990946818143,-1.2762953042984009
32,cat__WindIntensityCategory_Low,-0.000686159182805568,0.000686159182805568,-1.2762953042984009
32,cat__WindIntensityCategory_Moderate,0.028243809938430786,0.028243809938430786,-1.2762953042984009
32,cat__WindIntensityCategory_VeryHigh,0.0,0.0,-1.2762953042984009
32,cat__RainToday_No,0.0,0.0,-1.2762953042984009
32,cat__RainToday_Yes,0.0,0.0,-1.2762953042984009
33,num__MinTemp,0.173489049077034,0.173489049077034,-1.2762953042984009
33,num__MaxTemp,-0.034550946205854416,0.034550946205854416,-1.2762953042984009
33,num__Rainfall,0.30763038992881775,0.30763038992881775,-1.2762953042984009
33,num__Evaporation,-0.025944452732801437,0.025944452732801437,-1.2762953042984009
33,num__Sunshine,-0.3506110608577728,0.3506110608577728,-1.2762953042984009
33,num__WindGustSpeed,0.8920959234237671,0.8920959234237671,-1.2762953042984009
33,num__WindSpeed9am,0.08651021122932434,0.08651021122932434,-1.2762953042984009
33,num__WindSpeed3pm,0.10942740738391876,0.10942740738391876,-1.2762953042984009
33,num__Humidity9am,-0.023197786882519722,0.023197786882519722,-1.2762953042984009
33,num__Humidity3pm,0.05626573786139488,0.05626573786139488,-1.2762953042984009
33,num__Pressure9am,0.018809838220477104,0.018809838220477104,-1.2762953042984009
33,num__Pressure3pm,0.6747303009033203,0.6747303009033203,-1.2762953042984009
33,num__Cloud9am,0.007623041979968548,0.007623041979968548,-1.2762953042984009
33,num__Cloud3pm,-0.035962238907814026,0.035962238907814026,-1.2762953042984009
33,num__Temp9am,0.15811346471309662,0.15811346471309662,-1.2762953042984009
33,num__Temp3pm,0.01897670328617096,0.01897670328617096,-1.2762953042984009
33,num__TemperatureDifference,-0.032195910811424255,0.032195910811424255,-1.2762953042984009
33,num__AverageTemperature,0.01665150560438633,0.01665150560438633,-1.2762953042984009
33,num__HumidityIndex,0.13739466667175293,0.13739466667175293,-1.2762953042984009
33,num__PressureDifference,0.1667785346508026,0.1667785346508026,-1.2762953042984009
33,num__Month,0.0004924054373987019,0.0004924054373987019,-1.2762953042984009
33,num__Quarter,0.0,0.0,-1.2762953042984009
33,num__DayOfYear,0.0561443492770195,0.0561443492770195,-1.2762953042984009
33,num__IsWeekend,0.001553846406750381,0.001553846406750381,-1.2762953042984009
33,num__RainfallIndicator,0.0,0.0,-1.2762953042984009
33,num__RainTodayBinary,0.0,0.0,-1.2762953042984009
33,cat__Location_Adelaide,-0.008928070776164532,0.008928070776164532,-1.2762953042984009
33,cat__Location_Albany,-0.0031413771212100983,0.0031413771212100983,-1.2762953042984009
33,cat__Location_Albury,-0.00618882616981864,0.00618882616981864,-1.2762953042984009
33,cat__Location_AliceSprings,2.0473584299907088e-05,2.0473584299907088e-05,-1.2762953042984009
33,cat__Location_BadgerysCreek,-0.0010373996337875724,0.0010373996337875724,-1.2762953042984009
33,cat__Location_Ballarat,0.0007986683631315827,0.0007986683631315827,-1.2762953042984009
33,cat__Location_Bendigo,-0.001606060191988945,0.001606060191988945,-1.2762953042984009
33,cat__Location_Brisbane,-0.010702160187065601,0.010702160187065601,-1.2762953042984009
33,cat__Location_Cairns,-0.00220531621016562,0.00220531621016562,-1.2762953042984009
33,cat__Location_Canberra,-0.0023579015396535397,0.0023579015396535397,-1.2762953042984009
33,cat__Location_Cobar,-0.001182581763714552,0.001182581763714552,-1.2762953042984009
33,cat__Location_CoffsHarbour,0.003783846041187644,0.003783846041187644,-1.2762953042984009
33,cat__Location_Dartmoor,-0.002391957910731435,0.002391957910731435,-1.2762953042984009
33,cat__Location_Darwin,0.007861707359552383,0.007861707359552383,-1.2762953042984009
33,cat__Location_GoldCoast,0.004756347741931677,0.004756347741931677,-1.2762953042984009
33,cat__Location_Hobart,0.011861911974847317,0.011861911974847317,-1.2762953042984009
33,cat__Location_Katherine,0.003179713385179639,0.003179713385179639,-1.2762953042984009
33,cat__Location_Launceston,0.0011385465040802956,0.0011385465040802956,-1.2762953042984009
33,cat__Location_Melbourne,-0.0004854518047068268,0.0004854518047068268,-1.2762953042984009
33,cat__Location_MelbourneAirport,0.001217251643538475,0.001217251643538475,-1.2762953042984009
33,cat__Location_Mildura,5.369536665966734e-05,5.369536665966734e-05,-1.2762953042984009
33,cat__Location_Moree,8.55759863043204e-05,8.55759863043204e-05,-1.2762953042984009
33,cat__Location_MountGambier,-0.0008924950379878283,0.0008924950379878283,-1.2762953042984009
33,cat__Location_MountGinini,-0.005415262654423714,0.005415262654423714,-1.2762953042984009
33,cat__Location_Newcastle,-3.4636574127944186e-05,3.4636574127944186e-05,-1.2762953042984009
33,cat__Location_Nhil,0.0005928050959482789,0.0005928050959482789,-1.2762953042984009
33,cat__Location_NorahHead,0.019709132611751556,0.019709132611751556,-1.2762953042984009
33,cat__Location_NorfolkIsland,0.0011663619661703706,0.0011663619661703706,-1.2762953042984009
33,cat__Location_Nuriootpa,3.717973959282972e-05,3.717973959282972e-05,-1.2762953042984009
33,cat__Location_PearceRAAF,-0.0020452290773391724,0.0020452290773391724,-1.2762953042984009
33,cat__Location_Penrith,-0.006787364836782217,0.006787364836782217,-1.2762953042984009
33,cat__Location_Perth,-0.006238893605768681,0.006238893605768681,-1.2762953042984009
33,cat__Location_PerthAirport,-0.004897883161902428,0.004897883161902428,-1.2762953042984009
33,cat__Location_Portland,-0.00025292465579696,0.00025292465579696,-1.2762953042984009
33,cat__Location_Richmond,-9.878746641334146e-05,9.878746641334146e-05,-1.2762953042984009
33,cat__Location_Sale,-0.0037380103021860123,0.0037380103021860123,-1.2762953042984009
33,cat__Location_SalmonGums,-0.006577722728252411,0.006577722728252411,-1.2762953042984009
33,cat__Location_Sydney,-0.0014271280961111188,0.0014271280961111188,-1.2762953042984009
33,cat__Location_SydneyAirport,0.0008011959725990891,0.0008011959725990891,-1.2762953042984009
33,cat__Location_Townsville,0.012171235866844654,0.012171235866844654,-1.2762953042984009
33,cat__Location_Tuggeranong,-0.007031574845314026,0.007031574845314026,-1.2762953042984009
33,cat__Location_Uluru,8.695428550709039e-05,8.695428550709039e-05,-1.2762953042984009
33,cat__Location_WaggaWagga,-0.0055419704876840115,0.0055419704876840115,-1.2762953042984009
33,cat__Location_Walpole,-0.0025876653380692005,0.0025876653380692005,-1.2762953042984009
33,cat__Location_Watsonia,0.00024417342501692474,0.00024417342501692474,-1.2762953042984009
33,cat__Location_Williamtown,-0.003512661438435316,0.003512661438435316,-1.2762953042984009
33,cat__Location_Witchcliffe,-0.016281338408589363,0.016281338408589363,-1.2762953042984009
33,cat__Location_Wollongong,0.01905098557472229,0.01905098557472229,-1.2762953042984009
33,cat__Location_Woomera,0.0008287720265798271,0.0008287720265798271,-1.2762953042984009
33,cat__WindGustDir_E,0.0005613132379949093,0.0005613132379949093,-1.2762953042984009
33,cat__WindGustDir_ENE,-0.0001265056780539453,0.0001265056780539453,-1.2762953042984009
33,cat__WindGustDir_ESE,-0.0010424557840451598,0.0010424557840451598,-1.2762953042984009
33,cat__WindGustDir_N,-0.0001511666050646454,0.0001511666050646454,-1.2762953042984009
33,cat__WindGustDir_NE,-0.0034470856189727783,0.0034470856189727783,-1.2762953042984009
33,cat__WindGustDir_NNE,0.0024178186431527138,0.0024178186431527138,-1.2762953042984009
33,cat__WindGustDir_NNW,-0.00014514637587126344,0.00014514637587126344,-1.2762953042984009
33,cat__WindGustDir_NW,-0.00033131090458482504,0.00033131090458482504,-1.2762953042984009
33,cat__WindGustDir_S,-2.5204066332662478e-05,2.5204066332662478e-05,-1.2762953042984009
33,cat__WindGustDir_SE,0.01246354915201664,0.01246354915201664,-1.2762953042984009
33,cat__WindGustDir_SSE,1.0588617442408577e-05,1.0588617442408577e-05,-1.2762953042984009
33,cat__WindGustDir_SSW,-0.0007539343787357211,0.0007539343787357211,-1.2762953042984009
33,cat__WindGustDir_SW,-2.452181070111692e-05,2.452181070111692e-05,-1.2762953042984009
33,cat__WindGustDir_W,-0.0030768706928938627,0.0030768706928938627,-1.2762953042984009
33,cat__WindGustDir_WNW,-0.0001441560743842274,0.0001441560743842274,-1.2762953042984009
33,cat__WindGustDir_WSW,1.697785410215147e-05,1.697785410215147e-05,-1.2762953042984009
33,cat__WindDir9am_E,0.0024286508560180664,0.0024286508560180664,-1.2762953042984009
33,cat__WindDir9am_ENE,-0.0029936956707388163,0.0029936956707388163,-1.2762953042984009
33,cat__WindDir9am_ESE,0.0019538761116564274,0.0019538761116564274,-1.2762953042984009
33,cat__WindDir9am_N,-0.017281711101531982,0.017281711101531982,-1.2762953042984009
33,cat__WindDir9am_NE,-0.004300117492675781,0.004300117492675781,-1.2762953042984009
33,cat__WindDir9am_NNE,-0.005666318815201521,0.005666318815201521,-1.2762953042984009
33,cat__WindDir9am_NNW,0.0003626240650191903,0.0003626240650191903,-1.2762953042984009
33,cat__WindDir9am_NW,0.008302956819534302,0.008302956819534302,-1.2762953042984009
33,cat__WindDir9am_S,0.0017434224719181657,0.0017434224719181657,-1.2762953042984009
33,cat__WindDir9am_SE,0.0029661718290299177,0.0029661718290299177,-1.2762953042984009
33,cat__WindDir9am_SSE,0.0019680822733789682,0.0019680822733789682,-1.2762953042984009
33,cat__WindDir9am_SSW,0.0018792219925671816,0.0018792219925671816,-1.2762953042984009
33,cat__WindDir9am_SW,-7.935600297059864e-05,7.935600297059864e-05,-1.2762953042984009
33,cat__WindDir9am_W,3.4357923141214997e-05,3.4357923141214997e-05,-1.2762953042984009
33,cat__WindDir9am_WNW,1.2678839993895963e-05,1.2678839993895963e-05,-1.2762953042984009
33,cat__WindDir9am_WSW,-1.6483605577377602e-05,1.6483605577377602e-05,-1.2762953042984009
33,cat__WindDir3pm_E,0.00016240256081800908,0.00016240256081800908,-1.2762953042984009
33,cat__WindDir3pm_ENE,-0.00011491178156575188,0.00011491178156575188,-1.2762953042984009
33,cat__WindDir3pm_ESE,0.0008923736168071628,0.0008923736168071628,-1.2762953042984009
33,cat__WindDir3pm_N,-0.0032983270939439535,0.0032983270939439535,-1.2762953042984009
33,cat__WindDir3pm_NE,0.0006644721142947674,0.0006644721142947674,-1.2762953042984009
33,cat__WindDir3pm_NNE,-0.0002448862069286406,0.0002448862069286406,-1.2762953042984009
33,cat__WindDir3pm_NNW,-0.010128297843039036,0.010128297843039036,-1.2762953042984009
33,cat__WindDir3pm_NW,0.1414252519607544,0.1414252519607544,-1.2762953042984009
33,cat__WindDir3pm_S,-0.00012718657671939582,0.00012718657671939582,-1.2762953042984009
33,cat__WindDir3pm_SE,-2.9994469514349476e-05,2.9994469514349476e-05,-1.2762953042984009
33,cat__WindDir3pm_SSE,0.008441898040473461,0.008441898040473461,-1.2762953042984009
33,cat__WindDir3pm_SSW,0.0013921326026320457,0.0013921326026320457,-1.2762953042984009
33,cat__WindDir3pm_SW,0.002790213795378804,0.002790213795378804,-1.2762953042984009
33,cat__WindDir3pm_W,9.115057764574885e-05,9.115057764574885e-05,-1.2762953042984009
33,cat__WindDir3pm_WNW,0.01296981330960989,0.01296981330960989,-1.2762953042984009
33,cat__WindDir3pm_WSW,0.00015134218847379088,0.00015134218847379088,-1.2762953042984009
33,cat__Season_Autumn,-0.0036265533417463303,0.0036265533417463303,-1.2762953042984009
33,cat__Season_Spring,7.621642726007849e-05,7.621642726007849e-05,-1.2762953042984009
33,cat__Season_Summer,-0.019323628395795822,0.019323628395795822,-1.2762953042984009
33,cat__Season_Winter,0.0019491377752274275,0.0019491377752274275,-1.2762953042984009
33,cat__WindIntensityCategory_High,2.5962330255424604e-05,2.5962330255424604e-05,-1.2762953042984009
33,cat__WindIntensityCategory_Low,-0.0026573187205940485,0.0026573187205940485,-1.2762953042984009
33,cat__WindIntensityCategory_Moderate,-0.0035255583934485912,0.0035255583934485912,-1.2762953042984009
33,cat__WindIntensityCategory_VeryHigh,0.0,0.0,-1.2762953042984009
33,cat__RainToday_No,0.0,0.0,-1.2762953042984009
33,cat__RainToday_Yes,0.0,0.0,-1.2762953042984009
34,num__MinTemp,0.006154794245958328,0.006154794245958328,-1.2762953042984009
34,num__MaxTemp,-0.05297563225030899,0.05297563225030899,-1.2762953042984009
34,num__Rainfall,0.28190121054649353,0.28190121054649353,-1.2762953042984009
34,num__Evaporation,0.0027722869999706745,0.0027722869999706745,-1.2762953042984009
34,num__Sunshine,-0.8649831414222717,0.8649831414222717,-1.2762953042984009
34,num__WindGustSpeed,-0.22985921800136566,0.22985921800136566,-1.2762953042984009
34,num__WindSpeed9am,0.014591936953365803,0.014591936953365803,-1.2762953042984009
34,num__WindSpeed3pm,-0.04387805610895157,0.04387805610895157,-1.2762953042984009
34,num__Humidity9am,-0.033239640295505524,0.033239640295505524,-1.2762953042984009
34,num__Humidity3pm,-1.584093451499939,1.584093451499939,-1.2762953042984009
34,num__Pressure9am,-0.019292159005999565,0.019292159005999565,-1.2762953042984009
34,num__Pressure3pm,-0.23108045756816864,0.23108045756816864,-1.2762953042984009
34,num__Cloud9am,0.017775550484657288,0.017775550484657288,-1.2762953042984009
34,num__Cloud3pm,-0.3865363895893097,0.3865363895893097,-1.2762953042984009
34,num__Temp9am,0.016957126557826996,0.016957126557826996,-1.2762953042984009
34,num__Temp3pm,0.00017477612709626555,0.00017477612709626555,-1.2762953042984009
34,num__TemperatureDifference,-0.10087200254201889,0.10087200254201889,-1.2762953042984009
34,num__AverageTemperature,0.009509274736046791,0.009509274736046791,-1.2762953042984009
34,num__HumidityIndex,-0.15884435176849365,0.15884435176849365,-1.2762953042984009
34,num__PressureDifference,-0.07068225741386414,0.07068225741386414,-1.2762953042984009
34,num__Month,0.00017543586727697402,0.00017543586727697402,-1.2762953042984009
34,num__Quarter,0.0,0.0,-1.2762953042984009
34,num__DayOfYear,0.00036616658326238394,0.00036616658326238394,-1.2762953042984009
34,num__IsWeekend,-0.00018409050244372338,0.00018409050244372338,-1.2762953042984009
34,num__RainfallIndicator,0.0,0.0,-1.2762953042984009
34,num__RainTodayBinary,0.0,0.0,-1.2762953042984009
34,cat__Location_Adelaide,-0.004848994314670563,0.004848994314670563,-1.2762953042984009
34,cat__Location_Albany,0.0005608870997093618,0.0005608870997093618,-1.2762953042984009
34,cat__Location_Albury,-0.0033381758257746696,0.0033381758257746696,-1.2762953042984009
34,cat__Location_AliceSprings,0.0009736115462146699,0.0009736115462146699,-1.2762953042984009
34,cat__Location_BadgerysCreek,-6.065022898837924e-05,6.065022898837924e-05,-1.2762953042984009
34,cat__Location_Ballarat,-0.0029368021059781313,0.0029368021059781313,-1.2762953042984009
34,cat__Location_Bendigo,-0.0007607226143591106,0.0007607226143591106,-1.2762953042984009
34,cat__Location_Brisbane,-0.003948073368519545,0.003948073368519545,-1.2762953042984009
34,cat__Location_Cairns,-0.0027697118930518627,0.0027697118930518627,-1.2762953042984009
34,cat__Location_Canberra,-0.0020393910817801952,0.0020393910817801952,-1.2762953042984009
34,cat__Location_Cobar,-0.0005376347107812762,0.0005376347107812762,-1.2762953042984009
34,cat__Location_CoffsHarbour,-0.0014674223493784666,0.0014674223493784666,-1.2762953042984009
34,cat__Location_Dartmoor,-0.0027738837525248528,0.0027738837525248528,-1.2762953042984009
34,cat__Location_Darwin,0.007939671166241169,0.007939671166241169,-1.2762953042984009
34,cat__Location_GoldCoast,0.005238507408648729,0.005238507408648729,-1.2762953042984009
34,cat__Location_Hobart,0.006358020473271608,0.006358020473271608,-1.2762953042984009
34,cat__Location_Katherine,0.008302561938762665,0.008302561938762665,-1.2762953042984009
34,cat__Location_Launceston,0.002023826353251934,0.002023826353251934,-1.2762953042984009
34,cat__Location_Melbourne,-0.006513429805636406,0.006513429805636406,-1.2762953042984009
34,cat__Location_MelbourneAirport,0.0021149313542991877,0.0021149313542991877,-1.2762953042984009
34,cat__Location_Mildura,7.986751734279096e-05,7.986751734279096e-05,-1.2762953042984009
34,cat__Location_Moree,8.55759863043204e-05,8.55759863043204e-05,-1.2762953042984009
34,cat__Location_MountGambier,-0.00015958052244968712,0.00015958052244968712,-1.2762953042984009
34,cat__Location_MountGinini,0.0020769063849002123,0.0020769063849002123,-1.2762953042984009
34,cat__Location_Newcastle,-3.463657048996538e-05,3.463657048996538e-05,-1.2762953042984009
34,cat__Location_Nhil,0.0025059788022190332,0.0025059788022190332,-1.2762953042984009
34,cat__Location_NorahHead,0.015457242727279663,0.015457242727279663,-1.2762953042984009
34,cat__Location_NorfolkIsland,0.0006518174195662141,0.0006518174195662141,-1.2762953042984009
34,cat__Location_Nuriootpa,-0.00024857057724148035,0.00024857057724148035,-1.2762953042984009
34,cat__Location_PearceRAAF,-0.0014830949949100614,0.0014830949949100614,-1.2762953042984009
34,cat__Location_Penrith,-0.00025067440583370626,0.00025067440583370626,-1.2762953042984009
34,cat__Location_Perth,-0.004192556254565716,0.004192556254565716,-1.2762953042984009
34,cat__Location_PerthAirport,-0.0016485571395605803,0.0016485571395605803,-1.2762953042984009
34,cat__Location_Portland,-0.00041114105260930955,0.00041114105260930955,-1.2762953042984009
34,cat__Location_Richmond,0.001874612527899444,0.001874612527899444,-1.2762953042984009
34,cat__Location_Sale,-0.003718520514667034,0.003718520514667034,-1.2762953042984009
34,cat__Location_SalmonGums,-0.004406609106808901,0.004406609106808901,-1.2762953042984009
34,cat__Location_Sydney,0.10823588073253632,0.10823588073253632,-1.2762953042984009
34,cat__Location_SydneyAirport,0.00018819242541212589,0.00018819242541212589,-1.2762953042984009
34,cat__Location_Townsville,0.014877215959131718,0.014877215959131718,-1.2762953042984009
34,cat__Location_Tuggeranong,-0.002301261993125081,0.002301261993125081,-1.2762953042984009
34,cat__Location_Uluru,0.00017736776499077678,0.00017736776499077678,-1.2762953042984009
34,cat__Location_WaggaWagga,-0.0018297345377504826,0.0018297345377504826,-1.2762953042984009
34,cat__Location_Walpole,-0.0010476683964952826,0.0010476683964952826,-1.2762953042984009
34,cat__Location_Watsonia,0.0002856776991393417,0.0002856776991393417,-1.2762953042984009
34,cat__Location_Williamtown,-0.00455755228176713,0.00455755228176713,-1.2762953042984009
34,cat__Location_Witchcliffe,-0.0076256305910646915,0.0076256305910646915,-1.2762953042984009
34,cat__Location_Wollongong,0.015496131964027882,0.015496131964027882,-1.2762953042984009
34,cat__Location_Woomera,0.0022365914192050695,0.0022365914192050695,-1.2762953042984009
34,cat__WindGustDir_E,0.0006135477451607585,0.0006135477451607585,-1.2762953042984009
34,cat__WindGustDir_ENE,-0.0002645823115017265,0.0002645823115017265,-1.2762953042984009
34,cat__WindGustDir_ESE,-0.00019418260490056127,0.00019418260490056127,-1.2762953042984009
34,cat__WindGustDir_N,-0.004707662388682365,0.004707662388682365,-1.2762953042984009
34,cat__WindGustDir_NE,0.0008058584644459188,0.0008058584644459188,-1.2762953042984009
34,cat__WindGustDir_NNE,0.0006456963601522148,0.0006456963601522148,-1.2762953042984009
34,cat__WindGustDir_NNW,-0.0054406882263720036,0.0054406882263720036,-1.2762953042984009
34,cat__WindGustDir_NW,-0.0003491476527415216,0.0003491476527415216,-1.2762953042984009
34,cat__WindGustDir_S,-0.00011410097795305774,0.00011410097795305774,-1.2762953042984009
34,cat__WindGustDir_SE,-0.0007209466421045363,0.0007209466421045363,-1.2762953042984009
34,cat__WindGustDir_SSE,1.5950314264046028e-05,1.5950314264046028e-05,-1.2762953042984009
34,cat__WindGustDir_SSW,0.00018476630793884397,0.00018476630793884397,-1.2762953042984009
34,cat__WindGustDir_SW,-0.00023490586318075657,0.00023490586318075657,-1.2762953042984009
34,cat__WindGustDir_W,-0.003854610025882721,0.003854610025882721,-1.2762953042984009
34,cat__WindGustDir_WNW,-0.00029434278258122504,0.00029434278258122504,-1.2762953042984009
34,cat__WindGustDir_WSW,-1.040987808664795e-05,1.040987808664795e-05,-1.2762953042984009
34,cat__WindDir9am_E,0.0010306199546903372,0.0010306199546903372,-1.2762953042984009
34,cat__WindDir9am_ENE,-0.0005931736086495221,0.0005931736086495221,-1.2762953042984009
34,cat__WindDir9am_ESE,0.002963971346616745,0.002963971346616745,-1.2762953042984009
34,cat__WindDir9am_N,-0.021387435495853424,0.021387435495853424,-1.2762953042984009
34,cat__WindDir9am_NE,-0.0015150404069572687,0.0015150404069572687,-1.2762953042984009
34,cat__WindDir9am_NNE,-0.008694627322256565,0.008694627322256565,-1.2762953042984009
34,cat__WindDir9am_NNW,4.826945951208472e-05,4.826945951208472e-05,-1.2762953042984009
34,cat__WindDir9am_NW,-0.0011869220761582255,0.0011869220761582255,-1.2762953042984009
34,cat__WindDir9am_S,0.01578614115715027,0.01578614115715027,-1.2762953042984009
34,cat__WindDir9am_SE,5.397962013375945e-06,5.397962013375945e-06,-1.2762953042984009
34,cat__WindDir9am_SSE,0.007693500258028507,0.007693500258028507,-1.2762953042984009
34,cat__WindDir9am_SSW,0.0017273499397560954,0.0017273499397560954,-1.2762953042984009
34,cat__WindDir9am_SW,-0.0001437608734704554,0.0001437608734704554,-1.2762953042984009
34,cat__WindDir9am_W,0.0002084560110233724,0.0002084560110233724,-1.2762953042984009
34,cat__WindDir9am_WNW,-2.942660648841411e-05,2.942660648841411e-05,-1.2762953042984009
34,cat__WindDir9am_WSW,-2.932882125605829e-05,2.932882125605829e-05,-1.2762953042984009
34,cat__WindDir3pm_E,0.0014019653899595141,0.0014019653899595141,-1.2762953042984009
34,cat__WindDir3pm_ENE,0.0023898733779788017,0.0023898733779788017,-1.2762953042984009
34,cat__WindDir3pm_ESE,0.0008461554534733295,0.0008461554534733295,-1.2762953042984009
34,cat__WindDir3pm_N,-0.012941972352564335,0.012941972352564335,-1.2762953042984009
34,cat__WindDir3pm_NE,0.0002861832908820361,0.0002861832908820361,-1.2762953042984009
34,cat__WindDir3pm_NNE,-0.002137421164661646,0.002137421164661646,-1.2762953042984009
34,cat__WindDir3pm_NNW,-0.01849190890789032,0.01849190890789032,-1.2762953042984009
34,cat__WindDir3pm_NW,-0.019892990589141846,0.019892990589141846,-1.2762953042984009
34,cat__WindDir3pm_S,-0.00034404732286930084,0.00034404732286930084,-1.2762953042984009
34,cat__WindDir3pm_SE,-8.415566117037088e-05,8.415566117037088e-05,-1.2762953042984009
34,cat__WindDir3pm_SSE,0.0008129777852445841,0.0008129777852445841,-1.2762953042984009
34,cat__WindDir3pm_SSW,0.0018416299717500806,0.0018416299717500806,-1.2762953042984009
34,cat__WindDir3pm_SW,0.004300643689930439,0.004300643689930439,-1.2762953042984009
34,cat__WindDir3pm_W,1.331837847828865e-05,1.331837847828865e-05,-1.2762953042984009
34,cat__WindDir3pm_WNW,-0.004607055336236954,0.004607055336236954,-1.2762953042984009
34,cat__WindDir3pm_WSW,0.00012242261436767876,0.00012242261436767876,-1.2762953042984009
34,cat__Season_Autumn,0.013735698536038399,0.013735698536038399,-1.2762953042984009
34,cat__Season_Spring,-8.737375901546329e-05,8.737375901546329e-05,-1.2762953042984009
34,cat__Season_Summer,0.009757167659699917,0.009757167659699917,-1.2762953042984009
34,cat__Season_Winter,0.0014610436046496034,0.0014610436046496034,-1.2762953042984009
34,cat__WindIntensityCategory_High,-1.1685562640195712e-05,1.1685562640195712e-05,-1.2762953042984009
34,cat__WindIntensityCategory_Low,-0.0003204699605703354,0.0003204699605703354,-1.2762953042984009
34,cat__WindIntensityCategory_Moderate,0.0017532967031002045,0.0017532967031002045,-1.2762953042984009
34,cat__WindIntensityCategory_VeryHigh,0.0,0.0,-1.2762953042984009
34,cat__RainToday_No,0.0,0.0,-1.2762953042984009
34,cat__RainToday_Yes,0.0,0.0,-1.2762953042984009
35,num__MinTemp,-0.02465883456170559,0.02465883456170559,-1.2762953042984009
35,num__MaxTemp,0.05981838330626488,0.05981838330626488,-1.2762953042984009
35,num__Rainfall,-0.16482670605182648,0.16482670605182648,-1.2762953042984009
35,num__Evaporation,0.022866299375891685,0.022866299375891685,-1.2762953042984009
35,num__Sunshine,-0.03076785057783127,0.03076785057783127,-1.2762953042984009
35,num__WindGustSpeed,-0.684428870677948,0.684428870677948,-1.2762953042984009
35,num__WindSpeed9am,0.027633050456643105,0.027633050456643105,-1.2762953042984009
35,num__WindSpeed3pm,0.038129255175590515,0.038129255175590515,-1.2762953042984009
35,num__Humidity9am,-0.00035266089253127575,0.00035266089253127575,-1.2762953042984009
35,num__Humidity3pm,-0.3666345477104187,0.3666345477104187,-1.2762953042984009
35,num__Pressure9am,-0.05693765729665756,0.05693765729665756,-1.2762953042984009
35,num__Pressure3pm,-0.608688235282898,0.608688235282898,-1.2762953042984009
35,num__Cloud9am,0.02705443650484085,0.02705443650484085,-1.2762953042984009
35,num__Cloud3pm,-0.03486289829015732,0.03486289829015732,-1.2762953042984009
35,num__Temp9am,0.006979614030569792,0.006979614030569792,-1.2762953042984009
35,num__Temp3pm,0.017185641452670097,0.017185641452670097,-1.2762953042984009
35,num__TemperatureDifference,0.08835473656654358,0.08835473656654358,-1.2762953042984009
35,num__AverageTemperature,0.03444017842411995,0.03444017842411995,-1.2762953042984009
35,num__HumidityIndex,0.023090988397598267,0.023090988397598267,-1.2762953042984009
35,num__PressureDifference,0.3814006447792053,0.3814006447792053,-1.2762953042984009
35,num__Month,0.001003337325528264,0.001003337325528264,-1.2762953042984009
35,num__Quarter,0.0,0.0,-1.2762953042984009
35,num__DayOfYear,0.06283291429281235,0.06283291429281235,-1.2762953042984009
35,num__IsWeekend,-0.0011295160511508584,0.0011295160511508584,-1.2762953042984009
35,num__RainfallIndicator,0.0,0.0,-1.2762953042984009
35,num__RainTodayBinary,0.0,0.0,-1.2762953042984009
35,cat__Location_Adelaide,-0.0067657483741641045,0.0067657483741641045,-1.2762953042984009
35,cat__Location_Albany,-8.391182200284675e-05,8.391182200284675e-05,-1.2762953042984009
35,cat__Location_Albury,-0.008554412052035332,0.008554412052035332,-1.2762953042984009
35,cat__Location_AliceSprings,8.400178921874613e-05,8.400178921874613e-05,-1.2762953042984009
35,cat__Location_BadgerysCreek,-0.001617644215002656,0.001617644215002656,-1.2762953042984009
35,cat__Location_Ballarat,0.004977893549948931,0.004977893549948931,-1.2762953042984009
35,cat__Location_Bendigo,-0.0016459102043882012,0.0016459102043882012,-1.2762953042984009
35,cat__Location_Brisbane,-0.01322910189628601,0.01322910189628601,-1.2762953042984009
35,cat__Location_Cairns,0.0006957612931728363,0.0006957612931728363,-1.2762953042984009
35,cat__Location_Canberra,-0.00021463746088556945,0.00021463746088556945,-1.2762953042984009
35,cat__Location_Cobar,-0.0009437859407626092,0.0009437859407626092,-1.2762953042984009
35,cat__Location_CoffsHarbour,0.0012311199679970741,0.0012311199679970741,-1.2762953042984009
35,cat__Location_Dartmoor,2.264074282720685e-06,2.264074282720685e-06,-1.2762953042984009
35,cat__Location_Darwin,0.009314114227890968,0.009314114227890968,-1.2762953042984009
35,cat__Location_GoldCoast,0.0011334758019074798,0.0011334758019074798,-1.2762953042984009
35,cat__Location_Hobart,0.010535580106079578,0.010535580106079578,-1.2762953042984009
35,cat__Location_Katherine,0.004152415785938501,0.004152415785938501,-1.2762953042984009
35,cat__Location_Launceston,0.0008407896384596825,0.0008407896384596825,-1.2762953042984009
35,cat__Location_Melbourne,-0.0012744565028697252,0.0012744565028697252,-1.2762953042984009
35,cat__Location_MelbourneAirport,0.0045398143120110035,0.0045398143120110035,-1.2762953042984009
35,cat__Location_Mildura,0.00010749100329121575,0.00010749100329121575,-1.2762953042984009
35,cat__Location_Moree,0.00044204859295859933,0.00044204859295859933,-1.2762953042984009
35,cat__Location_MountGambier,0.0006518136360682547,0.0006518136360682547,-1.2762953042984009
35,cat__Location_MountGinini,0.009713931009173393,0.009713931009173393,-1.2762953042984009
35,cat__Location_Newcastle,-3.4636574127944186e-05,3.4636574127944186e-05,-1.2762953042984009
35,cat__Location_Nhil,0.0007467076065950096,0.0007467076065950096,-1.2762953042984009
35,cat__Location_NorahHead,0.0059429192915558815,0.0059429192915558815,-1.2762953042984009
35,cat__Location_NorfolkIsland,0.00031710928305983543,0.00031710928305983543,-1.2762953042984009
35,cat__Location_Nuriootpa,6.453047535615042e-05,6.453047535615042e-05,-1.2762953042984009
35,cat__Location_PearceRAAF,-0.0031487708911299706,0.0031487708911299706,-1.2762953042984009
35,cat__Location_Penrith,-0.004415162373334169,0.004415162373334169,-1.2762953042984009
35,cat__Location_Perth,-0.009098284877836704,0.009098284877836704,-1.2762953042984009
35,cat__Location_PerthAirport,-0.003099571680650115,0.003099571680650115,-1.2762953042984009
35,cat__Location_Portland,-0.0016678065294399858,0.0016678065294399858,-1.2762953042984009
35,cat__Location_Richmond,-0.0001451028510928154,0.0001451028510928154,-1.2762953042984009
35,cat__Location_Sale,0.006316732615232468,0.006316732615232468,-1.2762953042984009
35,cat__Location_SalmonGums,-0.00400227727368474,0.00400227727368474,-1.2762953042984009
35,cat__Location_Sydney,-0.00297293602488935,0.00297293602488935,-1.2762953042984009
35,cat__Location_SydneyAirport,9.40583340707235e-05,9.40583340707235e-05,-1.2762953042984009
35,cat__Location_Townsville,0.01827298104763031,0.01827298104763031,-1.2762953042984009
35,cat__Location_Tuggeranong,-0.005162575747817755,0.005162575747817755,-1.2762953042984009
35,cat__Location_Uluru,0.00017736776499077678,0.00017736776499077678,-1.2762953042984009
35,cat__Location_WaggaWagga,-0.006148738320916891,0.006148738320916891,-1.2762953042984009
35,cat__Location_Walpole,0.04191255569458008,0.04191255569458008,-1.2762953042984009
35,cat__Location_Watsonia,0.00047301044105552137,0.00047301044105552137,-1.2762953042984009
35,cat__Location_Williamtown,-0.00722320843487978,0.00722320843487978,-1.2762953042984009
35,cat__Location_Witchcliffe,-0.01015471015125513,0.01015471015125513,-1.2762953042984009
35,cat__Location_Wollongong,0.018092969432473183,0.018092969432473183,-1.2762953042984009
35,cat__Location_Woomera,-8.71771335368976e-05,8.71771335368976e-05,-1.2762953042984009
35,cat__WindGustDir_E,0.0003193379379808903,0.0003193379379808903,-1.2762953042984009
35,cat__WindGustDir_ENE,-8.1121594121214e-05,8.1121594121214e-05,-1.2762953042984009
35,cat__WindGustDir_ESE,-7.201790867839009e-05,7.201790867839009e-05,-1.2762953042984009
35,cat__WindGustDir_N,0.011256814934313297,0.011256814934313297,-1.2762953042984009
35,cat__WindGustDir_NE,0.041038237512111664,0.041038237512111664,-1.2762953042984009
35,cat__WindGustDir_NNE,-0.0001240611309185624,0.0001240611309185624,-1.2762953042984009
35,cat__WindGustDir_NNW,-0.00018904622993431985,0.00018904622993431985,-1.2762953042984009
35,cat__WindGustDir_NW,-0.0003438360581640154,0.0003438360581640154,-1.2762953042984009
35,cat__WindGustDir_S,-1.4498295058729127e-05,1.4498295058729127e-05,-1.2762953042984009
35,cat__WindGustDir_SE,-0.0004526758857537061,0.0004526758857537061,-1.2762953042984009
35,cat__WindGustDir_SSE,-2.5157001800835133e-05,2.5157001800835133e-05,-1.2762953042984009
35,cat__WindGustDir_SSW,0.00015781827096361667,0.00015781827096361667,-1.2762953042984009
35,cat__WindGustDir_SW,-9.017949196277186e-05,9.017949196277186e-05,-1.2762953042984009
35,cat__WindGustDir_W,-0.0008156784460879862,0.0008156784460879862,-1.2762953042984009
35,cat__WindGustDir_WNW,-4.799488669959828e-05,4.799488669959828e-05,-1.2762953042984009
35,cat__WindGustDir_WSW,4.649249603971839e-06,4.649249603971839e-06,-1.2762953042984009
35,cat__WindDir9am_E,0.0011193460086360574,0.0011193460086360574,-1.2762953042984009
35,cat__WindDir9am_ENE,-0.0008843955001793802,0.0008843955001793802,-1.2762953042984009
35,cat__WindDir9am_ESE,0.004355152603238821,0.004355152603238821,-1.2762953042984009
35,cat__WindDir9am_N,0.03888688236474991,0.03888688236474991,-1.2762953042984009
35,cat__WindDir9am_NE,-0.0012451432412490249,0.0012451432412490249,-1.2762953042984009
35,cat__WindDir9am_NNE,0.0025585053954273462,0.0025585053954273462,-1.2762953042984009
35,cat__WindDir9am_NNW,0.000513009203132242,0.000513009203132242,-1.2762953042984009
35,cat__WindDir9am_NW,-0.0009067694190889597,0.0009067694190889597,-1.2762953042984009
35,cat__WindDir9am_S,0.00637696823105216,0.00637696823105216,-1.2762953042984009
35,cat__WindDir9am_SE,4.281063411326613e-06,4.281063411326613e-06,-1.2762953042984009
35,cat__WindDir9am_SSE,0.008692784234881401,0.008692784234881401,-1.2762953042984009
35,cat__WindDir9am_SSW,0.0014962133718654513,0.0014962133718654513,-1.2762953042984009
35,cat__WindDir9am_SW,-0.00019850701210089028,0.00019850701210089028,-1.2762953042984009
35,cat__WindDir9am_W,-4.9878653953783214e-05,4.9878653953783214e-05,-1.2762953042984009
35,cat__WindDir9am_WNW,0.0009398650145158172,0.0009398650145158172,-1.2762953042984009
35,cat__WindDir9am_WSW,-8.776179311098531e-05,8.776179311098531e-05,-1.2762953042984009
35,cat__WindDir3pm_E,0.000469282444100827,0.000469282444100827,-1.2762953042984009
35,cat__WindDir3pm_ENE,-0.00013679717085324228,0.00013679717085324228,-1.2762953042984009
35,cat__WindDir3pm_ESE,0.000285674148472026,0.000285674148472026,-1.2762953042984009
35,cat__WindDir3pm_N,-0.0015095187118276954,0.0015095187118276954,-1.2762953042984009
35,cat__WindDir3pm_NE,-0.001448707189410925,0.001448707189410925,-1.2762953042984009
35,cat__WindDir3pm_NNE,0.008481760509312153,0.008481760509312153,-1.2762953042984009
35,cat__WindDir3pm_NNW,-0.007371362764388323,0.007371362764388323,-1.2762953042984009
35,cat__WindDir3pm_NW,-0.011745027266442776,0.011745027266442776,-1.2762953042984009
35,cat__WindDir3pm_S,-0.00021859447588212788,0.00021859447588212788,-1.2762953042984009
35,cat__WindDir3pm_SE,-0.00017668367945589125,0.00017668367945589125,-1.2762953042984009
35,cat__WindDir3pm_SSE,0.006727853324264288,0.006727853324264288,-1.2762953042984009
35,cat__WindDir3pm_SSW,0.0036354416515678167,0.0036354416515678167,-1.2762953042984009
35,cat__WindDir3pm_SW,0.004299042280763388,0.004299042280763388,-1.2762953042984009
35,cat__WindDir3pm_W,-1.4254037523642182e-05,1.4254037523642182e-05,-1.2762953042984009
35,cat__WindDir3pm_WNW,-0.007826976478099823,0.007826976478099823,-1.2762953042984009
35,cat__WindDir3pm_WSW,0.00016074767336249352,0.00016074767336249352,-1.2762953042984009
35,cat__Season_Autumn,-0.008556470274925232,0.008556470274925232,-1.2762953042984009
35,cat__Season_Spring,0.0002603388566058129,0.0002603388566058129,-1.2762953042984009
35,cat__Season_Summer,0.004895453341305256,0.004895453341305256,-1.2762953042984009
35,cat__Season_Winter,0.004211758729070425,0.004211758729070425,-1.2762953042984009
35,cat__WindIntensityCategory_High,2.5962330255424604e-05,2.5962330255424604e-05,-1.2762953042984009
35,cat__WindIntensityCategory_Low,-0.00039751309668645263,0.00039751309668645263,-1.2762953042984009
35,cat__WindIntensityCategory_Moderate,-0.0043039689771831036,0.0043039689771831036,-1.2762953042984009
35,cat__WindIntensityCategory_VeryHigh,0.0,0.0,-1.2762953042984009
35,cat__RainToday_No,0.0,0.0,-1.2762953042984009
35,cat__RainToday_Yes,0.0,0.0,-1.2762953042984009
36,num__MinTemp,-0.09418414533138275,0.09418414533138275,-1.2762953042984009
36,num__MaxTemp,-0.008939032442867756,0.008939032442867756,-1.2762953042984009
36,num__Rainfall,-0.13516658544540405,0.13516658544540405,-1.2762953042984009
36,num__Evaporation,-0.006158050615340471,0.006158050615340471,-1.2762953042984009
36,num__Sunshine,-0.010470700450241566,0.010470700450241566,-1.2762953042984009
36,num__WindGustSpeed,-0.473499059677124,0.473499059677124,-1.2762953042984009
36,num__WindSpeed9am,0.010047748684883118,0.010047748684883118,-1.2762953042984009
36,num__WindSpeed3pm,0.016060790047049522,0.016060790047049522,-1.2762953042984009
36,num__Humidity9am,0.003071627113968134,0.003071627113968134,-1.2762953042984009
36,num__Humidity3pm,-1.1901030540466309,1.1901030540466309,-1.2762953042984009
36,num__Pressure9am,-0.0947321429848671,0.0947321429848671,-1.2762953042984009
36,num__Pressure3pm,-0.47902438044548035,0.47902438044548035,-1.2762953042984009
36,num__Cloud9am,-0.008736624382436275,0.008736624382436275,-1.2762953042984009
36,num__Cloud3pm,-0.4323621392250061,0.4323621392250061,-1.2762953042984009
36,num__Temp9am,-0.06693911552429199,0.06693911552429199,-1.2762953042984009
36,num__Temp3pm,0.009157135151326656,0.009157135151326656,-1.2762953042984009
36,num__TemperatureDifference,-0.06873835623264313,0.06873835623264313,-1.2762953042984009
36,num__AverageTemperature,0.014312438666820526,0.014312438666820526,-1.2762953042984009
36,num__HumidityIndex,-0.03437596559524536,0.03437596559524536,-1.2762953042984009
36,num__PressureDifference,-0.1464269906282425,0.1464269906282425,-1.2762953042984009
36,num__Month,-2.200063318014145e-05,2.200063318014145e-05,-1.2762953042984009
36,num__Quarter,0.0,0.0,-1.2762953042984009
36,num__DayOfYear,0.030673224478960037,0.030673224478960037,-1.2762953042984009
36,num__IsWeekend,0.0023654992692172527,0.0023654992692172527,-1.2762953042984009
36,num__RainfallIndicator,0.0,0.0,-1.2762953042984009
36,num__RainTodayBinary,0.0,0.0,-1.2762953042984009
36,cat__Location_Adelaide,-0.005229375325143337,0.005229375325143337,-1.2762953042984009
36,cat__Location_Albany,-7.087947597028688e-05,7.087947597028688e-05,-1.2762953042984009
36,cat__Location_Albury,-0.004837906453758478,0.004837906453758478,-1.2762953042984009
36,cat__Location_AliceSprings,0.002411310561001301,0.002411310561001301,-1.2762953042984009
36,cat__Location_BadgerysCreek,-0.004125270061194897,0.004125270061194897,-1.2762953042984009
36,cat__Location_Ballarat,0.006056386511772871,0.006056386511772871,-1.2762953042984009
36,cat__Location_Bendigo,-0.0006558644236065447,0.0006558644236065447,-1.2762953042984009
36,cat__Location_Brisbane,-0.01266395952552557,0.01266395952552557,-1.2762953042984009
36,cat__Location_Cairns,-6.736442446708679e-05,6.736442446708679e-05,-1.2762953042984009
36,cat__Location_Canberra,2.4928609491325915e-05,2.4928609491325915e-05,-1.2762953042984009
36,cat__Location_Cobar,-0.08929693698883057,0.08929693698883057,-1.2762953042984009
36,cat__Location_CoffsHarbour,-0.0029402412474155426,0.0029402412474155426,-1.2762953042984009
36,cat__Location_Dartmoor,-0.0015764517011120915,0.0015764517011120915,-1.2762953042984009
36,cat__Location_Darwin,0.007440963294357061,0.007440963294357061,-1.2762953042984009
36,cat__Location_GoldCoast,0.003894170979037881,0.003894170979037881,-1.2762953042984009
36,cat__Location_Hobart,0.010063628666102886,0.010063628666102886,-1.2762953042984009
36,cat__Location_Katherine,0.0047972132451832294,0.0047972132451832294,-1.2762953042984009
36,cat__Location_Launceston,0.0008424545521847904,0.0008424545521847904,-1.2762953042984009
36,cat__Location_Melbourne,-0.0019546071998775005,0.0019546071998775005,-1.2762953042984009
36,cat__Location_MelbourneAirport,0.0034659390803426504,0.0034659390803426504,-1.2762953042984009
36,cat__Location_Mildura,0.00020048148871865124,0.00020048148871865124,-1.2762953042984009
36,cat__Location_Moree,0.00044204859295859933,0.00044204859295859933,-1.2762953042984009
36,cat__Location_MountGambier,0.0006510110106319189,0.0006510110106319189,-1.2762953042984009
36,cat__Location_MountGinini,0.008817940950393677,0.008817940950393677,-1.2762953042984009
36,cat__Location_Newcastle,-3.463657048996538e-05,3.463657048996538e-05,-1.2762953042984009
36,cat__Location_Nhil,0.0016719296108931303,0.0016719296108931303,-1.2762953042984009
36,cat__Location_NorahHead,-0.000960978795774281,0.000960978795774281,-1.2762953042984009
36,cat__Location_NorfolkIsland,-0.0004501216462813318,0.0004501216462813318,-1.2762953042984009
36,cat__Location_Nuriootpa,6.453047535615042e-05,6.453047535615042e-05,-1.2762953042984009
36,cat__Location_PearceRAAF,-0.004745737183839083,0.004745737183839083,-1.2762953042984009
36,cat__Location_Penrith,-0.0014536503003910184,0.0014536503003910184,-1.2762953042984009
36,cat__Location_Perth,-0.008193220011889935,0.008193220011889935,-1.2762953042984009
36,cat__Location_PerthAirport,-0.0023459296207875013,0.0023459296207875013,-1.2762953042984009
36,cat__Location_Portland,-0.004011866636574268,0.004011866636574268,-1.2762953042984009
36,cat__Location_Richmond,0.0007950589060783386,0.0007950589060783386,-1.2762953042984009
36,cat__Location_Sale,0.00781101081520319,0.00781101081520319,-1.2762953042984009
36,cat__Location_SalmonGums,-0.0006846326286904514,0.0006846326286904514,-1.2762953042984009
36,cat__Location_Sydney,-0.004811156075447798,0.004811156075447798,-1.2762953042984009
36,cat__Location_SydneyAirport,4.939644713886082e-05,4.939644713886082e-05,-1.2762953042984009
36,cat__Location_Townsville,0.015231030993163586,0.015231030993163586,-1.2762953042984009
36,cat__Location_Tuggeranong,-0.0032953571062535048,0.0032953571062535048,-1.2762953042984009
36,cat__Location_Uluru,0.00017736776499077678,0.00017736776499077678,-1.2762953042984009
36,cat__Location_WaggaWagga,-0.001317845657467842,0.001317845657467842,-1.2762953042984009
36,cat__Location_Walpole,-0.0008189218933694065,0.0008189218933694065,-1.2762953042984009
36,cat__Location_Watsonia,0.00040113975410349667,0.00040113975410349667,-1.2762953042984009
36,cat__Location_Williamtown,-0.023223599418997765,0.023223599418997765,-1.2762953042984009
36,cat__Location_Witchcliffe,-0.009471314027905464,0.009471314027905464,-1.2762953042984009
36,cat__Location_Wollongong,0.008819160051643848,0.008819160051643848,-1.2762953042984009
36,cat__Location_Woomera,0.002789912512525916,0.002789912512525916,-1.2762953042984009
36,cat__WindGustDir_E,0.0003907926438841969,0.0003907926438841969,-1.2762953042984009
36,cat__WindGustDir_ENE,-0.00011013725452357903,0.00011013725452357903,-1.2762953042984009
36,cat__WindGustDir_ESE,-0.00011266244109719992,0.00011266244109719992,-1.2762953042984009
36,cat__WindGustDir_N,0.0008162711164914072,0.0008162711164914072,-1.2762953042984009
36,cat__WindGustDir_NE,-0.0005469925235956907,0.0005469925235956907,-1.2762953042984009
36,cat__WindGustDir_NNE,-0.00015244875976350158,0.00015244875976350158,-1.2762953042984009
36,cat__WindGustDir_NNW,-0.00021772479522041976,0.00021772479522041976,-1.2762953042984009
36,cat__WindGustDir_NW,-0.0003489090013317764,0.0003489090013317764,-1.2762953042984009
36,cat__WindGustDir_S,-1.5952542526065372e-05,1.5952542526065372e-05,-1.2762953042984009
36,cat__WindGustDir_SE,-0.00047301765880547464,0.00047301765880547464,-1.2762953042984009
36,cat__WindGustDir_SSE,0.0006814813823439181,0.0006814813823439181,-1.2762953042984009
36,cat__WindGustDir_SSW,0.00015781827096361667,0.00015781827096361667,-1.2762953042984009
36,cat__WindGustDir_SW,-0.00025259325047954917,0.00025259325047954917,-1.2762953042984009
36,cat__WindGustDir_W,-0.0009049071231856942,0.0009049071231856942,-1.2762953042984009
36,cat__WindGustDir_WNW,0.0003185486712027341,0.0003185486712027341,-1.2762953042984009
36,cat__WindGustDir_WSW,-7.899974298197776e-05,7.899974298197776e-05,-1.2762953042984009
36,cat__WindDir9am_E,0.0012088704388588667,0.0012088704388588667,-1.2762953042984009
36,cat__WindDir9am_ENE,-0.003565266728401184,0.003565266728401184,-1.2762953042984009
36,cat__WindDir9am_ESE,0.0028561963699758053,0.0028561963699758053,-1.2762953042984009
36,cat__WindDir9am_N,-0.007300271652638912,0.007300271652638912,-1.2762953042984009
36,cat__WindDir9am_NE,-0.0018819181714206934,0.0018819181714206934,-1.2762953042984009
36,cat__WindDir9am_NNE,-0.0028912315610796213,0.0028912315610796213,-1.2762953042984009
36,cat__WindDir9am_NNW,-2.5130495487246662e-05,2.5130495487246662e-05,-1.2762953042984009
36,cat__WindDir9am_NW,-0.0010426557855680585,0.0010426557855680585,-1.2762953042984009
36,cat__WindDir9am_S,0.01574544981122017,0.01574544981122017,-1.2762953042984009
36,cat__WindDir9am_SE,-6.318684609141201e-05,6.318684609141201e-05,-1.2762953042984009
36,cat__WindDir9am_SSE,0.009716243483126163,0.009716243483126163,-1.2762953042984009
36,cat__WindDir9am_SSW,0.0014622403541579843,0.0014622403541579843,-1.2762953042984009
36,cat__WindDir9am_SW,-0.0002890203904826194,0.0002890203904826194,-1.2762953042984009
36,cat__WindDir9am_W,-0.00016230912297032773,0.00016230912297032773,-1.2762953042984009
36,cat__WindDir9am_WNW,-6.22923398623243e-05,6.22923398623243e-05,-1.2762953042984009
36,cat__WindDir9am_WSW,3.397290493012406e-05,3.397290493012406e-05,-1.2762953042984009
36,cat__WindDir3pm_E,0.0004700288991443813,0.0004700288991443813,-1.2762953042984009
36,cat__WindDir3pm_ENE,-0.0009244123357348144,0.0009244123357348144,-1.2762953042984009
36,cat__WindDir3pm_ESE,0.00029260385781526566,0.00029260385781526566,-1.2762953042984009
36,cat__WindDir3pm_N,-0.0057215578854084015,0.0057215578854084015,-1.2762953042984009
36,cat__WindDir3pm_NE,-0.0014769528061151505,0.0014769528061151505,-1.2762953042984009
36,cat__WindDir3pm_NNE,-0.00040581158827990294,0.00040581158827990294,-1.2762953042984009
36,cat__WindDir3pm_NNW,-0.012740558944642544,0.012740558944642544,-1.2762953042984009
36,cat__WindDir3pm_NW,-0.0012072860263288021,0.0012072860263288021,-1.2762953042984009
36,cat__WindDir3pm_S,0.003959232475608587,0.003959232475608587,-1.2762953042984009
36,cat__WindDir3pm_SE,-0.0001428304094588384,0.0001428304094588384,-1.2762953042984009
36,cat__WindDir3pm_SSE,0.006368432659655809,0.006368432659655809,-1.2762953042984009
36,cat__WindDir3pm_SSW,0.004185014870017767,0.004185014870017767,-1.2762953042984009
36,cat__WindDir3pm_SW,0.004197088070213795,0.004197088070213795,-1.2762953042984009
36,cat__WindDir3pm_W,6.082013715058565e-05,6.082013715058565e-05,-1.2762953042984009
36,cat__WindDir3pm_WNW,-0.005355168599635363,0.005355168599635363,-1.2762953042984009
36,cat__WindDir3pm_WSW,0.00016074767336249352,0.00016074767336249352,-1.2762953042984009
36,cat__Season_Autumn,0.002326216548681259,0.002326216548681259,-1.2762953042984009
36,cat__Season_Spring,0.00018452003132551908,0.00018452003132551908,-1.2762953042984009
36,cat__Season_Summer,0.004960260353982449,0.004960260353982449,-1.2762953042984009
36,cat__Season_Winter,-0.010774580761790276,0.010774580761790276,-1.2762953042984009
36,cat__WindIntensityCategory_High,2.5962330255424604e-05,2.5962330255424604e-05,-1.2762953042984009
36,cat__WindIntensityCategory_Low,-0.00039751309668645263,0.00039751309668645263,-1.2762953042984009
36,cat__WindIntensityCategory_Moderate,-0.0039006220176815987,0.0039006220176815987,-1.2762953042984009
36,cat__WindIntensityCategory_VeryHigh,0.0,0.0,-1.2762953042984009
36,cat__RainToday_No,0.0,0.0,-1.2762953042984009
36,cat__RainToday_Yes,0.0,0.0,-1.2762953042984009
37,num__MinTemp,-0.1136278361082077,0.1136278361082077,-1.2762953042984009
37,num__MaxTemp,0.0003108035889454186,0.0003108035889454186,-1.2762953042984009
37,num__Rainfall,0.12057819217443466,0.12057819217443466,-1.2762953042984009
37,num__Evaporation,0.008197708055377007,0.008197708055377007,-1.2762953042984009
37,num__Sunshine,-0.010851973667740822,0.010851973667740822,-1.2762953042984009
37,num__WindGustSpeed,-0.031300075352191925,0.031300075352191925,-1.2762953042984009
37,num__WindSpeed9am,0.022870324552059174,0.022870324552059174,-1.2762953042984009
37,num__WindSpeed3pm,0.04192066565155983,0.04192066565155983,-1.2762953042984009
37,num__Humidity9am,-0.05706405267119408,0.05706405267119408,-1.2762953042984009
37,num__Humidity3pm,-1.3562719821929932,1.3562719821929932,-1.2762953042984009
37,num__Pressure9am,-0.022880982607603073,0.022880982607603073,-1.2762953042984009
37,num__Pressure3pm,-0.04730286821722984,0.04730286821722984,-1.2762953042984009
37,num__Cloud9am,0.009371897205710411,0.009371897205710411,-1.2762953042984009
37,num__Cloud3pm,-0.05043818801641464,0.05043818801641464,-1.2762953042984009
37,num__Temp9am,0.005021326709538698,0.005021326709538698,-1.2762953042984009
37,num__Temp3pm,-0.004590985830873251,0.004590985830873251,-1.2762953042984009
37,num__TemperatureDifference,-0.11808903515338898,0.11808903515338898,-1.2762953042984009
37,num__AverageTemperature,-0.011881018057465553,0.011881018057465553,-1.2762953042984009
37,num__HumidityIndex,-0.147109255194664,0.147109255194664,-1.2762953042984009
37,num__PressureDifference,-0.029707208275794983,0.029707208275794983,-1.2762953042984009
37,num__Month,-3.55084594048094e-05,3.55084594048094e-05,-1.2762953042984009
37,num__Quarter,0.0,0.0,-1.2762953042984009
37,num__DayOfYear,-0.013753543607890606,0.013753543607890606,-1.2762953042984009
37,num__IsWeekend,0.002341039013117552,0.002341039013117552,-1.2762953042984009
37,num__RainfallIndicator,0.0,0.0,-1.2762953042984009
37,num__RainTodayBinary,0.0,0.0,-1.2762953042984009
37,cat__Location_Adelaide,-0.007062104996293783,0.007062104996293783,-1.2762953042984009
37,cat__Location_Albany,5.7943900173995644e-05,5.7943900173995644e-05,-1.2762953042984009
37,cat__Location_Albury,-0.002527825301513076,0.002527825301513076,-1.2762953042984009
37,cat__Location_AliceSprings,0.0011107404716312885,0.0011107404716312885,-1.2762953042984009
37,cat__Location_BadgerysCreek,-0.0009369311155751348,0.0009369311155751348,-1.2762953042984009
37,cat__Location_Ballarat,-3.491138340905309e-05,3.491138340905309e-05,-1.2762953042984009
37,cat__Location_Bendigo,-0.0005930288461968303,0.0005930288461968303,-1.2762953042984009
37,cat__Location_Brisbane,-0.0034926687367260456,0.0034926687367260456,-1.2762953042984009
37,cat__Location_Cairns,-0.002098612254485488,0.002098612254485488,-1.2762953042984009
37,cat__Location_Canberra,-0.000722016382496804,0.000722016382496804,-1.2762953042984009
37,cat__Location_Cobar,0.0007102470262907445,0.0007102470262907445,-1.2762953042984009
37,cat__Location_CoffsHarbour,0.00021793972700834274,0.00021793972700834274,-1.2762953042984009
37,cat__Location_Dartmoor,-0.001453540869988501,0.001453540869988501,-1.2762953042984009
37,cat__Location_Darwin,0.009440867230296135,0.009440867230296135,-1.2762953042984009
37,cat__Location_GoldCoast,0.004741867538541555,0.004741867538541555,-1.2762953042984009
37,cat__Location_Hobart,0.009130735881626606,0.009130735881626606,-1.2762953042984009
37,cat__Location_Katherine,0.008598430082201958,0.008598430082201958,-1.2762953042984009
37,cat__Location_Launceston,0.0019834553822875023,0.0019834553822875023,-1.2762953042984009
37,cat__Location_Melbourne,-0.0040259226225316525,0.0040259226225316525,-1.2762953042984009
37,cat__Location_MelbourneAirport,0.00483850808814168,0.00483850808814168,-1.2762953042984009
37,cat__Location_Mildura,0.000637902703601867,0.000637902703601867,-1.2762953042984009
37,cat__Location_Moree,3.7986777897458524e-05,3.7986777897458524e-05,-1.2762953042984009
37,cat__Location_MountGambier,-0.00011544759036041796,0.00011544759036041796,-1.2762953042984009
37,cat__Location_MountGinini,0.009712738916277885,0.009712738916277885,-1.2762953042984009
37,cat__Location_Newcastle,-3.4636574127944186e-05,3.4636574127944186e-05,-1.2762953042984009
37,cat__Location_Nhil,0.001807068008929491,0.001807068008929491,-1.2762953042984009
37,cat__Location_NorahHead,0.012647896073758602,0.012647896073758602,-1.2762953042984009
37,cat__Location_NorfolkIsland,0.0012994140852242708,0.0012994140852242708,-1.2762953042984009
37,cat__Location_Nuriootpa,3.7193054595263675e-05,3.7193054595263675e-05,-1.2762953042984009
37,cat__Location_PearceRAAF,-0.005842439364641905,0.005842439364641905,-1.2762953042984009
37,cat__Location_Penrith,0.002012756885960698,0.002012756885960698,-1.2762953042984009
37,cat__Location_Perth,-0.013802885077893734,0.013802885077893734,-1.2762953042984009
37,cat__Location_PerthAirport,-0.006780205760151148,0.006780205760151148,-1.2762953042984009
37,cat__Location_Portland,-0.0018308935686945915,0.0018308935686945915,-1.2762953042984009
37,cat__Location_Richmond,0.002014072611927986,0.002014072611927986,-1.2762953042984009
37,cat__Location_Sale,0.006262409966439009,0.006262409966439009,-1.2762953042984009
37,cat__Location_SalmonGums,-0.006507609970867634,0.006507609970867634,-1.2762953042984009
37,cat__Location_Sydney,-0.002877406310290098,0.002877406310290098,-1.2762953042984009
37,cat__Location_SydneyAirport,0.00013064777886029333,0.00013064777886029333,-1.2762953042984009
37,cat__Location_Townsville,0.01742319017648697,0.01742319017648697,-1.2762953042984009
37,cat__Location_Tuggeranong,-0.0012813863577321172,0.0012813863577321172,-1.2762953042984009
37,cat__Location_Uluru,0.00017736776499077678,0.00017736776499077678,-1.2762953042984009
37,cat__Location_WaggaWagga,-0.0015426699537783861,0.0015426699537783861,-1.2762953042984009
37,cat__Location_Walpole,-0.00164518179371953,0.00164518179371953,-1.2762953042984009
37,cat__Location_Watsonia,0.0004965208354406059,0.0004965208354406059,-1.2762953042984009
37,cat__Location_Williamtown,-0.004930576309561729,0.004930576309561729,-1.2762953042984009
37,cat__Location_Witchcliffe,-0.013607497327029705,0.013607497327029705,-1.2762953042984009
37,cat__Location_Wollongong,0.016690369695425034,0.016690369695425034,-1.2762953042984009
37,cat__Location_Woomera,0.0025068833492696285,0.0025068833492696285,-1.2762953042984009
37,cat__WindGustDir_E,0.00031878368463367224,0.00031878368463367224,-1.2762953042984009
37,cat__WindGustDir_ENE,-0.00011670112144201994,0.00011670112144201994,-1.2762953042984009
37,cat__WindGustDir_ESE,-0.00013943162048235536,0.00013943162048235536,-1.2762953042984009
37,cat__WindGustDir_N,-0.0011191704543307424,0.0011191704543307424,-1.2762953042984009
37,cat__WindGustDir_NE,-0.00035859871422871947,0.00035859871422871947,-1.2762953042984009
37,cat__WindGustDir_NNE,-0.00018020247807726264,0.00018020247807726264,-1.2762953042984009
37,cat__WindGustDir_NNW,-0.00022553172311745584,0.00022553172311745584,-1.2762953042984009
37,cat__WindGustDir_NW,-0.000265007431153208,0.000265007431153208,-1.2762953042984009
37,cat__WindGustDir_S,-0.00011890760652022436,0.00011890760652022436,-1.2762953042984009
37,cat__WindGustDir_SE,-0.0005463127163238823,0.0005463127163238823,-1.2762953042984009
37,cat__WindGustDir_SSE,3.237658347643446e-06,3.237658347643446e-06,-1.2762953042984009
37,cat__WindGustDir_SSW,0.0001958087959792465,0.0001958087959792465,-1.2762953042984009
37,cat__WindGustDir_SW,-0.00017138535622507334,0.00017138535622507334,-1.2762953042984009
37,cat__WindGustDir_W,0.010677257552742958,0.010677257552742958,-1.2762953042984009
37,cat__WindGustDir_WNW,-9.907202183967456e-05,9.907202183967456e-05,-1.2762953042984009
37,cat__WindGustDir_WSW,-7.804235792718828e-06,7.804235792718828e-06,-1.2762953042984009
37,cat__WindDir9am_E,0.0009326814906671643,0.0009326814906671643,-1.2762953042984009
37,cat__WindDir9am_ENE,-0.0017359383637085557,0.0017359383637085557,-1.2762953042984009
37,cat__WindDir9am_ESE,0.002819559071213007,0.002819559071213007,-1.2762953042984009
37,cat__WindDir9am_N,0.06676901876926422,0.06676901876926422,-1.2762953042984009
37,cat__WindDir9am_NE,-0.0017470621969550848,0.0017470621969550848,-1.2762953042984009
37,cat__WindDir9am_NNE,-0.011236711405217648,0.011236711405217648,-1.2762953042984009
37,cat__WindDir9am_NNW,-0.0002077063254546374,0.0002077063254546374,-1.2762953042984009
37,cat__WindDir9am_NW,-0.0011144971940666437,0.0011144971940666437,-1.2762953042984009
37,cat__WindDir9am_S,0.01702961139380932,0.01702961139380932,-1.2762953042984009
37,cat__WindDir9am_SE,5.397962013375945e-06,5.397962013375945e-06,-1.2762953042984009
37,cat__WindDir9am_SSE,0.010163087397813797,0.010163087397813797,-1.2762953042984009
37,cat__WindDir9am_SSW,0.0016578742070123553,0.0016578742070123553,-1.2762953042984009
37,cat__WindDir9am_SW,-0.00013657144154421985,0.00013657144154421985,-1.2762953042984009
37,cat__WindDir9am_W,-2.694651084311772e-05,2.694651084311772e-05,-1.2762953042984009
37,cat__WindDir9am_WNW,-6.654454045929015e-05,6.654454045929015e-05,-1.2762953042984009
37,cat__WindDir9am_WSW,4.318619176046923e-06,4.318619176046923e-06,-1.2762953042984009
37,cat__WindDir3pm_E,-0.0016046514501795173,0.0016046514501795173,-1.2762953042984009
37,cat__WindDir3pm_ENE,-0.00013074473827145994,0.00013074473827145994,-1.2762953042984009
37,cat__WindDir3pm_ESE,0.0008109996560961008,0.0008109996560961008,-1.2762953042984009
37,cat__WindDir3pm_N,-0.014081663452088833,0.014081663452088833,-1.2762953042984009
37,cat__WindDir3pm_NE,0.00024636805756017566,0.00024636805756017566,-1.2762953042984009
37,cat__WindDir3pm_NNE,-0.00042956197285093367,0.00042956197285093367,-1.2762953042984009
37,cat__WindDir3pm_NNW,-0.01983126625418663,0.01983126625418663,-1.2762953042984009
37,cat__WindDir3pm_NW,-0.016157226637005806,0.016157226637005806,-1.2762953042984009
37,cat__WindDir3pm_S,-0.00024654687149450183,0.00024654687149450183,-1.2762953042984009
37,cat__WindDir3pm_SE,0.003839402925223112,0.003839402925223112,-1.2762953042984009
37,cat__WindDir3pm_SSE,0.010506713762879372,0.010506713762879372,-1.2762953042984009
37,cat__WindDir3pm_SSW,-0.00027169683016836643,0.00027169683016836643,-1.2762953042984009
37,cat__WindDir3pm_SW,0.004202973563224077,0.004202973563224077,-1.2762953042984009
37,cat__WindDir3pm_W,3.470206866040826e-05,3.470206866040826e-05,-1.2762953042984009
37,cat__WindDir3pm_WNW,-0.005165239796042442,0.005165239796042442,-1.2762953042984009
37,cat__WindDir3pm_WSW,0.00012242261436767876,0.00012242261436767876,-1.2762953042984009
37,cat__Season_Autumn,-0.006988617591559887,0.006988617591559887,-1.2762953042984009
37,cat__Season_Spring,0.000277594750514254,0.000277594750514254,-1.2762953042984009
37,cat__Season_Summer,0.011053331196308136,0.011053331196308136,-1.2762953042984009
37,cat__Season_Winter,-0.018059173598885536,0.018059173598885536,-1.2762953042984009
37,cat__WindIntensityCategory_High,2.5962330255424604e-05,2.5962330255424604e-05,-1.2762953042984009
37,cat__WindIntensityCategory_Low,0.003551791189238429,0.003551791189238429,-1.2762953042984009
37,cat__WindIntensityCategory_Moderate,0.0021852117497473955,0.0021852117497473955,-1.2762953042984009
37,cat__WindIntensityCategory_VeryHigh,0.0,0.0,-1.2762953042984009
37,cat__RainToday_No,0.0,0.0,-1.2762953042984009
37,cat__RainToday_Yes,0.0,0.0,-1.2762953042984009
38,num__MinTemp,-0.08311152458190918,0.08311152458190918,-1.2762953042984009
38,num__MaxTemp,0.12583212554454803,0.12583212554454803,-1.2762953042984009
38,num__Rainfall,0.28803905844688416,0.28803905844688416,-1.2762953042984009
38,num__Evaporation,0.013705847784876823,0.013705847784876823,-1.2762953042984009
38,num__Sunshine,-0.04947933554649353,0.04947933554649353,-1.2762953042984009
38,num__WindGustSpeed,0.3489230275154114,0.3489230275154114,-1.2762953042984009
38,num__WindSpeed9am,-0.021618008613586426,0.021618008613586426,-1.2762953042984009
38,num__WindSpeed3pm,-0.003443604800850153,0.003443604800850153,-1.2762953042984009
38,num__Humidity9am,0.0726875513792038,0.0726875513792038,-1.2762953042984009
38,num__Humidity3pm,1.0484369993209839,1.0484369993209839,-1.2762953042984009
38,num__Pressure9am,0.0011726653901860118,0.0011726653901860118,-1.2762953042984009
38,num__Pressure3pm,0.53218013048172,0.53218013048172,-1.2762953042984009
38,num__Cloud9am,-0.012393240816891193,0.012393240816891193,-1.2762953042984009
38,num__Cloud3pm,0.11820966005325317,0.11820966005325317,-1.2762953042984009
38,num__Temp9am,-0.23770910501480103,0.23770910501480103,-1.2762953042984009
38,num__Temp3pm,0.07586971670389175,0.07586971670389175,-1.2762953042984009
38,num__TemperatureDifference,-0.038774523884058,0.038774523884058,-1.2762953042984009
38,num__AverageTemperature,0.019369367510080338,0.019369367510080338,-1.2762953042984009
38,num__HumidityIndex,0.04170557111501694,0.04170557111501694,-1.2762953042984009
38,num__PressureDifference,0.8740326166152954,0.8740326166152954,-1.2762953042984009
38,num__Month,-0.001725987996906042,0.001725987996906042,-1.2762953042984009
38,num__Quarter,0.0,0.0,-1.2762953042984009
38,num__DayOfYear,0.061842434108257294,0.061842434108257294,-1.2762953042984009
38,num__IsWeekend,-0.0007553026080131531,0.0007553026080131531,-1.2762953042984009
38,num__RainfallIndicator,0.0,0.0,-1.2762953042984009
38,num__RainTodayBinary,0.0,0.0,-1.2762953042984009
38,cat__Location_Adelaide,-0.021667486056685448,0.021667486056685448,-1.2762953042984009
38,cat__Location_Albany,-0.0026990389451384544,0.0026990389451384544,-1.2762953042984009
38,cat__Location_Albury,-0.004612776450812817,0.004612776450812817,-1.2762953042984009
38,cat__Location_AliceSprings,0.0005871066823601723,0.0005871066823601723,-1.2762953042984009
38,cat__Location_BadgerysCreek,-0.0013299924321472645,0.0013299924321472645,-1.2762953042984009
38,cat__Location_Ballarat,0.0016843746416270733,0.0016843746416270733,-1.2762953042984009
38,cat__Location_Bendigo,0.1145457997918129,0.1145457997918129,-1.2762953042984009
38,cat__Location_Brisbane,-0.004444146063178778,0.004444146063178778,-1.2762953042984009
38,cat__Location_Cairns,-0.0013478993205353618,0.0013478993205353618,-1.2762953042984009
38,cat__Location_Canberra,0.001284901169128716,0.001284901169128716,-1.2762953042984009
38,cat__Location_Cobar,-0.001751266187056899,0.001751266187056899,-1.2762953042984009
38,cat__Location_CoffsHarbour,0.0020895854104310274,0.0020895854104310274,-1.2762953042984009
38,cat__Location_Dartmoor,-0.0018186122179031372,0.0018186122179031372,-1.2762953042984009
38,cat__Location_Darwin,0.002599376253783703,0.002599376253783703,-1.2762953042984009
38,cat__Location_GoldCoast,0.004120705183595419,0.004120705183595419,-1.2762953042984009
38,cat__Location_Hobart,0.013583282008767128,0.013583282008767128,-1.2762953042984009
38,cat__Location_Katherine,0.0020765718072652817,0.0020765718072652817,-1.2762953042984009
38,cat__Location_Launceston,0.0018395684892311692,0.0018395684892311692,-1.2762953042984009
38,cat__Location_Melbourne,-0.0010808887891471386,0.0010808887891471386,-1.2762953042984009
38,cat__Location_MelbourneAirport,0.0006230291328392923,0.0006230291328392923,-1.2762953042984009
38,cat__Location_Mildura,0.000611730560194701,0.000611730560194701,-1.2762953042984009
38,cat__Location_Moree,0.00044204859295859933,0.00044204859295859933,-1.2762953042984009
38,cat__Location_MountGambier,-0.0011138461995869875,0.0011138461995869875,-1.2762953042984009
38,cat__Location_MountGinini,0.010947399772703648,0.010947399772703648,-1.2762953042984009
38,cat__Location_Newcastle,-2.834464430634398e-05,2.834464430634398e-05,-1.2762953042984009
38,cat__Location_Nhil,0.0005877834628336132,0.0005877834628336132,-1.2762953042984009
38,cat__Location_NorahHead,0.005357676185667515,0.005357676185667515,-1.2762953042984009
38,cat__Location_NorfolkIsland,0.0011250515235587955,0.0011250515235587955,-1.2762953042984009
38,cat__Location_Nuriootpa,4.219382753944956e-05,4.219382753944956e-05,-1.2762953042984009
38,cat__Location_PearceRAAF,-0.0063895476050674915,0.0063895476050674915,-1.2762953042984009
38,cat__Location_Penrith,-0.00512358732521534,0.00512358732521534,-1.2762953042984009
38,cat__Location_Perth,-0.01572912372648716,0.01572912372648716,-1.2762953042984009
38,cat__Location_PerthAirport,-0.010373182594776154,0.010373182594776154,-1.2762953042984009
38,cat__Location_Portland,-0.0014428909635171294,0.0014428909635171294,-1.2762953042984009
38,cat__Location_Richmond,0.0004694763047154993,0.0004694763047154993,-1.2762953042984009
38,cat__Location_Sale,0.006804412696510553,0.006804412696510553,-1.2762953042984009
38,cat__Location_SalmonGums,-0.0028880606405436993,0.0028880606405436993,-1.2762953042984009
38,cat__Location_Sydney,-0.0017643257742747664,0.0017643257742747664,-1.2762953042984009
38,cat__Location_SydneyAirport,0.0008071557967923582,0.0008071557967923582,-1.2762953042984009
38,cat__Location_Townsville,0.0071328552439808846,0.0071328552439808846,-1.2762953042984009
38,cat__Location_Tuggeranong,-0.0019541322253644466,0.0019541322253644466,-1.2762953042984009
38,cat__Location_Uluru,-9.26809516386129e-05,9.26809516386129e-05,-1.2762953042984009
38,cat__Location_WaggaWagga,-0.0029135497752577066,0.0029135497752577066,-1.2762953042984009
38,cat__Location_Walpole,-0.007202170789241791,0.007202170789241791,-1.2762953042984009
38,cat__Location_Watsonia,0.0004459690535441041,0.0004459690535441041,-1.2762953042984009
38,cat__Location_Williamtown,-0.0031134351156651974,0.0031134351156651974,-1.2762953042984009
38,cat__Location_Witchcliffe,-0.022469332441687584,0.022469332441687584,-1.2762953042984009
38,cat__Location_Wollongong,0.020788507536053658,0.020788507536053658,-1.2762953042984009
38,cat__Location_Woomera,0.0020217495039105415,0.0020217495039105415,-1.2762953042984009
38,cat__WindGustDir_E,0.0003661332302726805,0.0003661332302726805,-1.2762953042984009
38,cat__WindGustDir_ENE,-4.240516136633232e-05,4.240516136633232e-05,-1.2762953042984009
38,cat__WindGustDir_ESE,1.5050554793560877e-06,1.5050554793560877e-06,-1.2762953042984009
38,cat__WindGustDir_N,-4.218655885779299e-05,4.218655885779299e-05,-1.2762953042984009
38,cat__WindGustDir_NE,-0.0003395372477825731,0.0003395372477825731,-1.2762953042984009
38,cat__WindGustDir_NNE,-0.0001103721879189834,0.0001103721879189834,-1.2762953042984009
38,cat__WindGustDir_NNW,-0.000706238963175565,0.000706238963175565,-1.2762953042984009
38,cat__WindGustDir_NW,-0.0003120412293355912,0.0003120412293355912,-1.2762953042984009
38,cat__WindGustDir_S,-3.109136378043331e-05,3.109136378043331e-05,-1.2762953042984009
38,cat__WindGustDir_SE,-0.00041791898547671735,0.00041791898547671735,-1.2762953042984009
38,cat__WindGustDir_SSE,6.8747585828532465e-06,6.8747585828532465e-06,-1.2762953042984009
38,cat__WindGustDir_SSW,-0.0009482643799856305,0.0009482643799856305,-1.2762953042984009
38,cat__WindGustDir_SW,-0.0001943322131410241,0.0001943322131410241,-1.2762953042984009
38,cat__WindGustDir_W,-0.0008832587045617402,0.0008832587045617402,-1.2762953042984009
38,cat__WindGustDir_WNW,6.793407374061644e-05,6.793407374061644e-05,-1.2762953042984009
38,cat__WindGustDir_WSW,3.0436764063779265e-05,3.0436764063779265e-05,-1.2762953042984009
38,cat__WindDir9am_E,-0.0010954649187624454,0.0010954649187624454,-1.2762953042984009
38,cat__WindDir9am_ENE,-0.014377579092979431,0.014377579092979431,-1.2762953042984009
38,cat__WindDir9am_ESE,0.0019230956677347422,0.0019230956677347422,-1.2762953042984009
38,cat__WindDir9am_N,-0.014211609959602356,0.014211609959602356,-1.2762953042984009
38,cat__WindDir9am_NE,-0.0031022964976727962,0.0031022964976727962,-1.2762953042984009
38,cat__WindDir9am_NNE,-0.009273068979382515,0.009273068979382515,-1.2762953042984009
38,cat__WindDir9am_NNW,0.0001499604113632813,0.0001499604113632813,-1.2762953042984009
38,cat__WindDir9am_NW,-0.03356199339032173,0.03356199339032173,-1.2762953042984009
38,cat__WindDir9am_S,0.010411931201815605,0.010411931201815605,-1.2762953042984009
38,cat__WindDir9am_SE,1.722438719298225e-05,1.722438719298225e-05,-1.2762953042984009
38,cat__WindDir9am_SSE,0.00792836956679821,0.00792836956679821,-1.2762953042984009
38,cat__WindDir9am_SSW,-0.0012106994399800897,0.0012106994399800897,-1.2762953042984009
38,cat__WindDir9am_SW,-8.632589015178382e-05,8.632589015178382e-05,-1.2762953042984009
38,cat__WindDir9am_W,-7.235490920720622e-05,7.235490920720622e-05,-1.2762953042984009
38,cat__WindDir9am_WNW,7.853341230656952e-07,7.853341230656952e-07,-1.2762953042984009
38,cat__WindDir9am_WSW,2.455422691127751e-05,2.455422691127751e-05,-1.2762953042984009
38,cat__WindDir3pm_E,0.0014540934935212135,0.0014540934935212135,-1.2762953042984009
38,cat__WindDir3pm_ENE,-0.00013679717085324228,0.00013679717085324228,-1.2762953042984009
38,cat__WindDir3pm_ESE,0.0008351229480467737,0.0008351229480467737,-1.2762953042984009
38,cat__WindDir3pm_N,-0.003997731022536755,0.003997731022536755,-1.2762953042984009
38,cat__WindDir3pm_NE,0.000140176503919065,0.000140176503919065,-1.2762953042984009
38,cat__WindDir3pm_NNE,-0.0001579575182404369,0.0001579575182404369,-1.2762953042984009
38,cat__WindDir3pm_NNW,-0.009079070761799812,0.009079070761799812,-1.2762953042984009
38,cat__WindDir3pm_NW,0.09516796469688416,0.09516796469688416,-1.2762953042984009
38,cat__WindDir3pm_S,-0.00015627709217369556,0.00015627709217369556,-1.2762953042984009
38,cat__WindDir3pm_SE,-0.00011081952834501863,0.00011081952834501863,-1.2762953042984009
38,cat__WindDir3pm_SSE,0.009225021116435528,0.009225021116435528,-1.2762953042984009
38,cat__WindDir3pm_SSW,0.0031658862717449665,0.0031658862717449665,-1.2762953042984009
38,cat__WindDir3pm_SW,0.0016544978134334087,0.0016544978134334087,-1.2762953042984009
38,cat__WindDir3pm_W,-6.0382793890312314e-05,6.0382793890312314e-05,-1.2762953042984009
38,cat__WindDir3pm_WNW,-0.005631130188703537,0.005631130188703537,-1.2762953042984009
38,cat__WindDir3pm_WSW,0.000545760034583509,0.000545760034583509,-1.2762953042984009
38,cat__Season_Autumn,-0.0014854392502456903,0.0014854392502456903,-1.2762953042984009
38,cat__Season_Spring,9.881787991616875e-05,9.881787991616875e-05,-1.2762953042984009
38,cat__Season_Summer,0.015597057528793812,0.015597057528793812,-1.2762953042984009
38,cat__Season_Winter,-0.020671449601650238,0.020671449601650238,-1.2762953042984009
38,cat__WindIntensityCategory_High,4.441238706931472e-05,4.441238706931472e-05,-1.2762953042984009
38,cat__WindIntensityCategory_Low,-0.000704853271599859,0.000704853271599859,-1.2762953042984009
38,cat__WindIntensityCategory_Moderate,-0.003015067195519805,0.003015067195519805,-1.2762953042984009
38,cat__WindIntensityCategory_VeryHigh,0.0,0.0,-1.2762953042984009
38,cat__RainToday_No,0.0,0.0,-1.2762953042984009
38,cat__RainToday_Yes,0.0,0.0,-1.2762953042984009
39,num__MinTemp,-0.01821579970419407,0.01821579970419407,-1.2762953042984009
39,num__MaxTemp,-0.0940895602107048,0.0940895602107048,-1.2762953042984009
39,num__Rainfall,-0.19759251177310944,0.19759251177310944,-1.2762953042984009
39,num__Evaporation,0.008322915993630886,0.008322915993630886,-1.2762953042984009
39,num__Sunshine,-1.0000579357147217,1.0000579357147217,-1.2762953042984009
39,num__WindGustSpeed,-0.14543162286281586,0.14543162286281586,-1.2762953042984009
39,num__WindSpeed9am,0.007105228491127491,0.007105228491127491,-1.2762953042984009
39,num__WindSpeed3pm,-0.010392678901553154,0.010392678901553154,-1.2762953042984009
39,num__Humidity9am,-0.006886297836899757,0.006886297836899757,-1.2762953042984009
39,num__Humidity3pm,-0.21723726391792297,0.21723726391792297,-1.2762953042984009
39,num__Pressure9am,-0.010947320610284805,0.010947320610284805,-1.2762953042984009
39,num__Pressure3pm,-0.2896549105644226,0.2896549105644226,-1.2762953042984009
39,num__Cloud9am,-0.05070096626877785,0.05070096626877785,-1.2762953042984009
39,num__Cloud3pm,-0.5140724182128906,0.5140724182128906,-1.2762953042984009
39,num__Temp9am,-0.0075151207856833935,0.0075151207856833935,-1.2762953042984009
39,num__Temp3pm,0.017585964873433113,0.017585964873433113,-1.2762953042984009
39,num__TemperatureDifference,0.047226905822753906,0.047226905822753906,-1.2762953042984009
39,num__AverageTemperature,-0.022933200001716614,0.022933200001716614,-1.2762953042984009
39,num__HumidityIndex,0.03655083104968071,0.03655083104968071,-1.2762953042984009
39,num__PressureDifference,-0.01050770003348589,0.01050770003348589,-1.2762953042984009
39,num__Month,-0.0009054027032107115,0.0009054027032107115,-1.2762953042984009
39,num__Quarter,0.0,0.0,-1.2762953042984009
39,num__DayOfYear,0.003368465695530176,0.003368465695530176,-1.2762953042984009
39,num__IsWeekend,-0.0007850712863728404,0.0007850712863728404,-1.2762953042984009
39,num__RainfallIndicator,0.0,0.0,-1.2762953042984009
39,num__RainTodayBinary,0.0,0.0,-1.2762953042984009
39,cat__Location_Adelaide,-0.007998250424861908,0.007998250424861908,-1.2762953042984009
39,cat__Location_Albany,0.0005897281225770712,0.0005897281225770712,-1.2762953042984009
39,cat__Location_Albury,-0.007785470690578222,0.007785470690578222,-1.2762953042984009
39,cat__Location_AliceSprings,-0.0012764135608449578,0.0012764135608449578,-1.2762953042984009
39,cat__Location_BadgerysCreek,-0.0012754915514960885,0.0012754915514960885,-1.2762953042984009
39,cat__Location_Ballarat,0.0021987983491271734,0.0021987983491271734,-1.2762953042984009
39,cat__Location_Bendigo,-0.001869248109869659,0.001869248109869659,-1.2762953042984009
39,cat__Location_Brisbane,-0.007630722131580114,0.007630722131580114,-1.2762953042984009
39,cat__Location_Cairns,-0.0036872918717563152,0.0036872918717563152,-1.2762953042984009
39,cat__Location_Canberra,-0.0023338203318417072,0.0023338203318417072,-1.2762953042984009
39,cat__Location_Cobar,-0.002080317586660385,0.002080317586660385,-1.2762953042984009
39,cat__Location_CoffsHarbour,0.0012051287340000272,0.0012051287340000272,-1.2762953042984009
39,cat__Location_Dartmoor,-0.0005094622611068189,0.0005094622611068189,-1.2762953042984009
39,cat__Location_Darwin,0.009532572701573372,0.009532572701573372,-1.2762953042984009
39,cat__Location_GoldCoast,0.0030030186753720045,0.0030030186753720045,-1.2762953042984009
39,cat__Location_Hobart,0.007282446138560772,0.007282446138560772,-1.2762953042984009
39,cat__Location_Katherine,0.0034131587017327547,0.0034131587017327547,-1.2762953042984009
39,cat__Location_Launceston,0.0014374664751812816,0.0014374664751812816,-1.2762953042984009
39,cat__Location_Melbourne,-0.0012014966923743486,0.0012014966923743486,-1.2762953042984009
39,cat__Location_MelbourneAirport,0.0030704352539032698,0.0030704352539032698,-1.2762953042984009
39,cat__Location_Mildura,7.986751734279096e-05,7.986751734279096e-05,-1.2762953042984009
39,cat__Location_Moree,8.55759863043204e-05,8.55759863043204e-05,-1.2762953042984009
39,cat__Location_MountGambier,-0.00033763700048439205,0.00033763700048439205,-1.2762953042984009
39,cat__Location_MountGinini,-0.002414965070784092,0.002414965070784092,-1.2762953042984009
39,cat__Location_Newcastle,-3.463657048996538e-05,3.463657048996538e-05,-1.2762953042984009
39,cat__Location_Nhil,0.0007220553234219551,0.0007220553234219551,-1.2762953042984009
39,cat__Location_NorahHead,0.013135694898664951,0.013135694898664951,-1.2762953042984009
39,cat__Location_NorfolkIsland,-0.00048023456474766135,0.00048023456474766135,-1.2762953042984009
39,cat__Location_Nuriootpa,6.745783321093768e-05,6.745783321093768e-05,-1.2762953042984009
39,cat__Location_PearceRAAF,-0.0027551089879125357,0.0027551089879125357,-1.2762953042984009
39,cat__Location_Penrith,-0.004180157091468573,0.004180157091468573,-1.2762953042984009
39,cat__Location_Perth,-0.010214706882834435,0.010214706882834435,-1.2762953042984009
39,cat__Location_PerthAirport,-0.002343264175578952,0.002343264175578952,-1.2762953042984009
39,cat__Location_Portland,-0.00019337213598191738,0.00019337213598191738,-1.2762953042984009
39,cat__Location_Richmond,-0.0009955849964171648,0.0009955849964171648,-1.2762953042984009
39,cat__Location_Sale,0.003260541008785367,0.003260541008785367,-1.2762953042984009
39,cat__Location_SalmonGums,-0.005656001623719931,0.005656001623719931,-1.2762953042984009
39,cat__Location_Sydney,0.0703316256403923,0.0703316256403923,-1.2762953042984009
39,cat__Location_SydneyAirport,9.40583340707235e-05,9.40583340707235e-05,-1.2762953042984009
39,cat__Location_Townsville,0.017641402781009674,0.017641402781009674,-1.2762953042984009
39,cat__Location_Tuggeranong,-0.00664781779050827,0.00664781779050827,-1.2762953042984009
39,cat__Location_Uluru,0.00017736776499077678,0.00017736776499077678,-1.2762953042984009
39,cat__Location_WaggaWagga,-0.004089591093361378,0.004089591093361378,-1.2762953042984009
39,cat__Location_Walpole,-0.000300651096040383,0.000300651096040383,-1.2762953042984009
39,cat__Location_Watsonia,0.0011593784438446164,0.0011593784438446164,-1.2762953042984009
39,cat__Location_Williamtown,-0.005356659647077322,0.005356659647077322,-1.2762953042984009
39,cat__Location_Witchcliffe,-0.0071395039558410645,0.0071395039558410645,-1.2762953042984009
39,cat__Location_Wollongong,0.017751377075910568,0.017751377075910568,-1.2762953042984009
39,cat__Location_Woomera,0.002044841879978776,0.002044841879978776,-1.2762953042984009
39,cat__WindGustDir_E,0.00036313035525381565,0.00036313035525381565,-1.2762953042984009
39,cat__WindGustDir_ENE,-0.00024892803048714995,0.00024892803048714995,-1.2762953042984009
39,cat__WindGustDir_ESE,-9.070124360732734e-05,9.070124360732734e-05,-1.2762953042984009
39,cat__WindGustDir_N,-0.0009234489989466965,0.0009234489989466965,-1.2762953042984009
39,cat__WindGustDir_NE,0.00013215711805969477,0.00013215711805969477,-1.2762953042984009
39,cat__WindGustDir_NNE,0.00029187044128775597,0.00029187044128775597,-1.2762953042984009
39,cat__WindGustDir_NNW,-0.00021868746262043715,0.00021868746262043715,-1.2762953042984009
39,cat__WindGustDir_NW,-0.00040805593016557395,0.00040805593016557395,-1.2762953042984009
39,cat__WindGustDir_S,-2.112848960678093e-05,2.112848960678093e-05,-1.2762953042984009
39,cat__WindGustDir_SE,-0.0008091498166322708,0.0008091498166322708,-1.2762953042984009
39,cat__WindGustDir_SSE,-4.457602699403651e-05,4.457602699403651e-05,-1.2762953042984009
39,cat__WindGustDir_SSW,0.00020053843036293983,0.00020053843036293983,-1.2762953042984009
39,cat__WindGustDir_SW,3.5262739402242005e-05,3.5262739402242005e-05,-1.2762953042984009
39,cat__WindGustDir_W,0.007711037993431091,0.007711037993431091,-1.2762953042984009
39,cat__WindGustDir_WNW,-0.001319045783020556,0.001319045783020556,-1.2762953042984009
39,cat__WindGustDir_WSW,1.1517411621753126e-05,1.1517411621753126e-05,-1.2762953042984009
39,cat__WindDir9am_E,0.0011966556776314974,0.0011966556776314974,-1.2762953042984009
39,cat__WindDir9am_ENE,-0.0017961872508749366,0.0017961872508749366,-1.2762953042984009
39,cat__WindDir9am_ESE,0.002867538947612047,0.002867538947612047,-1.2762953042984009
39,cat__WindDir9am_N,-0.015458687208592892,0.015458687208592892,-1.2762953042984009
39,cat__WindDir9am_NE,-0.0018841929268091917,0.0018841929268091917,-1.2762953042984009
39,cat__WindDir9am_NNE,-0.00800158642232418,0.00800158642232418,-1.2762953042984009
39,cat__WindDir9am_NNW,0.006621637847274542,0.006621637847274542,-1.2762953042984009
39,cat__WindDir9am_NW,-0.0010581813985481858,0.0010581813985481858,-1.2762953042984009
39,cat__WindDir9am_S,0.008028020150959492,0.008028020150959492,-1.2762953042984009
39,cat__WindDir9am_SE,5.397962013375945e-06,5.397962013375945e-06,-1.2762953042984009
39,cat__WindDir9am_SSE,0.007940996438264847,0.007940996438264847,-1.2762953042984009
39,cat__WindDir9am_SSW,0.0018672362202778459,0.0018672362202778459,-1.2762953042984009
39,cat__WindDir9am_SW,-6.124754145275801e-05,6.124754145275801e-05,-1.2762953042984009
39,cat__WindDir9am_W,-9.602097634342499e-06,9.602097634342499e-06,-1.2762953042984009
39,cat__WindDir9am_WNW,2.0536095689749345e-05,2.0536095689749345e-05,-1.2762953042984009
39,cat__WindDir9am_WSW,-2.572079756646417e-05,2.572079756646417e-05,-1.2762953042984009
39,cat__WindDir3pm_E,0.0005562967271544039,0.0005562967271544039,-1.2762953042984009
39,cat__WindDir3pm_ENE,0.0027885439340025187,0.0027885439340025187,-1.2762953042984009
39,cat__WindDir3pm_ESE,0.0008184279431588948,0.0008184279431588948,-1.2762953042984009
39,cat__WindDir3pm_N,-0.0029304642230272293,0.0029304642230272293,-1.2762953042984009
39,cat__WindDir3pm_NE,0.0003835532406810671,0.0003835532406810671,-1.2762953042984009
39,cat__WindDir3pm_NNE,-0.0003695533378049731,0.0003695533378049731,-1.2762953042984009
39,cat__WindDir3pm_NNW,-0.01171034574508667,0.01171034574508667,-1.2762953042984009
39,cat__WindDir3pm_NW,-0.01584194228053093,0.01584194228053093,-1.2762953042984009
39,cat__WindDir3pm_S,-0.00022562910453416407,0.00022562910453416407,-1.2762953042984009
39,cat__WindDir3pm_SE,-0.00012972661352250725,0.00012972661352250725,-1.2762953042984009
39,cat__WindDir3pm_SSE,0.0018481084844097495,0.0018481084844097495,-1.2762953042984009
39,cat__WindDir3pm_SSW,-0.002619792241603136,0.002619792241603136,-1.2762953042984009
39,cat__WindDir3pm_SW,0.004226980730891228,0.004226980730891228,-1.2762953042984009
39,cat__WindDir3pm_W,6.066722562536597e-05,6.066722562536597e-05,-1.2762953042984009
39,cat__WindDir3pm_WNW,-0.004984433297067881,0.004984433297067881,-1.2762953042984009
39,cat__WindDir3pm_WSW,0.00016074767336249352,0.00016074767336249352,-1.2762953042984009
39,cat__Season_Autumn,-0.00280333892442286,0.00280333892442286,-1.2762953042984009
39,cat__Season_Spring,0.0007406253134831786,0.0007406253134831786,-1.2762953042984009
39,cat__Season_Summer,0.0025671101175248623,0.0025671101175248623,-1.2762953042984009
39,cat__Season_Winter,0.002927168272435665,0.002927168272435665,-1.2762953042984009
39,cat__WindIntensityCategory_High,2.5962330255424604e-05,2.5962330255424604e-05,-1.2762953042984009
39,cat__WindIntensityCategory_Low,-0.0003204699605703354,0.0003204699605703354,-1.2762953042984009
39,cat__WindIntensityCategory_Moderate,-0.0017206569900736213,0.0017206569900736213,-1.2762953042984009
39,cat__WindIntensityCategory_VeryHigh,0.0,0.0,-1.2762953042984009
39,cat__RainToday_No,0.0,0.0,-1.2762953042984009
39,cat__RainToday_Yes,0.0,0.0,-1.2762953042984009
40,num__MinTemp,0.00567981693893671,0.00567981693893671,-1.2762953042984009
40,num__MaxTemp,0.019966358318924904,0.019966358318924904,-1.2762953042984009
40,num__Rainfall,-0.20209500193595886,0.20209500193595886,-1.2762953042984009
40,num__Evaporation,0.01099506113678217,0.01099506113678217,-1.2762953042984009
40,num__Sunshine,-0.0085416529327631,0.0085416529327631,-1.2762953042984009
40,num__WindGustSpeed,-0.0013712202198803425,0.0013712202198803425,-1.2762953042984009
40,num__WindSpeed9am,-0.05792643874883652,0.05792643874883652,-1.2762953042984009
40,num__WindSpeed3pm,0.029235200956463814,0.029235200956463814,-1.2762953042984009
40,num__Humidity9am,-0.02800634875893593,0.02800634875893593,-1.2762953042984009
40,num__Humidity3pm,-0.2099977731704712,0.2099977731704712,-1.2762953042984009
40,num__Pressure9am,0.007621246390044689,0.007621246390044689,-1.2762953042984009
40,num__Pressure3pm,-0.4388880431652069,0.4388880431652069,-1.2762953042984009
40,num__Cloud9am,0.035308558493852615,0.035308558493852615,-1.2762953042984009
40,num__Cloud3pm,-0.02168952114880085,0.02168952114880085,-1.2762953042984009
40,num__Temp9am,-0.07865159958600998,0.07865159958600998,-1.2762953042984009
40,num__Temp3pm,0.0035840694326907396,0.0035840694326907396,-1.2762953042984009
40,num__TemperatureDifference,0.045408036559820175,0.045408036559820175,-1.2762953042984009
40,num__AverageTemperature,-0.0020179476123303175,0.0020179476123303175,-1.2762953042984009
40,num__HumidityIndex,0.035046085715293884,0.035046085715293884,-1.2762953042984009
40,num__PressureDifference,-0.011953772976994514,0.011953772976994514,-1.2762953042984009
40,num__Month,-8.89845032361336e-05,8.89845032361336e-05,-1.2762953042984009
40,num__Quarter,0.0,0.0,-1.2762953042984009
40,num__DayOfYear,0.02015882171690464,0.02015882171690464,-1.2762953042984009
40,num__IsWeekend,-0.0010844123316928744,0.0010844123316928744,-1.2762953042984009
40,num__RainfallIndicator,0.0,0.0,-1.2762953042984009
40,num__RainTodayBinary,0.0,0.0,-1.2762953042984009
40,cat__Location_Adelaide,-0.009940255433321,0.009940255433321,-1.2762953042984009
40,cat__Location_Albany,-0.00021304779511410743,0.00021304779511410743,-1.2762953042984009
40,cat__Location_Albury,-0.003118563909083605,0.003118563909083605,-1.2762953042984009
40,cat__Location_AliceSprings,0.0006805566954426467,0.0006805566954426467,-1.2762953042984009
40,cat__Location_BadgerysCreek,-0.0012229636777192354,0.0012229636777192354,-1.2762953042984009
40,cat__Location_Ballarat,0.0063956682570278645,0.0063956682570278645,-1.2762953042984009
40,cat__Location_Bendigo,-0.0005283196805976331,0.0005283196805976331,-1.2762953042984009
40,cat__Location_Brisbane,-0.009568523615598679,0.009568523615598679,-1.2762953042984009
40,cat__Location_Cairns,-0.010508937761187553,0.010508937761187553,-1.2762953042984009
40,cat__Location_Canberra,0.0009868433699011803,0.0009868433699011803,-1.2762953042984009
40,cat__Location_Cobar,0.001151209115050733,0.001151209115050733,-1.2762953042984009
40,cat__Location_CoffsHarbour,-0.0034116466995328665,0.0034116466995328665,-1.2762953042984009
40,cat__Location_Dartmoor,-0.0004948204732500017,0.0004948204732500017,-1.2762953042984009
40,cat__Location_Darwin,0.009615082293748856,0.009615082293748856,-1.2762953042984009
40,cat__Location_GoldCoast,0.004082981497049332,0.004082981497049332,-1.2762953042984009
40,cat__Location_Hobart,0.00991857424378395,0.00991857424378395,-1.2762953042984009
40,cat__Location_Katherine,0.004363474436104298,0.004363474436104298,-1.2762953042984009
40,cat__Location_Launceston,0.0006988011300563812,0.0006988011300563812,-1.2762953042984009
40,cat__Location_Melbourne,-0.0013039674377068877,0.0013039674377068877,-1.2762953042984009
40,cat__Location_MelbourneAirport,0.006364237517118454,0.006364237517118454,-1.2762953042984009
40,cat__Location_Mildura,0.00020048148871865124,0.00020048148871865124,-1.2762953042984009
40,cat__Location_Moree,0.00044204859295859933,0.00044204859295859933,-1.2762953042984009
40,cat__Location_MountGambier,-1.2483185855671763e-05,1.2483185855671763e-05,-1.2762953042984009
40,cat__Location_MountGinini,0.010498913936316967,0.010498913936316967,-1.2762953042984009
40,cat__Location_Newcastle,-3.4636574127944186e-05,3.4636574127944186e-05,-1.2762953042984009
40,cat__Location_Nhil,0.001747581292875111,0.001747581292875111,-1.2762953042984009
40,cat__Location_NorahHead,-0.001522618462331593,0.001522618462331593,-1.2762953042984009
40,cat__Location_NorfolkIsland,0.0013236365048214793,0.0013236365048214793,-1.2762953042984009
40,cat__Location_Nuriootpa,6.817508983658627e-05,6.817508983658627e-05,-1.2762953042984009
40,cat__Location_PearceRAAF,-0.0024177718441933393,0.0024177718441933393,-1.2762953042984009
40,cat__Location_Penrith,-0.005094029940664768,0.005094029940664768,-1.2762953042984009
40,cat__Location_Perth,-0.005943675991147757,0.005943675991147757,-1.2762953042984009
40,cat__Location_PerthAirport,-0.0023491184692829847,0.0023491184692829847,-1.2762953042984009
40,cat__Location_Portland,-0.0035415377933532,0.0035415377933532,-1.2762953042984009
40,cat__Location_Richmond,-0.0007632892811670899,0.0007632892811670899,-1.2762953042984009
40,cat__Location_Sale,0.005295139737427235,0.005295139737427235,-1.2762953042984009
40,cat__Location_SalmonGums,-0.002926926827058196,0.002926926827058196,-1.2762953042984009
40,cat__Location_Sydney,-0.00846108514815569,0.00846108514815569,-1.2762953042984009
40,cat__Location_SydneyAirport,4.939644713886082e-05,4.939644713886082e-05,-1.2762953042984009
40,cat__Location_Townsville,0.016589434817433357,0.016589434817433357,-1.2762953042984009
40,cat__Location_Tuggeranong,0.0975075513124466,0.0975075513124466,-1.2762953042984009
40,cat__Location_Uluru,0.00017736776499077678,0.00017736776499077678,-1.2762953042984009
40,cat__Location_WaggaWagga,-0.0012613522121682763,0.0012613522121682763,-1.2762953042984009
40,cat__Location_Walpole,-0.0025889116805046797,0.0025889116805046797,-1.2762953042984009
40,cat__Location_Watsonia,0.0003567440144252032,0.0003567440144252032,-1.2762953042984009
40,cat__Location_Williamtown,-0.010418258607387543,0.010418258607387543,-1.2762953042984009
40,cat__Location_Witchcliffe,-0.011007740162312984,0.011007740162312984,-1.2762953042984009
40,cat__Location_Wollongong,0.01721559278666973,0.01721559278666973,-1.2762953042984009
40,cat__Location_Woomera,0.001980524742975831,0.001980524742975831,-1.2762953042984009
40,cat__WindGustDir_E,0.00040956935845315456,0.00040956935845315456,-1.2762953042984009
40,cat__WindGustDir_ENE,-0.00010854681022465229,0.00010854681022465229,-1.2762953042984009
40,cat__WindGustDir_ESE,-0.0017054220661520958,0.0017054220661520958,-1.2762953042984009
40,cat__WindGustDir_N,-0.0007310445071198046,0.0007310445071198046,-1.2762953042984009
40,cat__WindGustDir_NE,-0.0006030881777405739,0.0006030881777405739,-1.2762953042984009
40,cat__WindGustDir_NNE,-0.00018020247807726264,0.00018020247807726264,-1.2762953042984009
40,cat__WindGustDir_NNW,-0.00026945039280690253,0.00026945039280690253,-1.2762953042984009
40,cat__WindGustDir_NW,-0.0003626882389653474,0.0003626882389653474,-1.2762953042984009
40,cat__WindGustDir_S,0.001148552866652608,0.001148552866652608,-1.2762953042984009
40,cat__WindGustDir_SE,0.00021875367383472621,0.00021875367383472621,-1.2762953042984009
40,cat__WindGustDir_SSE,-2.5157001800835133e-05,2.5157001800835133e-05,-1.2762953042984009
40,cat__WindGustDir_SSW,0.0002333381271455437,0.0002333381271455437,-1.2762953042984009
40,cat__WindGustDir_SW,-0.00014863201067782938,0.00014863201067782938,-1.2762953042984009
40,cat__WindGustDir_W,-0.001297435024753213,0.001297435024753213,-1.2762953042984009
40,cat__WindGustDir_WNW,-4.3193664168938994e-05,4.3193664168938994e-05,-1.2762953042984009
40,cat__WindGustDir_WSW,-3.0067771149333566e-05,3.0067771149333566e-05,-1.2762953042984009
40,cat__WindDir9am_E,0.001117968000471592,0.001117968000471592,-1.2762953042984009
40,cat__WindDir9am_ENE,-0.0010699804406613111,0.0010699804406613111,-1.2762953042984009
40,cat__WindDir9am_ESE,0.0028601516969501972,0.0028601516969501972,-1.2762953042984009
40,cat__WindDir9am_N,-0.01747850887477398,0.01747850887477398,-1.2762953042984009
40,cat__WindDir9am_NE,-0.0022950032725930214,0.0022950032725930214,-1.2762953042984009
40,cat__WindDir9am_NNE,-0.0004374968120828271,0.0004374968120828271,-1.2762953042984009
40,cat__WindDir9am_NNW,-3.8704594771843404e-05,3.8704594771843404e-05,-1.2762953042984009
40,cat__WindDir9am_NW,-0.0010090029099956155,0.0010090029099956155,-1.2762953042984009
40,cat__WindDir9am_S,-0.1770988553762436,0.1770988553762436,-1.2762953042984009
40,cat__WindDir9am_SE,5.397962013375945e-06,5.397962013375945e-06,-1.2762953042984009
40,cat__WindDir9am_SSE,0.007404654286801815,0.007404654286801815,-1.2762953042984009
40,cat__WindDir9am_SSW,-0.00012199206685181707,0.00012199206685181707,-1.2762953042984009
40,cat__WindDir9am_SW,-0.00011467110016383231,0.00011467110016383231,-1.2762953042984009
40,cat__WindDir9am_W,-7.635054498678073e-05,7.635054498678073e-05,-1.2762953042984009
40,cat__WindDir9am_WNW,-3.05161411233712e-05,3.05161411233712e-05,-1.2762953042984009
40,cat__WindDir9am_WSW,3.454600664554164e-05,3.454600664554164e-05,-1.2762953042984009
40,cat__WindDir3pm_E,0.001455846126191318,0.001455846126191318,-1.2762953042984009
40,cat__WindDir3pm_ENE,-0.00011470195022411644,0.00011470195022411644,-1.2762953042984009
40,cat__WindDir3pm_ESE,0.0007052447181195021,0.0007052447181195021,-1.2762953042984009
40,cat__WindDir3pm_N,-0.0016768143977969885,0.0016768143977969885,-1.2762953042984009
40,cat__WindDir3pm_NE,-0.000992634566500783,0.000992634566500783,-1.2762953042984009
40,cat__WindDir3pm_NNE,-0.00039776682388037443,0.00039776682388037443,-1.2762953042984009
40,cat__WindDir3pm_NNW,-0.00985464733093977,0.00985464733093977,-1.2762953042984009
40,cat__WindDir3pm_NW,-0.009426646865904331,0.009426646865904331,-1.2762953042984009
40,cat__WindDir3pm_S,-0.00031902207410894334,0.00031902207410894334,-1.2762953042984009
40,cat__WindDir3pm_SE,0.0026578994002193213,0.0026578994002193213,-1.2762953042984009
40,cat__WindDir3pm_SSE,0.008853232488036156,0.008853232488036156,-1.2762953042984009
40,cat__WindDir3pm_SSW,0.0032278115395456553,0.0032278115395456553,-1.2762953042984009
40,cat__WindDir3pm_SW,0.004224625416100025,0.004224625416100025,-1.2762953042984009
40,cat__WindDir3pm_W,2.4974578991532326e-05,2.4974578991532326e-05,-1.2762953042984009
40,cat__WindDir3pm_WNW,-0.008589228615164757,0.008589228615164757,-1.2762953042984009
40,cat__WindDir3pm_WSW,0.0004482189833652228,0.0004482189833652228,-1.2762953042984009
40,cat__Season_Autumn,-0.002926900517195463,0.002926900517195463,-1.2762953042984009
40,cat__Season_Spring,0.00021546352945733815,0.00021546352945733815,-1.2762953042984009
40,cat__Season_Summer,0.016285689547657967,0.016285689547657967,-1.2762953042984009
40,cat__Season_Winter,-0.018884843215346336,0.018884843215346336,-1.2762953042984009
40,cat__WindIntensityCategory_High,2.5962330255424604e-05,2.5962330255424604e-05,-1.2762953042984009
40,cat__WindIntensityCategory_Low,-0.0007004101644270122,0.0007004101644270122,-1.2762953042984009
40,cat__WindIntensityCategory_Moderate,-0.0036721909418702126,0.0036721909418702126,-1.2762953042984009
40,cat__WindIntensityCategory_VeryHigh,0.0,0.0,-1.2762953042984009
40,cat__RainToday_No,0.0,0.0,-1.2762953042984009
40,cat__RainToday_Yes,0.0,0.0,-1.2762953042984009
41,num__MinTemp,-0.12877056002616882,0.12877056002616882,-1.2762953042984009
41,num__MaxTemp,0.02083052322268486,0.02083052322268486,-1.2762953042984009
41,num__Rainfall,-0.15082837641239166,0.15082837641239166,-1.2762953042984009
41,num__Evaporation,-0.011389893479645252,0.011389893479645252,-1.2762953042984009
41,num__Sunshine,-0.2818215787410736,0.2818215787410736,-1.2762953042984009
41,num__WindGustSpeed,0.06349076330661774,0.06349076330661774,-1.2762953042984009
41,num__WindSpeed9am,0.02271614596247673,0.02271614596247673,-1.2762953042984009
41,num__WindSpeed3pm,0.008521406911313534,0.008521406911313534,-1.2762953042984009
41,num__Humidity9am,0.0008962603751569986,0.0008962603751569986,-1.2762953042984009
41,num__Humidity3pm,-0.7181011438369751,0.7181011438369751,-1.2762953042984009
41,num__Pressure9am,-0.4027085304260254,0.4027085304260254,-1.2762953042984009
41,num__Pressure3pm,-0.6223018765449524,0.6223018765449524,-1.2762953042984009
41,num__Cloud9am,0.005720139015465975,0.005720139015465975,-1.2762953042984009
41,num__Cloud3pm,-0.35983166098594666,0.35983166098594666,-1.2762953042984009
41,num__Temp9am,-0.19593322277069092,0.19593322277069092,-1.2762953042984009
41,num__Temp3pm,-0.008883996866643429,0.008883996866643429,-1.2762953042984009
41,num__TemperatureDifference,-0.09327320754528046,0.09327320754528046,-1.2762953042984009
41,num__AverageTemperature,-0.009307153522968292,0.009307153522968292,-1.2762953042984009
41,num__HumidityIndex,-0.03696688637137413,0.03696688637137413,-1.2762953042984009
41,num__PressureDifference,-0.07999568432569504,0.07999568432569504,-1.2762953042984009
41,num__Month,0.0005015991046093404,0.0005015991046093404,-1.2762953042984009
41,num__Quarter,0.0,0.0,-1.2762953042984009
41,num__DayOfYear,0.048190705478191376,0.048190705478191376,-1.2762953042984009
41,num__IsWeekend,-0.0009538033045828342,0.0009538033045828342,-1.2762953042984009
41,num__RainfallIndicator,0.0,0.0,-1.2762953042984009
41,num__RainTodayBinary,0.0,0.0,-1.2762953042984009
41,cat__Location_Adelaide,-0.014485510066151619,0.014485510066151619,-1.2762953042984009
41,cat__Location_Albany,-0.0001714791142148897,0.0001714791142148897,-1.2762953042984009
41,cat__Location_Albury,-0.006612501572817564,0.006612501572817564,-1.2762953042984009
41,cat__Location_AliceSprings,0.0024756477214396,0.0024756477214396,-1.2762953042984009
41,cat__Location_BadgerysCreek,-0.0014339350163936615,0.0014339350163936615,-1.2762953042984009
41,cat__Location_Ballarat,0.005953117273747921,0.005953117273747921,-1.2762953042984009
41,cat__Location_Bendigo,-0.0006558644236065447,0.0006558644236065447,-1.2762953042984009
41,cat__Location_Brisbane,-0.009351135231554508,0.009351135231554508,-1.2762953042984009
41,cat__Location_Cairns,-0.0027054445818066597,0.0027054445818066597,-1.2762953042984009
41,cat__Location_Canberra,0.0010835911380127072,0.0010835911380127072,-1.2762953042984009
41,cat__Location_Cobar,0.0009757967200130224,0.0009757967200130224,-1.2762953042984009
41,cat__Location_CoffsHarbour,-0.009506948292255402,0.009506948292255402,-1.2762953042984009
41,cat__Location_Dartmoor,-0.002277442254126072,0.002277442254126072,-1.2762953042984009
41,cat__Location_Darwin,0.007673598360270262,0.007673598360270262,-1.2762953042984009
41,cat__Location_GoldCoast,0.0037595743779093027,0.0037595743779093027,-1.2762953042984009
41,cat__Location_Hobart,0.007373319007456303,0.007373319007456303,-1.2762953042984009
41,cat__Location_Katherine,0.0072921873070299625,0.0072921873070299625,-1.2762953042984009
41,cat__Location_Launceston,0.001886695041321218,0.001886695041321218,-1.2762953042984009
41,cat__Location_Melbourne,-0.0017130274791270494,0.0017130274791270494,-1.2762953042984009
41,cat__Location_MelbourneAirport,-0.21221253275871277,0.21221253275871277,-1.2762953042984009
41,cat__Location_Mildura,0.000637902703601867,0.000637902703601867,-1.2762953042984009
41,cat__Location_Moree,0.00044204859295859933,0.00044204859295859933,-1.2762953042984009
41,cat__Location_MountGambier,-0.0008868061704561114,0.0008868061704561114,-1.2762953042984009
41,cat__Location_MountGinini,0.008526649326086044,0.008526649326086044,-1.2762953042984009
41,cat__Location_Newcastle,-3.463657048996538e-05,3.463657048996538e-05,-1.2762953042984009
41,cat__Location_Nhil,0.0017078436212614179,0.0017078436212614179,-1.2762953042984009
41,cat__Location_NorahHead,0.00029053681646473706,0.00029053681646473706,-1.2762953042984009
41,cat__Location_NorfolkIsland,0.001115549122914672,0.001115549122914672,-1.2762953042984009
41,cat__Location_Nuriootpa,6.817508983658627e-05,6.817508983658627e-05,-1.2762953042984009
41,cat__Location_PearceRAAF,-0.00495672132819891,0.00495672132819891,-1.2762953042984009
41,cat__Location_Penrith,-0.003485923632979393,0.003485923632979393,-1.2762953042984009
41,cat__Location_Perth,-0.006599621381610632,0.006599621381610632,-1.2762953042984009
41,cat__Location_PerthAirport,-0.004057507961988449,0.004057507961988449,-1.2762953042984009
41,cat__Location_Portland,-0.004011866636574268,0.004011866636574268,-1.2762953042984009
41,cat__Location_Richmond,-0.00037836001138202846,0.00037836001138202846,-1.2762953042984009
41,cat__Location_Sale,0.006979429163038731,0.006979429163038731,-1.2762953042984009
41,cat__Location_SalmonGums,-0.004836231470108032,0.004836231470108032,-1.2762953042984009
41,cat__Location_Sydney,-0.012469778768718243,0.012469778768718243,-1.2762953042984009
41,cat__Location_SydneyAirport,4.939644713886082e-05,4.939644713886082e-05,-1.2762953042984009
41,cat__Location_Townsville,0.017059026286005974,0.017059026286005974,-1.2762953042984009
41,cat__Location_Tuggeranong,-0.003104919334873557,0.003104919334873557,-1.2762953042984009
41,cat__Location_Uluru,0.00017736776499077678,0.00017736776499077678,-1.2762953042984009
41,cat__Location_WaggaWagga,-0.0012785115977749228,0.0012785115977749228,-1.2762953042984009
41,cat__Location_Walpole,-0.0014554740628227592,0.0014554740628227592,-1.2762953042984009
41,cat__Location_Watsonia,0.0003801315324380994,0.0003801315324380994,-1.2762953042984009
41,cat__Location_Williamtown,-0.022521037608385086,0.022521037608385086,-1.2762953042984009
41,cat__Location_Witchcliffe,-0.008932418189942837,0.008932418189942837,-1.2762953042984009
41,cat__Location_Wollongong,0.007330011110752821,0.007330011110752821,-1.2762953042984009
41,cat__Location_Woomera,0.0028047305531799793,0.0028047305531799793,-1.2762953042984009
41,cat__WindGustDir_E,0.00043835543328896165,0.00043835543328896165,-1.2762953042984009
41,cat__WindGustDir_ENE,-0.00011179315333720297,0.00011179315333720297,-1.2762953042984009
41,cat__WindGustDir_ESE,-3.2566986192250624e-05,3.2566986192250624e-05,-1.2762953042984009
41,cat__WindGustDir_N,0.010684384033083916,0.010684384033083916,-1.2762953042984009
41,cat__WindGustDir_NE,-0.0002954259398393333,0.0002954259398393333,-1.2762953042984009
41,cat__WindGustDir_NNE,0.0014549624174833298,0.0014549624174833298,-1.2762953042984009
41,cat__WindGustDir_NNW,-0.00011428674770286307,0.00011428674770286307,-1.2762953042984009
41,cat__WindGustDir_NW,-0.0003370038466528058,0.0003370038466528058,-1.2762953042984009
41,cat__WindGustDir_S,-7.267212367878528e-06,7.267212367878528e-06,-1.2762953042984009
41,cat__WindGustDir_SE,-0.0004560740489978343,0.0004560740489978343,-1.2762953042984009
41,cat__WindGustDir_SSE,-6.92970643285662e-05,6.92970643285662e-05,-1.2762953042984009
41,cat__WindGustDir_SSW,0.00015781827096361667,0.00015781827096361667,-1.2762953042984009
41,cat__WindGustDir_SW,-0.00134750094730407,0.00134750094730407,-1.2762953042984009
41,cat__WindGustDir_W,-0.0008389806025661528,0.0008389806025661528,-1.2762953042984009
41,cat__WindGustDir_WNW,-0.0002642306499183178,0.0002642306499183178,-1.2762953042984009
41,cat__WindGustDir_WSW,-7.899974298197776e-05,7.899974298197776e-05,-1.2762953042984009
41,cat__WindDir9am_E,0.001192988594993949,0.001192988594993949,-1.2762953042984009
41,cat__WindDir9am_ENE,-0.0018400080734863877,0.0018400080734863877,-1.2762953042984009
41,cat__WindDir9am_ESE,0.0028561963699758053,0.0028561963699758053,-1.2762953042984009
41,cat__WindDir9am_N,0.06459662318229675,0.06459662318229675,-1.2762953042984009
41,cat__WindDir9am_NE,-0.0027156444266438484,0.0027156444266438484,-1.2762953042984009
41,cat__WindDir9am_NNE,-0.0020105247385799885,0.0020105247385799885,-1.2762953042984009
41,cat__WindDir9am_NNW,-7.422684575431049e-05,7.422684575431049e-05,-1.2762953042984009
41,cat__WindDir9am_NW,-0.0010845951037481427,0.0010845951037481427,-1.2762953042984009
41,cat__WindDir9am_S,0.018318012356758118,0.018318012356758118,-1.2762953042984009
41,cat__WindDir9am_SE,5.397962013375945e-06,5.397962013375945e-06,-1.2762953042984009
41,cat__WindDir9am_SSE,0.009940100833773613,0.009940100833773613,-1.2762953042984009
41,cat__WindDir9am_SSW,-0.00012089055962860584,0.00012089055962860584,-1.2762953042984009
41,cat__WindDir9am_SW,-0.006020770408213139,0.006020770408213139,-1.2762953042984009
41,cat__WindDir9am_W,-0.005023525096476078,0.005023525096476078,-1.2762953042984009
41,cat__WindDir9am_WNW,-7.688019832130522e-05,7.688019832130522e-05,-1.2762953042984009
41,cat__WindDir9am_WSW,-0.0011287704110145569,0.0011287704110145569,-1.2762953042984009
41,cat__WindDir3pm_E,-0.0007954176981002092,0.0007954176981002092,-1.2762953042984009
41,cat__WindDir3pm_ENE,-0.000927184009924531,0.000927184009924531,-1.2762953042984009
41,cat__WindDir3pm_ESE,0.0008410318987444043,0.0008410318987444043,-1.2762953042984009
41,cat__WindDir3pm_N,-0.0027601111214607954,0.0027601111214607954,-1.2762953042984009
41,cat__WindDir3pm_NE,-0.0018184161745011806,0.0018184161745011806,-1.2762953042984009
41,cat__WindDir3pm_NNE,0.005625901278108358,0.005625901278108358,-1.2762953042984009
41,cat__WindDir3pm_NNW,-0.011808871291577816,0.011808871291577816,-1.2762953042984009
41,cat__WindDir3pm_NW,-0.0014759231125935912,0.0014759231125935912,-1.2762953042984009
41,cat__WindDir3pm_S,-0.0001932937157107517,0.0001932937157107517,-1.2762953042984009
41,cat__WindDir3pm_SE,-0.00015092079411260784,0.00015092079411260784,-1.2762953042984009
41,cat__WindDir3pm_SSE,0.007047898136079311,0.007047898136079311,-1.2762953042984009
41,cat__WindDir3pm_SSW,0.003482549451291561,0.003482549451291561,-1.2762953042984009
41,cat__WindDir3pm_SW,-0.0028727257158607244,0.0028727257158607244,-1.2762953042984009
41,cat__WindDir3pm_W,3.604660741984844e-05,3.604660741984844e-05,-1.2762953042984009
41,cat__WindDir3pm_WNW,-0.006934433709830046,0.006934433709830046,-1.2762953042984009
41,cat__WindDir3pm_WSW,0.0004475333262234926,0.0004475333262234926,-1.2762953042984009
41,cat__Season_Autumn,-0.002805002499371767,0.002805002499371767,-1.2762953042984009
41,cat__Season_Spring,0.00015891145449131727,0.00015891145449131727,-1.2762953042984009
41,cat__Season_Summer,0.011182354763150215,0.011182354763150215,-1.2762953042984009
41,cat__Season_Winter,-0.0137846814468503,0.0137846814468503,-1.2762953042984009
41,cat__WindIntensityCategory_High,2.5962330255424604e-05,2.5962330255424604e-05,-1.2762953042984009
41,cat__WindIntensityCategory_Low,-0.00034848233917728066,0.00034848233917728066,-1.2762953042984009
41,cat__WindIntensityCategory_Moderate,-0.004547008313238621,0.004547008313238621,-1.2762953042984009
41,cat__WindIntensityCategory_VeryHigh,0.0,0.0,-1.2762953042984009
41,cat__RainToday_No,0.0,0.0,-1.2762953042984009
41,cat__RainToday_Yes,0.0,0.0,-1.2762953042984009
42,num__MinTemp,-0.08274921029806137,0.08274921029806137,-1.2762953042984009
42,num__MaxTemp,-0.04472830146551132,0.04472830146551132,-1.2762953042984009
42,num__Rainfall,-0.14591853320598602,0.14591853320598602,-1.2762953042984009
42,num__Evaporation,0.0007783651235513389,0.0007783651235513389,-1.2762953042984009
42,num__Sunshine,-0.6031284332275391,0.6031284332275391,-1.2762953042984009
42,num__WindGustSpeed,0.026593685150146484,0.026593685150146484,-1.2762953042984009
42,num__WindSpeed9am,0.011233853176236153,0.011233853176236153,-1.2762953042984009
42,num__WindSpeed3pm,0.058523207902908325,0.058523207902908325,-1.2762953042984009
42,num__Humidity9am,-0.029605522751808167,0.029605522751808167,-1.2762953042984009
42,num__Humidity3pm,-0.9140793681144714,0.9140793681144714,-1.2762953042984009
42,num__Pressure9am,-0.02307596430182457,0.02307596430182457,-1.2762953042984009
42,num__Pressure3pm,-0.033180467784404755,0.033180467784404755,-1.2762953042984009
42,num__Cloud9am,0.01803290657699108,0.01803290657699108,-1.2762953042984009
42,num__Cloud3pm,-0.2896569073200226,0.2896569073200226,-1.2762953042984009
42,num__Temp9am,-0.13609980046749115,0.13609980046749115,-1.2762953042984009
42,num__Temp3pm,0.036466311663389206,0.036466311663389206,-1.2762953042984009
42,num__TemperatureDifference,-0.048562176525592804,0.048562176525592804,-1.2762953042984009
42,num__AverageTemperature,-0.015247621573507786,0.015247621573507786,-1.2762953042984009
42,num__HumidityIndex,-0.10022324323654175,0.10022324323654175,-1.2762953042984009
42,num__PressureDifference,0.5420202016830444,0.5420202016830444,-1.2762953042984009
42,num__Month,0.001060042530298233,0.001060042530298233,-1.2762953042984009
42,num__Quarter,0.0,0.0,-1.2762953042984009
42,num__DayOfYear,-0.002401566132903099,0.002401566132903099,-1.2762953042984009
42,num__IsWeekend,-0.0011012355098500848,0.0011012355098500848,-1.2762953042984009
42,num__RainfallIndicator,0.0,0.0,-1.2762953042984009
42,num__RainTodayBinary,0.0,0.0,-1.2762953042984009
42,cat__Location_Adelaide,-0.014253774657845497,0.014253774657845497,-1.2762953042984009
42,cat__Location_Albany,0.0005805996479466558,0.0005805996479466558,-1.2762953042984009
42,cat__Location_Albury,-0.006701924838125706,0.006701924838125706,-1.2762953042984009
42,cat__Location_AliceSprings,-3.129766264464706e-05,3.129766264464706e-05,-1.2762953042984009
42,cat__Location_BadgerysCreek,-0.00011114374501630664,0.00011114374501630664,-1.2762953042984009
42,cat__Location_Ballarat,-0.0025082589127123356,0.0025082589127123356,-1.2762953042984009
42,cat__Location_Bendigo,-0.003089735982939601,0.003089735982939601,-1.2762953042984009
42,cat__Location_Brisbane,-0.00737202912569046,0.00737202912569046,-1.2762953042984009
42,cat__Location_Cairns,-0.002216271124780178,0.002216271124780178,-1.2762953042984009
42,cat__Location_Canberra,-0.001571956556290388,0.001571956556290388,-1.2762953042984009
42,cat__Location_Cobar,-0.002211645245552063,0.002211645245552063,-1.2762953042984009
42,cat__Location_CoffsHarbour,0.003103947266936302,0.003103947266936302,-1.2762953042984009
42,cat__Location_Dartmoor,-0.002498866990208626,0.002498866990208626,-1.2762953042984009
42,cat__Location_Darwin,-0.5013943314552307,0.5013943314552307,-1.2762953042984009
42,cat__Location_GoldCoast,0.005269335582852364,0.005269335582852364,-1.2762953042984009
42,cat__Location_Hobart,0.007983474992215633,0.007983474992215633,-1.2762953042984009
42,cat__Location_Katherine,0.005714089144021273,0.005714089144021273,-1.2762953042984009
42,cat__Location_Launceston,0.0019724140875041485,0.0019724140875041485,-1.2762953042984009
42,cat__Location_Melbourne,-0.001251777051948011,0.001251777051948011,-1.2762953042984009
42,cat__Location_MelbourneAirport,-3.1577947083860636e-05,3.1577947083860636e-05,-1.2762953042984009
42,cat__Location_Mildura,7.986751734279096e-05,7.986751734279096e-05,-1.2762953042984009
42,cat__Location_Moree,8.55759863043204e-05,8.55759863043204e-05,-1.2762953042984009
42,cat__Location_MountGambier,-0.0009038150310516357,0.0009038150310516357,-1.2762953042984009
42,cat__Location_MountGinini,0.003232794813811779,0.003232794813811779,-1.2762953042984009
42,cat__Location_Newcastle,-2.834464430634398e-05,2.834464430634398e-05,-1.2762953042984009
42,cat__Location_Nhil,0.000547226460184902,0.000547226460184902,-1.2762953042984009
42,cat__Location_NorahHead,0.015487887896597385,0.015487887896597385,-1.2762953042984009
42,cat__Location_NorfolkIsland,0.0007526414119638503,0.0007526414119638503,-1.2762953042984009
42,cat__Location_Nuriootpa,-0.00028477079467847943,0.00028477079467847943,-1.2762953042984009
42,cat__Location_PearceRAAF,-0.0023014971520751715,0.0023014971520751715,-1.2762953042984009
42,cat__Location_Penrith,-0.00046045699855312705,0.00046045699855312705,-1.2762953042984009
42,cat__Location_Perth,-0.009303988888859749,0.009303988888859749,-1.2762953042984009
42,cat__Location_PerthAirport,-0.0039788722060620785,0.0039788722060620785,-1.2762953042984009
42,cat__Location_Portland,-0.00026894386974163353,0.00026894386974163353,-1.2762953042984009
42,cat__Location_Richmond,0.002020888030529022,0.002020888030529022,-1.2762953042984009
42,cat__Location_Sale,0.0034433859400451183,0.0034433859400451183,-1.2762953042984009
42,cat__Location_SalmonGums,-0.00627202820032835,0.00627202820032835,-1.2762953042984009
42,cat__Location_Sydney,-0.0016997441416606307,0.0016997441416606307,-1.2762953042984009
42,cat__Location_SydneyAirport,0.0007053305744193494,0.0007053305744193494,-1.2762953042984009
42,cat__Location_Townsville,0.016206786036491394,0.016206786036491394,-1.2762953042984009
42,cat__Location_Tuggeranong,-0.004174341913312674,0.004174341913312674,-1.2762953042984009
42,cat__Location_Uluru,8.695428550709039e-05,8.695428550709039e-05,-1.2762953042984009
42,cat__Location_WaggaWagga,-0.005212325602769852,0.005212325602769852,-1.2762953042984009
42,cat__Location_Walpole,-0.0027397884987294674,0.0027397884987294674,-1.2762953042984009
42,cat__Location_Watsonia,0.00023674369731452316,0.00023674369731452316,-1.2762953042984009
42,cat__Location_Williamtown,-0.0037676512729376554,0.0037676512729376554,-1.2762953042984009
42,cat__Location_Witchcliffe,-0.006748292129486799,0.006748292129486799,-1.2762953042984009
42,cat__Location_Wollongong,0.019089670851826668,0.019089670851826668,-1.2762953042984009
42,cat__Location_Woomera,0.0012642478104680777,0.0012642478104680777,-1.2762953042984009
42,cat__WindGustDir_E,-0.0034865071065723896,0.0034865071065723896,-1.2762953042984009
42,cat__WindGustDir_ENE,-0.000284943962469697,0.000284943962469697,-1.2762953042984009
42,cat__WindGustDir_ESE,-0.0010891645215451717,0.0010891645215451717,-1.2762953042984009
42,cat__WindGustDir_N,-0.004189951345324516,0.004189951345324516,-1.2762953042984009
42,cat__WindGustDir_NE,-0.0015242581721395254,0.0015242581721395254,-1.2762953042984009
42,cat__WindGustDir_NNE,0.00017995900998357683,0.00017995900998357683,-1.2762953042984009
42,cat__WindGustDir_NNW,-0.0001787799410521984,0.0001787799410521984,-1.2762953042984009
42,cat__WindGustDir_NW,-0.0003509533707983792,0.0003509533707983792,-1.2762953042984009
42,cat__WindGustDir_S,-0.00010332376405131072,0.00010332376405131072,-1.2762953042984009
42,cat__WindGustDir_SE,0.0008525536395609379,0.0008525536395609379,-1.2762953042984009
42,cat__WindGustDir_SSE,3.077307701460086e-05,3.077307701460086e-05,-1.2762953042984009
42,cat__WindGustDir_SSW,0.0002172683598473668,0.0002172683598473668,-1.2762953042984009
42,cat__WindGustDir_SW,-0.0017789758276194334,0.0017789758276194334,-1.2762953042984009
42,cat__WindGustDir_W,-0.001642107730731368,0.001642107730731368,-1.2762953042984009
42,cat__WindGustDir_WNW,-0.0002516950771678239,0.0002516950771678239,-1.2762953042984009
42,cat__WindGustDir_WSW,1.415481892763637e-05,1.415481892763637e-05,-1.2762953042984009
42,cat__WindDir9am_E,-0.0212961807847023,0.0212961807847023,-1.2762953042984009
42,cat__WindDir9am_ENE,-0.0011719366302713752,0.0011719366302713752,-1.2762953042984009
42,cat__WindDir9am_ESE,0.002867538947612047,0.002867538947612047,-1.2762953042984009
42,cat__WindDir9am_N,-0.01981637440621853,0.01981637440621853,-1.2762953042984009
42,cat__WindDir9am_NE,-0.005506232380867004,0.005506232380867004,-1.2762953042984009
42,cat__WindDir9am_NNE,-0.008389551192522049,0.008389551192522049,-1.2762953042984009
42,cat__WindDir9am_NNW,-1.901176801766269e-05,1.901176801766269e-05,-1.2762953042984009
42,cat__WindDir9am_NW,-0.0012687555281445384,0.0012687555281445384,-1.2762953042984009
42,cat__WindDir9am_S,0.017310986295342445,0.017310986295342445,-1.2762953042984009
42,cat__WindDir9am_SE,8.176654228009284e-05,8.176654228009284e-05,-1.2762953042984009
42,cat__WindDir9am_SSE,0.006701122969388962,0.006701122969388962,-1.2762953042984009
42,cat__WindDir9am_SSW,-0.0012090301606804132,0.0012090301606804132,-1.2762953042984009
42,cat__WindDir9am_SW,-8.764698577579111e-05,8.764698577579111e-05,-1.2762953042984009
42,cat__WindDir9am_W,-6.649119313806295e-05,6.649119313806295e-05,-1.2762953042984009
42,cat__WindDir9am_WNW,-3.754670251510106e-05,3.754670251510106e-05,-1.2762953042984009
42,cat__WindDir9am_WSW,-1.1090229236287996e-05,1.1090229236287996e-05,-1.2762953042984009
42,cat__WindDir3pm_E,0.0013486124807968736,0.0013486124807968736,-1.2762953042984009
42,cat__WindDir3pm_ENE,-0.0001365595089737326,0.0001365595089737326,-1.2762953042984009
42,cat__WindDir3pm_ESE,-0.01929318904876709,0.01929318904876709,-1.2762953042984009
42,cat__WindDir3pm_N,-0.015354080125689507,0.015354080125689507,-1.2762953042984009
42,cat__WindDir3pm_NE,0.0005302970530465245,0.0005302970530465245,-1.2762953042984009
42,cat__WindDir3pm_NNE,-0.0003252274473197758,0.0003252274473197758,-1.2762953042984009
42,cat__WindDir3pm_NNW,-0.019589079543948174,0.019589079543948174,-1.2762953042984009
42,cat__WindDir3pm_NW,-0.018404802307486534,0.018404802307486534,-1.2762953042984009
42,cat__WindDir3pm_S,-0.00025392125826328993,0.00025392125826328993,-1.2762953042984009
42,cat__WindDir3pm_SE,-0.0001114697806769982,0.0001114697806769982,-1.2762953042984009
42,cat__WindDir3pm_SSE,0.00712722958996892,0.00712722958996892,-1.2762953042984009
42,cat__WindDir3pm_SSW,0.004974663723260164,0.004974663723260164,-1.2762953042984009
42,cat__WindDir3pm_SW,0.004301447421312332,0.004301447421312332,-1.2762953042984009
42,cat__WindDir3pm_W,0.00010374264093115926,0.00010374264093115926,-1.2762953042984009
42,cat__WindDir3pm_WNW,-0.004821636248379946,0.004821636248379946,-1.2762953042984009
42,cat__WindDir3pm_WSW,0.00035324774216860533,0.00035324774216860533,-1.2762953042984009
42,cat__Season_Autumn,-0.003668648423627019,0.003668648423627019,-1.2762953042984009
42,cat__Season_Spring,0.00033005300792865455,0.00033005300792865455,-1.2762953042984009
42,cat__Season_Summer,0.011282566003501415,0.011282566003501415,-1.2762953042984009
42,cat__Season_Winter,-0.15436774492263794,0.15436774492263794,-1.2762953042984009
42,cat__WindIntensityCategory_High,2.5962330255424604e-05,2.5962330255424604e-05,-1.2762953042984009
42,cat__WindIntensityCategory_Low,-0.0026573187205940485,0.0026573187205940485,-1.2762953042984009
42,cat__WindIntensityCategory_Moderate,-0.002557138679549098,0.002557138679549098,-1.2762953042984009
42,cat__WindIntensityCategory_VeryHigh,0.0,0.0,-1.2762953042984009
42,cat__RainToday_No,0.0,0.0,-1.2762953042984009
42,cat__RainToday_Yes,0.0,0.0,-1.2762953042984009
43,num__MinTemp,-0.04095890372991562,0.04095890372991562,-1.2762953042984009
43,num__MaxTemp,-0.0030351420864462852,0.0030351420864462852,-1.2762953042984009
43,num__Rainfall,0.22825010120868683,0.22825010120868683,-1.2762953042984009
43,num__Evaporation,0.01621519960463047,0.01621519960463047,-1.2762953042984009
43,num__Sunshine,0.03155820816755295,0.03155820816755295,-1.2762953042984009
43,num__WindGustSpeed,-0.4356834888458252,0.4356834888458252,-1.2762953042984009
43,num__WindSpeed9am,0.06444112956523895,0.06444112956523895,-1.2762953042984009
43,num__WindSpeed3pm,0.02433953434228897,0.02433953434228897,-1.2762953042984009
43,num__Humidity9am,0.029097191989421844,0.029097191989421844,-1.2762953042984009
43,num__Humidity3pm,-0.19497749209403992,0.19497749209403992,-1.2762953042984009
43,num__Pressure9am,-0.023350857198238373,0.023350857198238373,-1.2762953042984009
43,num__Pressure3pm,0.021740276366472244,0.021740276366472244,-1.2762953042984009
43,num__Cloud9am,0.013989523984491825,0.013989523984491825,-1.2762953042984009
43,num__Cloud3pm,-0.012205961160361767,0.012205961160361767,-1.2762953042984009
43,num__Temp9am,-0.05751084163784981,0.05751084163784981,-1.2762953042984009
43,num__Temp3pm,0.005652307998389006,0.005652307998389006,-1.2762953042984009
43,num__TemperatureDifference,0.020888755097985268,0.020888755097985268,-1.2762953042984009
43,num__AverageTemperature,0.0008556238026358187,0.0008556238026358187,-1.2762953042984009
43,num__HumidityIndex,0.10321463644504547,0.10321463644504547,-1.2762953042984009
43,num__PressureDifference,0.020659929141402245,0.020659929141402245,-1.2762953042984009
43,num__Month,-0.0002452678745612502,0.0002452678745612502,-1.2762953042984009
43,num__Quarter,0.0,0.0,-1.2762953042984009
43,num__DayOfYear,-0.023093337193131447,0.023093337193131447,-1.2762953042984009
43,num__IsWeekend,-0.0010480325436219573,0.0010480325436219573,-1.2762953042984009
43,num__RainfallIndicator,0.0,0.0,-1.2762953042984009
43,num__RainTodayBinary,0.0,0.0,-1.2762953042984009
43,cat__Location_Adelaide,-0.009674834087491035,0.009674834087491035,-1.2762953042984009
43,cat__Location_Albany,-0.0021894481033086777,0.0021894481033086777,-1.2762953042984009
43,cat__Location_Albury,-0.003645813325420022,0.003645813325420022,-1.2762953042984009
43,cat__Location_AliceSprings,0.0007198324892669916,0.0007198324892669916,-1.2762953042984009
43,cat__Location_BadgerysCreek,-0.0015959324082359672,0.0015959324082359672,-1.2762953042984009
43,cat__Location_Ballarat,0.006465348415076733,0.006465348415076733,-1.2762953042984009
43,cat__Location_Bendigo,-0.00048648478696122766,0.00048648478696122766,-1.2762953042984009
43,cat__Location_Brisbane,-0.010616076178848743,0.010616076178848743,-1.2762953042984009
43,cat__Location_Cairns,-0.0016960729844868183,0.0016960729844868183,-1.2762953042984009
43,cat__Location_Canberra,-1.4538760297000408e-05,1.4538760297000408e-05,-1.2762953042984009
43,cat__Location_Cobar,0.0010013011051341891,0.0010013011051341891,-1.2762953042984009
43,cat__Location_CoffsHarbour,-0.0019041630439460278,0.0019041630439460278,-1.2762953042984009
43,cat__Location_Dartmoor,0.0010269694030284882,0.0010269694030284882,-1.2762953042984009
43,cat__Location_Darwin,0.007282654754817486,0.007282654754817486,-1.2762953042984009
43,cat__Location_GoldCoast,0.0051677948795259,0.0051677948795259,-1.2762953042984009
43,cat__Location_Hobart,0.0089820995926857,0.0089820995926857,-1.2762953042984009
43,cat__Location_Katherine,0.0037378116976469755,0.0037378116976469755,-1.2762953042984009
43,cat__Location_Launceston,0.0013944791862741113,0.0013944791862741113,-1.2762953042984009
43,cat__Location_Melbourne,-0.001909502549096942,0.001909502549096942,-1.2762953042984009
43,cat__Location_MelbourneAirport,0.005845334380865097,0.005845334380865097,-1.2762953042984009
43,cat__Location_Mildura,0.000637902703601867,0.000637902703601867,-1.2762953042984009
43,cat__Location_Moree,0.00044204859295859933,0.00044204859295859933,-1.2762953042984009
43,cat__Location_MountGambier,-0.0002525304153095931,0.0002525304153095931,-1.2762953042984009
43,cat__Location_MountGinini,0.009810905903577805,0.009810905903577805,-1.2762953042984009
43,cat__Location_Newcastle,-3.4636574127944186e-05,3.4636574127944186e-05,-1.2762953042984009
43,cat__Location_Nhil,0.0017451758030802011,0.0017451758030802011,-1.2762953042984009
43,cat__Location_NorahHead,0.0058843051083385944,0.0058843051083385944,-1.2762953042984009
43,cat__Location_NorfolkIsland,0.0023387433029711246,0.0023387433029711246,-1.2762953042984009
43,cat__Location_Nuriootpa,3.426570037845522e-05,3.426570037845522e-05,-1.2762953042984009
43,cat__Location_PearceRAAF,-0.0033671699929982424,0.0033671699929982424,-1.2762953042984009
43,cat__Location_Penrith,0.25224241614341736,0.25224241614341736,-1.2762953042984009
43,cat__Location_Perth,-0.012388883158564568,0.012388883158564568,-1.2762953042984009
43,cat__Location_PerthAirport,-0.005478117149323225,0.005478117149323225,-1.2762953042984009
43,cat__Location_Portland,-0.002027513226494193,0.002027513226494193,-1.2762953042984009
43,cat__Location_Richmond,-0.0007457291358150542,0.0007457291358150542,-1.2762953042984009
43,cat__Location_Sale,0.004665629006922245,0.004665629006922245,-1.2762953042984009
43,cat__Location_SalmonGums,-0.00016469761612825096,0.00016469761612825096,-1.2762953042984009
43,cat__Location_Sydney,-0.0037531487178057432,0.0037531487178057432,-1.2762953042984009
43,cat__Location_SydneyAirport,0.0001652462815400213,0.0001652462815400213,-1.2762953042984009
43,cat__Location_Townsville,0.006031768396496773,0.006031768396496773,-1.2762953042984009
43,cat__Location_Tuggeranong,-0.005347936414182186,0.005347936414182186,-1.2762953042984009
43,cat__Location_Uluru,0.00017736776499077678,0.00017736776499077678,-1.2762953042984009
43,cat__Location_WaggaWagga,-0.0013831914402544498,0.0013831914402544498,-1.2762953042984009
43,cat__Location_Walpole,-0.0015463477466255426,0.0015463477466255426,-1.2762953042984009
43,cat__Location_Watsonia,0.0004612827324308455,0.0004612827324308455,-1.2762953042984009
43,cat__Location_Williamtown,-0.004763350822031498,0.004763350822031498,-1.2762953042984009
43,cat__Location_Witchcliffe,-0.016676243394613266,0.016676243394613266,-1.2762953042984009
43,cat__Location_Wollongong,0.015550469048321247,0.015550469048321247,-1.2762953042984009
43,cat__Location_Woomera,0.0028529365081340075,0.0028529365081340075,-1.2762953042984009
43,cat__WindGustDir_E,0.0004417636664584279,0.0004417636664584279,-1.2762953042984009
43,cat__WindGustDir_ENE,-9.851013601291925e-05,9.851013601291925e-05,-1.2762953042984009
43,cat__WindGustDir_ESE,-6.932453834451735e-05,6.932453834451735e-05,-1.2762953042984009
43,cat__WindGustDir_N,-0.0006702339160256088,0.0006702339160256088,-1.2762953042984009
43,cat__WindGustDir_NE,-0.002853162121027708,0.002853162121027708,-1.2762953042984009
43,cat__WindGustDir_NNE,0.00025824212934821844,0.00025824212934821844,-1.2762953042984009
43,cat__WindGustDir_NNW,0.0015265598194673657,0.0015265598194673657,-1.2762953042984009
43,cat__WindGustDir_NW,-0.00031272147316485643,0.00031272147316485643,-1.2762953042984009
43,cat__WindGustDir_S,-4.272307705832645e-06,4.272307705832645e-06,-1.2762953042984009
43,cat__WindGustDir_SE,-0.008178945630788803,0.008178945630788803,-1.2762953042984009
43,cat__WindGustDir_SSE,4.7377725422848016e-05,4.7377725422848016e-05,-1.2762953042984009
43,cat__WindGustDir_SSW,-0.0008462234982289374,0.0008462234982289374,-1.2762953042984009
43,cat__WindGustDir_SW,-0.0004759789153467864,0.0004759789153467864,-1.2762953042984009
43,cat__WindGustDir_W,-0.0006372842472046614,0.0006372842472046614,-1.2762953042984009
43,cat__WindGustDir_WNW,-2.9808674298692495e-05,2.9808674298692495e-05,-1.2762953042984009
43,cat__WindGustDir_WSW,0.0002689365646801889,0.0002689365646801889,-1.2762953042984009
43,cat__WindDir9am_E,0.0010716567048802972,0.0010716567048802972,-1.2762953042984009
43,cat__WindDir9am_ENE,-0.0014420273946598172,0.0014420273946598172,-1.2762953042984009
43,cat__WindDir9am_ESE,-0.00012191908899694681,0.00012191908899694681,-1.2762953042984009
43,cat__WindDir9am_N,-0.01679110899567604,0.01679110899567604,-1.2762953042984009
43,cat__WindDir9am_NE,-0.0013562083477154374,0.0013562083477154374,-1.2762953042984009
43,cat__WindDir9am_NNE,-0.008044537156820297,0.008044537156820297,-1.2762953042984009
43,cat__WindDir9am_NNW,-0.0001396653678966686,0.0001396653678966686,-1.2762953042984009
43,cat__WindDir9am_NW,0.0026786504313349724,0.0026786504313349724,-1.2762953042984009
43,cat__WindDir9am_S,0.006179314572364092,0.006179314572364092,-1.2762953042984009
43,cat__WindDir9am_SE,5.397962013375945e-06,5.397962013375945e-06,-1.2762953042984009
43,cat__WindDir9am_SSE,0.008264541625976562,0.008264541625976562,-1.2762953042984009
43,cat__WindDir9am_SSW,0.0007420070469379425,0.0007420070469379425,-1.2762953042984009
43,cat__WindDir9am_SW,-7.553861360065639e-05,7.553861360065639e-05,-1.2762953042984009
43,cat__WindDir9am_W,-7.287604239536449e-05,7.287604239536449e-05,-1.2762953042984009
43,cat__WindDir9am_WNW,7.853341230656952e-07,7.853341230656952e-07,-1.2762953042984009
43,cat__WindDir9am_WSW,4.0415448893327266e-05,4.0415448893327266e-05,-1.2762953042984009
43,cat__WindDir3pm_E,-0.00013268057955428958,0.00013268057955428958,-1.2762953042984009
43,cat__WindDir3pm_ENE,-0.00014734428259544075,0.00014734428259544075,-1.2762953042984009
43,cat__WindDir3pm_ESE,0.0002837666543200612,0.0002837666543200612,-1.2762953042984009
43,cat__WindDir3pm_N,-0.0024713100865483284,0.0024713100865483284,-1.2762953042984009
43,cat__WindDir3pm_NE,0.00011909773456864059,0.00011909773456864059,-1.2762953042984009
43,cat__WindDir3pm_NNE,-0.00039977184496819973,0.00039977184496819973,-1.2762953042984009
43,cat__WindDir3pm_NNW,-0.010861259885132313,0.010861259885132313,-1.2762953042984009
43,cat__WindDir3pm_NW,-0.009824882261455059,0.009824882261455059,-1.2762953042984009
43,cat__WindDir3pm_S,-0.00023708606022410095,0.00023708606022410095,-1.2762953042984009
43,cat__WindDir3pm_SE,-0.00012427275942172855,0.00012427275942172855,-1.2762953042984009
43,cat__WindDir3pm_SSE,0.008037881925702095,0.008037881925702095,-1.2762953042984009
43,cat__WindDir3pm_SSW,0.02643851563334465,0.02643851563334465,-1.2762953042984009
43,cat__WindDir3pm_SW,0.0036207609809935093,0.0036207609809935093,-1.2762953042984009
43,cat__WindDir3pm_W,4.231231287121773e-06,4.231231287121773e-06,-1.2762953042984009
43,cat__WindDir3pm_WNW,-0.007289942819625139,0.007289942819625139,-1.2762953042984009
43,cat__WindDir3pm_WSW,9.379785478813574e-05,9.379785478813574e-05,-1.2762953042984009
43,cat__Season_Autumn,-0.0012547357473522425,0.0012547357473522425,-1.2762953042984009
43,cat__Season_Spring,0.0004539417277555913,0.0004539417277555913,-1.2762953042984009
43,cat__Season_Summer,0.008121411316096783,0.008121411316096783,-1.2762953042984009
43,cat__Season_Winter,-0.015932897105813026,0.015932897105813026,-1.2762953042984009
43,cat__WindIntensityCategory_High,2.2476700905826874e-05,2.2476700905826874e-05,-1.2762953042984009
43,cat__WindIntensityCategory_Low,-0.00039751309668645263,0.00039751309668645263,-1.2762953042984009
43,cat__WindIntensityCategory_Moderate,-0.0050370292738080025,0.0050370292738080025,-1.2762953042984009
43,cat__WindIntensityCategory_VeryHigh,0.0,0.0,-1.2762953042984009
43,cat__RainToday_No,0.0,0.0,-1.2762953042984009
43,cat__RainToday_Yes,0.0,0.0,-1.2762953042984009
44,num__MinTemp,0.01222945749759674,0.01222945749759674,-1.2762953042984009
44,num__MaxTemp,0.059722039848566055,0.059722039848566055,-1.2762953042984009
44,num__Rainfall,-0.12759780883789062,0.12759780883789062,-1.2762953042984009
44,num__Evaporation,-0.014934954233467579,0.014934954233467579,-1.2762953042984009
44,num__Sunshine,0.09742017090320587,0.09742017090320587,-1.2762953042984009
44,num__WindGustSpeed,0.3311394453048706,0.3311394453048706,-1.2762953042984009
44,num__WindSpeed9am,0.057673145085573196,0.057673145085573196,-1.2762953042984009
44,num__WindSpeed3pm,-0.05035235360264778,0.05035235360264778,-1.2762953042984009
44,num__Humidity9am,-0.059000276029109955,0.059000276029109955,-1.2762953042984009
44,num__Humidity3pm,-0.9499029517173767,0.9499029517173767,-1.2762953042984009
44,num__Pressure9am,-0.01598898135125637,0.01598898135125637,-1.2762953042984009
44,num__Pressure3pm,-0.3593597710132599,0.3593597710132599,-1.2762953042984009
44,num__Cloud9am,0.02048521861433983,0.02048521861433983,-1.2762953042984009
44,num__Cloud3pm,-0.03270702436566353,0.03270702436566353,-1.2762953042984009
44,num__Temp9am,-0.0031948487740010023,0.0031948487740010023,-1.2762953042984009
44,num__Temp3pm,-0.0032983485143631697,0.0032983485143631697,-1.2762953042984009
44,num__TemperatureDifference,0.07007087767124176,0.07007087767124176,-1.2762953042984009
44,num__AverageTemperature,0.009234118275344372,0.009234118275344372,-1.2762953042984009
44,num__HumidityIndex,-0.06664907187223434,0.06664907187223434,-1.2762953042984009
44,num__PressureDifference,-0.25800007581710815,0.25800007581710815,-1.2762953042984009
44,num__Month,0.000787493132520467,0.000787493132520467,-1.2762953042984009
44,num__Quarter,0.0,0.0,-1.2762953042984009
44,num__DayOfYear,0.05122353136539459,0.05122353136539459,-1.2762953042984009
44,num__IsWeekend,-0.0011814944446086884,0.0011814944446086884,-1.2762953042984009
44,num__RainfallIndicator,0.0,0.0,-1.2762953042984009
44,num__RainTodayBinary,0.0,0.0,-1.2762953042984009
44,cat__Location_Adelaide,-0.008462599478662014,0.008462599478662014,-1.2762953042984009
44,cat__Location_Albany,-0.0053687021136283875,0.0053687021136283875,-1.2762953042984009
44,cat__Location_Albury,-0.00232301140204072,0.00232301140204072,-1.2762953042984009
44,cat__Location_AliceSprings,0.0024296115152537823,0.0024296115152537823,-1.2762953042984009
44,cat__Location_BadgerysCreek,-0.0010229863692075014,0.0010229863692075014,-1.2762953042984009
44,cat__Location_Ballarat,0.004482627846300602,0.004482627846300602,-1.2762953042984009
44,cat__Location_Bendigo,-0.0005995152750983834,0.0005995152750983834,-1.2762953042984009
44,cat__Location_Brisbane,-0.005347173195332289,0.005347173195332289,-1.2762953042984009
44,cat__Location_Cairns,-0.002004376845434308,0.002004376845434308,-1.2762953042984009
44,cat__Location_Canberra,0.003286516759544611,0.003286516759544611,-1.2762953042984009
44,cat__Location_Cobar,-0.001194752287119627,0.001194752287119627,-1.2762953042984009
44,cat__Location_CoffsHarbour,-0.008290406316518784,0.008290406316518784,-1.2762953042984009
44,cat__Location_Dartmoor,-0.0006163604557514191,0.0006163604557514191,-1.2762953042984009
44,cat__Location_Darwin,0.009061355143785477,0.009061355143785477,-1.2762953042984009
44,cat__Location_GoldCoast,0.0015297746285796165,0.0015297746285796165,-1.2762953042984009
44,cat__Location_Hobart,0.009086132049560547,0.009086132049560547,-1.2762953042984009
44,cat__Location_Katherine,0.004509086720645428,0.004509086720645428,-1.2762953042984009
44,cat__Location_Launceston,0.0016664117574691772,0.0016664117574691772,-1.2762953042984009
44,cat__Location_Melbourne,-0.0018598648020997643,0.0018598648020997643,-1.2762953042984009
44,cat__Location_MelbourneAirport,0.0045505668967962265,0.0045505668967962265,-1.2762953042984009
44,cat__Location_Mildura,0.000637902703601867,0.000637902703601867,-1.2762953042984009
44,cat__Location_Moree,5.382635208661668e-05,5.382635208661668e-05,-1.2762953042984009
44,cat__Location_MountGambier,-7.928203558549285e-05,7.928203558549285e-05,-1.2762953042984009
44,cat__Location_MountGinini,0.009008879773318768,0.009008879773318768,-1.2762953042984009
44,cat__Location_Newcastle,-3.4636574127944186e-05,3.4636574127944186e-05,-1.2762953042984009
44,cat__Location_Nhil,0.003278176998719573,0.003278176998719573,-1.2762953042984009
44,cat__Location_NorahHead,0.005153423175215721,0.005153423175215721,-1.2762953042984009
44,cat__Location_NorfolkIsland,0.001713646692223847,0.001713646692223847,-1.2762953042984009
44,cat__Location_Nuriootpa,7.245859887916595e-05,7.245859887916595e-05,-1.2762953042984009
44,cat__Location_PearceRAAF,-0.00317372172139585,0.00317372172139585,-1.2762953042984009
44,cat__Location_Penrith,-0.0007784025510773063,0.0007784025510773063,-1.2762953042984009
44,cat__Location_Perth,-0.003156396560370922,0.003156396560370922,-1.2762953042984009
44,cat__Location_PerthAirport,-0.003574122441932559,0.003574122441932559,-1.2762953042984009
44,cat__Location_Portland,-0.0001807932712836191,0.0001807932712836191,-1.2762953042984009
44,cat__Location_Richmond,-0.0020010643638670444,0.0020010643638670444,-1.2762953042984009
44,cat__Location_Sale,0.006352206692099571,0.006352206692099571,-1.2762953042984009
44,cat__Location_SalmonGums,-0.0006885374896228313,0.0006885374896228313,-1.2762953042984009
44,cat__Location_Sydney,0.4033260941505432,0.4033260941505432,-1.2762953042984009
44,cat__Location_SydneyAirport,7.234260556288064e-05,7.234260556288064e-05,-1.2762953042984009
44,cat__Location_Townsville,0.01694370247423649,0.01694370247423649,-1.2762953042984009
44,cat__Location_Tuggeranong,-0.0022072079591453075,0.0022072079591453075,-1.2762953042984009
44,cat__Location_Uluru,0.00017736776499077678,0.00017736776499077678,-1.2762953042984009
44,cat__Location_WaggaWagga,-0.001688367803581059,0.001688367803581059,-1.2762953042984009
44,cat__Location_Walpole,-0.0006127412780188024,0.0006127412780188024,-1.2762953042984009
44,cat__Location_Watsonia,0.0004075697506777942,0.0004075697506777942,-1.2762953042984009
44,cat__Location_Williamtown,-0.013679304160177708,0.013679304160177708,-1.2762953042984009
44,cat__Location_Witchcliffe,-0.008229372091591358,0.008229372091591358,-1.2762953042984009
44,cat__Location_Wollongong,0.014540791511535645,0.014540791511535645,-1.2762953042984009
44,cat__Location_Woomera,0.002949352143332362,0.002949352143332362,-1.2762953042984009
44,cat__WindGustDir_E,0.00032945972634479403,0.00032945972634479403,-1.2762953042984009
44,cat__WindGustDir_ENE,-0.00011971112689934671,0.00011971112689934671,-1.2762953042984009
44,cat__WindGustDir_ESE,-0.00013943162048235536,0.00013943162048235536,-1.2762953042984009
44,cat__WindGustDir_N,0.00220010825432837,0.00220010825432837,-1.2762953042984009
44,cat__WindGustDir_NE,0.0017166177276521921,0.0017166177276521921,-1.2762953042984009
44,cat__WindGustDir_NNE,-0.00014342914801090956,0.00014342914801090956,-1.2762953042984009
44,cat__WindGustDir_NNW,-0.0002434521447867155,0.0002434521447867155,-1.2762953042984009
44,cat__WindGustDir_NW,-0.0003487403446342796,0.0003487403446342796,-1.2762953042984009
44,cat__WindGustDir_S,-2.237765147583559e-05,2.237765147583559e-05,-1.2762953042984009
44,cat__WindGustDir_SE,-0.0004741395532619208,0.0004741395532619208,-1.2762953042984009
44,cat__WindGustDir_SSE,-2.5157001800835133e-05,2.5157001800835133e-05,-1.2762953042984009
44,cat__WindGustDir_SSW,-3.6371173337101936e-05,3.6371173337101936e-05,-1.2762953042984009
44,cat__WindGustDir_SW,-0.00036019698018208146,0.00036019698018208146,-1.2762953042984009
44,cat__WindGustDir_W,-0.0011071186745539308,0.0011071186745539308,-1.2762953042984009
44,cat__WindGustDir_WNW,-4.2031715565826744e-05,4.2031715565826744e-05,-1.2762953042984009
44,cat__WindGustDir_WSW,-3.0067771149333566e-05,3.0067771149333566e-05,-1.2762953042984009
44,cat__WindDir9am_E,0.000760362483561039,0.000760362483561039,-1.2762953042984009
44,cat__WindDir9am_ENE,-0.0005514791118912399,0.0005514791118912399,-1.2762953042984009
44,cat__WindDir9am_ESE,0.0023438618518412113,0.0023438618518412113,-1.2762953042984009
44,cat__WindDir9am_N,-0.010330850258469582,0.010330850258469582,-1.2762953042984009
44,cat__WindDir9am_NE,-0.0026756739243865013,0.0026756739243865013,-1.2762953042984009
44,cat__WindDir9am_NNE,-0.002758429851382971,0.002758429851382971,-1.2762953042984009
44,cat__WindDir9am_NNW,-0.00018103449838235974,0.00018103449838235974,-1.2762953042984009
44,cat__WindDir9am_NW,-0.003726176917552948,0.003726176917552948,-1.2762953042984009
44,cat__WindDir9am_S,0.012868138030171394,0.012868138030171394,-1.2762953042984009
44,cat__WindDir9am_SE,1.722438719298225e-05,1.722438719298225e-05,-1.2762953042984009
44,cat__WindDir9am_SSE,0.01012387964874506,0.01012387964874506,-1.2762953042984009
44,cat__WindDir9am_SSW,0.001784950029104948,0.001784950029104948,-1.2762953042984009
44,cat__WindDir9am_SW,-0.00011590558278840035,0.00011590558278840035,-1.2762953042984009
44,cat__WindDir9am_W,-2.8391750674927607e-05,2.8391750674927607e-05,-1.2762953042984009
44,cat__WindDir9am_WNW,-6.654454045929015e-05,6.654454045929015e-05,-1.2762953042984009
44,cat__WindDir9am_WSW,-0.0001128345393226482,0.0001128345393226482,-1.2762953042984009
44,cat__WindDir3pm_E,0.0014565925812348723,0.0014565925812348723,-1.2762953042984009
44,cat__WindDir3pm_ENE,-8.60433210618794e-05,8.60433210618794e-05,-1.2762953042984009
44,cat__WindDir3pm_ESE,0.0008520989795215428,0.0008520989795215428,-1.2762953042984009
44,cat__WindDir3pm_N,-0.005629307124763727,0.005629307124763727,-1.2762953042984009
44,cat__WindDir3pm_NE,0.0007790519157424569,0.0007790519157424569,-1.2762953042984009
44,cat__WindDir3pm_NNE,-0.00037846481427550316,0.00037846481427550316,-1.2762953042984009
44,cat__WindDir3pm_NNW,-0.012114801444113255,0.012114801444113255,-1.2762953042984009
44,cat__WindDir3pm_NW,-0.004535628017038107,0.004535628017038107,-1.2762953042984009
44,cat__WindDir3pm_S,-0.00021799201203975827,0.00021799201203975827,-1.2762953042984009
44,cat__WindDir3pm_SE,-0.0010011614067479968,0.0010011614067479968,-1.2762953042984009
44,cat__WindDir3pm_SSE,-0.004724814090877771,0.004724814090877771,-1.2762953042984009
44,cat__WindDir3pm_SSW,0.03015674650669098,0.03015674650669098,-1.2762953042984009
44,cat__WindDir3pm_SW,0.004132064990699291,0.004132064990699291,-1.2762953042984009
44,cat__WindDir3pm_W,-5.535018863156438e-05,5.535018863156438e-05,-1.2762953042984009
44,cat__WindDir3pm_WNW,-0.0036885130684822798,0.0036885130684822798,-1.2762953042984009
44,cat__WindDir3pm_WSW,0.0004461898060981184,0.0004461898060981184,-1.2762953042984009
44,cat__Season_Autumn,0.010021046735346317,0.010021046735346317,-1.2762953042984009
44,cat__Season_Spring,0.0002520501730032265,0.0002520501730032265,-1.2762953042984009
44,cat__Season_Summer,0.027631141245365143,0.027631141245365143,-1.2762953042984009
44,cat__Season_Winter,0.0014290385879576206,0.0014290385879576206,-1.2762953042984009
44,cat__WindIntensityCategory_High,-2.4587414372945204e-05,2.4587414372945204e-05,-1.2762953042984009
44,cat__WindIntensityCategory_Low,-0.00031650590244680643,0.00031650590244680643,-1.2762953042984009
44,cat__WindIntensityCategory_Moderate,0.03153200075030327,0.03153200075030327,-1.2762953042984009
44,cat__WindIntensityCategory_VeryHigh,0.0,0.0,-1.2762953042984009
44,cat__RainToday_No,0.0,0.0,-1.2762953042984009
44,cat__RainToday_Yes,0.0,0.0,-1.2762953042984009
45,num__MinTemp,0.0005843636463396251,0.0005843636463396251,-1.2762953042984009
45,num__MaxTemp,0.039858378469944,0.039858378469944,-1.2762953042984009
45,num__Rainfall,0.2999321222305298,0.2999321222305298,-1.2762953042984009
45,num__Evaporation,0.019562147557735443,0.019562147557735443,-1.2762953042984009
45,num__Sunshine,-0.0485817976295948,0.0485817976295948,-1.2762953042984009
45,num__WindGustSpeed,-0.04022261127829552,0.04022261127829552,-1.2762953042984009
45,num__WindSpeed9am,-0.04199961572885513,0.04199961572885513,-1.2762953042984009
45,num__WindSpeed3pm,0.039546262472867966,0.039546262472867966,-1.2762953042984009
45,num__Humidity9am,0.0025311405770480633,0.0025311405770480633,-1.2762953042984009
45,num__Humidity3pm,1.6339036226272583,1.6339036226272583,-1.2762953042984009
45,num__Pressure9am,0.02350577339529991,0.02350577339529991,-1.2762953042984009
45,num__Pressure3pm,0.2490929663181305,0.2490929663181305,-1.2762953042984009
45,num__Cloud9am,0.025492992252111435,0.025492992252111435,-1.2762953042984009
45,num__Cloud3pm,-0.0241424310952425,0.0241424310952425,-1.2762953042984009
45,num__Temp9am,0.03337576240301132,0.03337576240301132,-1.2762953042984009
45,num__Temp3pm,0.08622924983501434,0.08622924983501434,-1.2762953042984009
45,num__TemperatureDifference,0.08396638184785843,0.08396638184785843,-1.2762953042984009
45,num__AverageTemperature,0.006701421458274126,0.006701421458274126,-1.2762953042984009
45,num__HumidityIndex,0.02119981311261654,0.02119981311261654,-1.2762953042984009
45,num__PressureDifference,-0.12047730386257172,0.12047730386257172,-1.2762953042984009
45,num__Month,0.0075568873435258865,0.0075568873435258865,-1.2762953042984009
45,num__Quarter,0.0,0.0,-1.2762953042984009
45,num__DayOfYear,0.059367723762989044,0.059367723762989044,-1.2762953042984009
45,num__IsWeekend,-0.0006903848261572421,0.0006903848261572421,-1.2762953042984009
45,num__RainfallIndicator,0.0,0.0,-1.2762953042984009
45,num__RainTodayBinary,0.0,0.0,-1.2762953042984009
45,cat__Location_Adelaide,-0.011849207803606987,0.011849207803606987,-1.2762953042984009
45,cat__Location_Albany,0.0006862332229502499,0.0006862332229502499,-1.2762953042984009
45,cat__Location_Albury,-0.0050189075991511345,0.0050189075991511345,-1.2762953042984009
45,cat__Location_AliceSprings,-0.0015630190027877688,0.0015630190027877688,-1.2762953042984009
45,cat__Location_BadgerysCreek,-0.0016839622985571623,0.0016839622985571623,-1.2762953042984009
45,cat__Location_Ballarat,0.004188232123851776,0.004188232123851776,-1.2762953042984009
45,cat__Location_Bendigo,-0.0005428349832072854,0.0005428349832072854,-1.2762953042984009
45,cat__Location_Brisbane,-0.010374488309025764,0.010374488309025764,-1.2762953042984009
45,cat__Location_Cairns,-0.003092509228736162,0.003092509228736162,-1.2762953042984009
45,cat__Location_Canberra,0.003654134925454855,0.003654134925454855,-1.2762953042984009
45,cat__Location_Cobar,0.0010793876135721803,0.0010793876135721803,-1.2762953042984009
45,cat__Location_CoffsHarbour,-0.0020378560293465853,0.0020378560293465853,-1.2762953042984009
45,cat__Location_Dartmoor,-0.0012948294170200825,0.0012948294170200825,-1.2762953042984009
45,cat__Location_Darwin,0.009255530312657356,0.009255530312657356,-1.2762953042984009
45,cat__Location_GoldCoast,0.0013661772245541215,0.0013661772245541215,-1.2762953042984009
45,cat__Location_Hobart,0.008077763020992279,0.008077763020992279,-1.2762953042984009
45,cat__Location_Katherine,0.0052345325239002705,0.0052345325239002705,-1.2762953042984009
45,cat__Location_Launceston,0.000997956725768745,0.000997956725768745,-1.2762953042984009
45,cat__Location_Melbourne,-0.0018494981341063976,0.0018494981341063976,-1.2762953042984009
45,cat__Location_MelbourneAirport,0.0015351668698713183,0.0015351668698713183,-1.2762953042984009
45,cat__Location_Mildura,0.00018953281687572598,0.00018953281687572598,-1.2762953042984009
45,cat__Location_Moree,0.00044204859295859933,0.00044204859295859933,-1.2762953042984009
45,cat__Location_MountGambier,-0.0010080619249492884,0.0010080619249492884,-1.2762953042984009
45,cat__Location_MountGinini,0.018524087965488434,0.018524087965488434,-1.2762953042984009
45,cat__Location_Newcastle,-2.8986458346480504e-05,2.8986458346480504e-05,-1.2762953042984009
45,cat__Location_Nhil,0.00270204059779644,0.00270204059779644,-1.2762953042984009
45,cat__Location_NorahHead,0.0036673685535788536,0.0036673685535788536,-1.2762953042984009
45,cat__Location_NorfolkIsland,0.004541950300335884,0.004541950300335884,-1.2762953042984009
45,cat__Location_Nuriootpa,3.426570037845522e-05,3.426570037845522e-05,-1.2762953042984009
45,cat__Location_PearceRAAF,-0.004966390784829855,0.004966390784829855,-1.2762953042984009
45,cat__Location_Penrith,-0.005984646733850241,0.005984646733850241,-1.2762953042984009
45,cat__Location_Perth,-0.014133571647107601,0.014133571647107601,-1.2762953042984009
45,cat__Location_PerthAirport,-0.008224636316299438,0.008224636316299438,-1.2762953042984009
45,cat__Location_Portland,-0.0011408457066863775,0.0011408457066863775,-1.2762953042984009
45,cat__Location_Richmond,-0.002047082409262657,0.002047082409262657,-1.2762953042984009
45,cat__Location_Sale,0.0014444263651967049,0.0014444263651967049,-1.2762953042984009
45,cat__Location_SalmonGums,-0.003985346294939518,0.003985346294939518,-1.2762953042984009
45,cat__Location_Sydney,-0.004544015508145094,0.004544015508145094,-1.2762953042984009
45,cat__Location_SydneyAirport,0.00018819242541212589,0.00018819242541212589,-1.2762953042984009
45,cat__Location_Townsville,0.013870986178517342,0.013870986178517342,-1.2762953042984009
45,cat__Location_Tuggeranong,-0.00317477248609066,0.00317477248609066,-1.2762953042984009
45,cat__Location_Uluru,-9.26809516386129e-05,9.26809516386129e-05,-1.2762953042984009
45,cat__Location_WaggaWagga,-0.0016330450307577848,0.0016330450307577848,-1.2762953042984009
45,cat__Location_Walpole,0.05050160735845566,0.05050160735845566,-1.2762953042984009
45,cat__Location_Watsonia,0.00037340211565606296,0.00037340211565606296,-1.2762953042984009
45,cat__Location_Williamtown,-0.005485351663082838,0.005485351663082838,-1.2762953042984009
45,cat__Location_Witchcliffe,-0.026427239179611206,0.026427239179611206,-1.2762953042984009
45,cat__Location_Wollongong,0.02072409726679325,0.02072409726679325,-1.2762953042984009
45,cat__Location_Woomera,0.00015560118481516838,0.00015560118481516838,-1.2762953042984009
45,cat__WindGustDir_E,0.0002811065351124853,0.0002811065351124853,-1.2762953042984009
45,cat__WindGustDir_ENE,-7.667018508072942e-05,7.667018508072942e-05,-1.2762953042984009
45,cat__WindGustDir_ESE,-0.00010853041021618992,0.00010853041021618992,-1.2762953042984009
45,cat__WindGustDir_N,-0.0001602743286639452,0.0001602743286639452,-1.2762953042984009
45,cat__WindGustDir_NE,0.0001779457088559866,0.0001779457088559866,-1.2762953042984009
45,cat__WindGustDir_NNE,-0.00012538343435153365,0.00012538343435153365,-1.2762953042984009
45,cat__WindGustDir_NNW,-0.00021131898392923176,0.00021131898392923176,-1.2762953042984009
45,cat__WindGustDir_NW,-0.00032062275568023324,0.00032062275568023324,-1.2762953042984009
45,cat__WindGustDir_S,2.610451338114217e-05,2.610451338114217e-05,-1.2762953042984009
45,cat__WindGustDir_SE,-0.0004961148370057344,0.0004961148370057344,-1.2762953042984009
45,cat__WindGustDir_SSE,5.101483111502603e-05,5.101483111502603e-05,-1.2762953042984009
45,cat__WindGustDir_SSW,0.00017103386926464736,0.00017103386926464736,-1.2762953042984009
45,cat__WindGustDir_SW,2.6074994821101427e-05,2.6074994821101427e-05,-1.2762953042984009
45,cat__WindGustDir_W,-0.0006937632570043206,0.0006937632570043206,-1.2762953042984009
45,cat__WindGustDir_WNW,-1.5239998901961371e-05,1.5239998901961371e-05,-1.2762953042984009
45,cat__WindGustDir_WSW,0.0002689365646801889,0.0002689365646801889,-1.2762953042984009
45,cat__WindDir9am_E,0.0012138853780925274,0.0012138853780925274,-1.2762953042984009
45,cat__WindDir9am_ENE,0.0034149193670600653,0.0034149193670600653,-1.2762953042984009
45,cat__WindDir9am_ESE,0.004385140258818865,0.004385140258818865,-1.2762953042984009
45,cat__WindDir9am_N,-0.015260533429682255,0.015260533429682255,-1.2762953042984009
45,cat__WindDir9am_NE,-0.0019443774363026023,0.0019443774363026023,-1.2762953042984009
45,cat__WindDir9am_NNE,-0.009380682371556759,0.009380682371556759,-1.2762953042984009
45,cat__WindDir9am_NNW,6.382937863236293e-05,6.382937863236293e-05,-1.2762953042984009
45,cat__WindDir9am_NW,-0.00044153566705062985,0.00044153566705062985,-1.2762953042984009
45,cat__WindDir9am_S,0.008332540281116962,0.008332540281116962,-1.2762953042984009
45,cat__WindDir9am_SE,5.397962013375945e-06,5.397962013375945e-06,-1.2762953042984009
45,cat__WindDir9am_SSE,0.004832627717405558,0.004832627717405558,-1.2762953042984009
45,cat__WindDir9am_SSW,0.001887532533146441,0.001887532533146441,-1.2762953042984009
45,cat__WindDir9am_SW,-0.00011556805111467838,0.00011556805111467838,-1.2762953042984009
45,cat__WindDir9am_W,-3.407728945603594e-05,3.407728945603594e-05,-1.2762953042984009
45,cat__WindDir9am_WNW,-3.05161411233712e-05,3.05161411233712e-05,-1.2762953042984009
45,cat__WindDir9am_WSW,0.00012261897791177034,0.00012261897791177034,-1.2762953042984009
45,cat__WindDir3pm_E,0.0014596431283280253,0.0014596431283280253,-1.2762953042984009
45,cat__WindDir3pm_ENE,-7.433274004142731e-05,7.433274004142731e-05,-1.2762953042984009
45,cat__WindDir3pm_ESE,0.0008227101061493158,0.0008227101061493158,-1.2762953042984009
45,cat__WindDir3pm_N,-0.0021238639019429684,0.0021238639019429684,-1.2762953042984009
45,cat__WindDir3pm_NE,-0.00017941632540896535,0.00017941632540896535,-1.2762953042984009
45,cat__WindDir3pm_NNE,-0.0002461355470586568,0.0002461355470586568,-1.2762953042984009
45,cat__WindDir3pm_NNW,-0.010066810995340347,0.010066810995340347,-1.2762953042984009
45,cat__WindDir3pm_NW,-0.004985409788787365,0.004985409788787365,-1.2762953042984009
45,cat__WindDir3pm_S,-0.00016321148723363876,0.00016321148723363876,-1.2762953042984009
45,cat__WindDir3pm_SE,-5.098422116134316e-05,5.098422116134316e-05,-1.2762953042984009
45,cat__WindDir3pm_SSE,0.0076249707490205765,0.0076249707490205765,-1.2762953042984009
45,cat__WindDir3pm_SSW,0.0037122066132724285,0.0037122066132724285,-1.2762953042984009
45,cat__WindDir3pm_SW,0.0014200488803908229,0.0014200488803908229,-1.2762953042984009
45,cat__WindDir3pm_W,-6.43556413706392e-05,6.43556413706392e-05,-1.2762953042984009
45,cat__WindDir3pm_WNW,0.12788358330726624,0.12788358330726624,-1.2762953042984009
45,cat__WindDir3pm_WSW,0.00015134218847379088,0.00015134218847379088,-1.2762953042984009
45,cat__Season_Autumn,-0.0034650200977921486,0.0034650200977921486,-1.2762953042984009
45,cat__Season_Spring,0.00013742735609412193,0.00013742735609412193,-1.2762953042984009
45,cat__Season_Summer,0.011202525347471237,0.011202525347471237,-1.2762953042984009
45,cat__Season_Winter,-0.002720452379435301,0.002720452379435301,-1.2762953042984009
45,cat__WindIntensityCategory_High,4.441238706931472e-05,4.441238706931472e-05,-1.2762953042984009
45,cat__WindIntensityCategory_Low,-0.0026853312738239765,0.0026853312738239765,-1.2762953042984009
45,cat__WindIntensityCategory_Moderate,-0.00309521472081542,0.00309521472081542,-1.2762953042984009
45,cat__WindIntensityCategory_VeryHigh,0.0,0.0,-1.2762953042984009
45,cat__RainToday_No,0.0,0.0,-1.2762953042984009
45,cat__RainToday_Yes,0.0,0.0,-1.2762953042984009
46,num__MinTemp,-0.006564777344465256,0.006564777344465256,-1.2762953042984009
46,num__MaxTemp,-0.0518096387386322,0.0518096387386322,-1.2762953042984009
46,num__Rainfall,-0.08570673316717148,0.08570673316717148,-1.2762953042984009
46,num__Evaporation,0.007925111800432205,0.007925111800432205,-1.2762953042984009
46,num__Sunshine,-0.0644325241446495,0.0644325241446495,-1.2762953042984009
46,num__WindGustSpeed,-0.5447366237640381,0.5447366237640381,-1.2762953042984009
46,num__WindSpeed9am,0.03913162276148796,0.03913162276148796,-1.2762953042984009
46,num__WindSpeed3pm,0.07174132764339447,0.07174132764339447,-1.2762953042984009
46,num__Humidity9am,0.02932017296552658,0.02932017296552658,-1.2762953042984009
46,num__Humidity3pm,-0.548156201839447,0.548156201839447,-1.2762953042984009
46,num__Pressure9am,0.0250961035490036,0.0250961035490036,-1.2762953042984009
46,num__Pressure3pm,0.6533679962158203,0.6533679962158203,-1.2762953042984009
46,num__Cloud9am,0.01231900043785572,0.01231900043785572,-1.2762953042984009
46,num__Cloud3pm,-0.0381869301199913,0.0381869301199913,-1.2762953042984009
46,num__Temp9am,-0.026084089651703835,0.026084089651703835,-1.2762953042984009
46,num__Temp3pm,-0.0031299670226871967,0.0031299670226871967,-1.2762953042984009
46,num__TemperatureDifference,-0.15496313571929932,0.15496313571929932,-1.2762953042984009
46,num__AverageTemperature,-0.06329649686813354,0.06329649686813354,-1.2762953042984009
46,num__HumidityIndex,0.03835204243659973,0.03835204243659973,-1.2762953042984009
46,num__PressureDifference,0.5933493375778198,0.5933493375778198,-1.2762953042984009
46,num__Month,0.0006468636565841734,0.0006468636565841734,-1.2762953042984009
46,num__Quarter,0.0,0.0,-1.2762953042984009
46,num__DayOfYear,-0.2375001162290573,0.2375001162290573,-1.2762953042984009
46,num__IsWeekend,0.002096448792144656,0.002096448792144656,-1.2762953042984009
46,num__RainfallIndicator,0.0,0.0,-1.2762953042984009
46,num__RainTodayBinary,0.0,0.0,-1.2762953042984009
46,cat__Location_Adelaide,-0.012958458624780178,0.012958458624780178,-1.2762953042984009
46,cat__Location_Albany,0.00040866972994990647,0.00040866972994990647,-1.2762953042984009
46,cat__Location_Albury,-0.004433585796505213,0.004433585796505213,-1.2762953042984009
46,cat__Location_AliceSprings,-0.0008609470096416771,0.0008609470096416771,-1.2762953042984009
46,cat__Location_BadgerysCreek,0.05434029549360275,0.05434029549360275,-1.2762953042984009
46,cat__Location_Ballarat,0.0006901806336827576,0.0006901806336827576,-1.2762953042984009
46,cat__Location_Bendigo,-0.001606060191988945,0.001606060191988945,-1.2762953042984009
46,cat__Location_Brisbane,-0.010120670311152935,0.010120670311152935,-1.2762953042984009
46,cat__Location_Cairns,0.000726938305888325,0.000726938305888325,-1.2762953042984009
46,cat__Location_Canberra,-0.00361236953176558,0.00361236953176558,-1.2762953042984009
46,cat__Location_Cobar,-0.0015295542543753982,0.0015295542543753982,-1.2762953042984009
46,cat__Location_CoffsHarbour,0.003450159914791584,0.003450159914791584,-1.2762953042984009
46,cat__Location_Dartmoor,-0.0025094817392528057,0.0025094817392528057,-1.2762953042984009
46,cat__Location_Darwin,0.00964956171810627,0.00964956171810627,-1.2762953042984009
46,cat__Location_GoldCoast,0.00565218273550272,0.00565218273550272,-1.2762953042984009
46,cat__Location_Hobart,0.008014988154172897,0.008014988154172897,-1.2762953042984009
46,cat__Location_Katherine,0.008259473368525505,0.008259473368525505,-1.2762953042984009
46,cat__Location_Launceston,0.0010249967454001307,0.0010249967454001307,-1.2762953042984009
46,cat__Location_Melbourne,-0.0006531032267957926,0.0006531032267957926,-1.2762953042984009
46,cat__Location_MelbourneAirport,-0.0017984670121222734,0.0017984670121222734,-1.2762953042984009
46,cat__Location_Mildura,2.1615151126752608e-05,2.1615151126752608e-05,-1.2762953042984009
46,cat__Location_Moree,8.55759863043204e-05,8.55759863043204e-05,-1.2762953042984009
46,cat__Location_MountGambier,0.0009034223621711135,0.0009034223621711135,-1.2762953042984009
46,cat__Location_MountGinini,-0.003086857032030821,0.003086857032030821,-1.2762953042984009
46,cat__Location_Newcastle,-2.834464430634398e-05,2.834464430634398e-05,-1.2762953042984009
46,cat__Location_Nhil,0.0004906496615149081,0.0004906496615149081,-1.2762953042984009
46,cat__Location_NorahHead,0.023484867066144943,0.023484867066144943,-1.2762953042984009
46,cat__Location_NorfolkIsland,0.0006552758859470487,0.0006552758859470487,-1.2762953042984009
46,cat__Location_Nuriootpa,2.0101666450500488e-05,2.0101666450500488e-05,-1.2762953042984009
46,cat__Location_PearceRAAF,-0.002307949820533395,0.002307949820533395,-1.2762953042984009
46,cat__Location_Penrith,-0.004364044405519962,0.004364044405519962,-1.2762953042984009
46,cat__Location_Perth,-0.01595563441514969,0.01595563441514969,-1.2762953042984009
46,cat__Location_PerthAirport,-0.005552898161113262,0.005552898161113262,-1.2762953042984009
46,cat__Location_Portland,-0.00026036633062176406,0.00026036633062176406,-1.2762953042984009
46,cat__Location_Richmond,0.0014159445418044925,0.0014159445418044925,-1.2762953042984009
46,cat__Location_Sale,0.0013770605437457561,0.0013770605437457561,-1.2762953042984009
46,cat__Location_SalmonGums,-0.004675706848502159,0.004675706848502159,-1.2762953042984009
46,cat__Location_Sydney,-0.0016734148375689983,0.0016734148375689983,-1.2762953042984009
46,cat__Location_SydneyAirport,0.0008071557967923582,0.0008071557967923582,-1.2762953042984009
46,cat__Location_Townsville,0.015898961573839188,0.015898961573839188,-1.2762953042984009
46,cat__Location_Tuggeranong,-0.009180493652820587,0.009180493652820587,-1.2762953042984009
46,cat__Location_Uluru,0.00019093920127488673,0.00019093920127488673,-1.2762953042984009
46,cat__Location_WaggaWagga,-0.004983469378203154,0.004983469378203154,-1.2762953042984009
46,cat__Location_Walpole,-0.0004351876850705594,0.0004351876850705594,-1.2762953042984009
46,cat__Location_Watsonia,0.00032856661709956825,0.00032856661709956825,-1.2762953042984009
46,cat__Location_Williamtown,-0.005226521752774715,0.005226521752774715,-1.2762953042984009
46,cat__Location_Witchcliffe,-0.010032675229012966,0.010032675229012966,-1.2762953042984009
46,cat__Location_Wollongong,0.020508959889411926,0.020508959889411926,-1.2762953042984009
46,cat__Location_Woomera,0.0008696942240931094,0.0008696942240931094,-1.2762953042984009
46,cat__WindGustDir_E,0.0005316890310496092,0.0005316890310496092,-1.2762953042984009
46,cat__WindGustDir_ENE,0.0024993373081088066,0.0024993373081088066,-1.2762953042984009
46,cat__WindGustDir_ESE,-0.00010194492642767727,0.00010194492642767727,-1.2762953042984009
46,cat__WindGustDir_N,-0.0011867169523611665,0.0011867169523611665,-1.2762953042984009
46,cat__WindGustDir_NE,6.889737414894626e-05,6.889737414894626e-05,-1.2762953042984009
46,cat__WindGustDir_NNE,1.3478334949468262e-05,1.3478334949468262e-05,-1.2762953042984009
46,cat__WindGustDir_NNW,-5.945986049482599e-05,5.945986049482599e-05,-1.2762953042984009
46,cat__WindGustDir_NW,-0.0004288519558031112,0.0004288519558031112,-1.2762953042984009
46,cat__WindGustDir_S,-4.607582377502695e-05,4.607582377502695e-05,-1.2762953042984009
46,cat__WindGustDir_SE,-0.0004713845264632255,0.0004713845264632255,-1.2762953042984009
46,cat__WindGustDir_SSE,-7.982942770468071e-05,7.982942770468071e-05,-1.2762953042984009
46,cat__WindGustDir_SSW,0.0002172683598473668,0.0002172683598473668,-1.2762953042984009
46,cat__WindGustDir_SW,-3.216409822925925e-07,3.216409822925925e-07,-1.2762953042984009
46,cat__WindGustDir_W,-0.00048523821169510484,0.00048523821169510484,-1.2762953042984009
46,cat__WindGustDir_WNW,-2.874142228392884e-05,2.874142228392884e-05,-1.2762953042984009
46,cat__WindGustDir_WSW,-0.0016084752278402448,0.0016084752278402448,-1.2762953042984009
46,cat__WindDir9am_E,0.00128523341845721,0.00128523341845721,-1.2762953042984009
46,cat__WindDir9am_ENE,-0.0018375653307884932,0.0018375653307884932,-1.2762953042984009
46,cat__WindDir9am_ESE,0.002867538947612047,0.002867538947612047,-1.2762953042984009
46,cat__WindDir9am_N,-0.011827866546809673,0.011827866546809673,-1.2762953042984009
46,cat__WindDir9am_NE,-0.0014192948583513498,0.0014192948583513498,-1.2762953042984009
46,cat__WindDir9am_NNE,0.08721393346786499,0.08721393346786499,-1.2762953042984009
46,cat__WindDir9am_NNW,-2.6486955903237686e-05,2.6486955903237686e-05,-1.2762953042984009
46,cat__WindDir9am_NW,-0.00035857665352523327,0.00035857665352523327,-1.2762953042984009
46,cat__WindDir9am_S,0.013032243587076664,0.013032243587076664,-1.2762953042984009
46,cat__WindDir9am_SE,5.397962013375945e-06,5.397962013375945e-06,-1.2762953042984009
46,cat__WindDir9am_SSE,0.006322402972728014,0.006322402972728014,-1.2762953042984009
46,cat__WindDir9am_SSW,-0.004518360830843449,0.004518360830843449,-1.2762953042984009
46,cat__WindDir9am_SW,-8.801194053376094e-05,8.801194053376094e-05,-1.2762953042984009
46,cat__WindDir9am_W,-8.421109669143334e-05,8.421109669143334e-05,-1.2762953042984009
46,cat__WindDir9am_WNW,-3.754670251510106e-05,3.754670251510106e-05,-1.2762953042984009
46,cat__WindDir9am_WSW,3.431800359976478e-05,3.431800359976478e-05,-1.2762953042984009
46,cat__WindDir3pm_E,0.00032526408904232085,0.00032526408904232085,-1.2762953042984009
46,cat__WindDir3pm_ENE,-0.00011491178156575188,0.00011491178156575188,-1.2762953042984009
46,cat__WindDir3pm_ESE,0.0003080815658904612,0.0003080815658904612,-1.2762953042984009
46,cat__WindDir3pm_N,-0.004465566016733646,0.004465566016733646,-1.2762953042984009
46,cat__WindDir3pm_NE,0.004828642588108778,0.004828642588108778,-1.2762953042984009
46,cat__WindDir3pm_NNE,0.005834982264786959,0.005834982264786959,-1.2762953042984009
46,cat__WindDir3pm_NNW,-0.012737677432596684,0.012737677432596684,-1.2762953042984009
46,cat__WindDir3pm_NW,-0.006412171293050051,0.006412171293050051,-1.2762953042984009
46,cat__WindDir3pm_S,-0.0002674960414879024,0.0002674960414879024,-1.2762953042984009
46,cat__WindDir3pm_SE,-3.98778029193636e-05,3.98778029193636e-05,-1.2762953042984009
46,cat__WindDir3pm_SSE,0.0036561584565788507,0.0036561584565788507,-1.2762953042984009
46,cat__WindDir3pm_SSW,0.00236900825984776,0.00236900825984776,-1.2762953042984009
46,cat__WindDir3pm_SW,0.0032543132547289133,0.0032543132547289133,-1.2762953042984009
46,cat__WindDir3pm_W,6.0659367591142654e-05,6.0659367591142654e-05,-1.2762953042984009
46,cat__WindDir3pm_WNW,-0.006701057776808739,0.006701057776808739,-1.2762953042984009
46,cat__WindDir3pm_WSW,0.00015134218847379088,0.00015134218847379088,-1.2762953042984009
46,cat__Season_Autumn,0.0019370568916201591,0.0019370568916201591,-1.2762953042984009
46,cat__Season_Spring,0.0003738332015927881,0.0003738332015927881,-1.2762953042984009
46,cat__Season_Summer,-0.01242021657526493,0.01242021657526493,-1.2762953042984009
46,cat__Season_Winter,0.0033084764145314693,0.0033084764145314693,-1.2762953042984009
46,cat__WindIntensityCategory_High,2.5962330255424604e-05,2.5962330255424604e-05,-1.2762953042984009
46,cat__WindIntensityCategory_Low,-0.0008305626106448472,0.0008305626106448472,-1.2762953042984009
46,cat__WindIntensityCategory_Moderate,-0.009342296980321407,0.009342296980321407,-1.2762953042984009
46,cat__WindIntensityCategory_VeryHigh,0.0,0.0,-1.2762953042984009
46,cat__RainToday_No,0.0,0.0,-1.2762953042984009
46,cat__RainToday_Yes,0.0,0.0,-1.2762953042984009
47,num__MinTemp,0.011485081166028976,0.011485081166028976,-1.2762953042984009
47,num__MaxTemp,0.00930994376540184,0.00930994376540184,-1.2762953042984009
47,num__Rainfall,-0.15644614398479462,0.15644614398479462,-1.2762953042984009
47,num__Evaporation,-0.1250874251127243,0.1250874251127243,-1.2762953042984009
47,num__Sunshine,-1.1724834442138672,1.1724834442138672,-1.2762953042984009
47,num__WindGustSpeed,-0.23444490134716034,0.23444490134716034,-1.2762953042984009
47,num__WindSpeed9am,-0.07059092819690704,0.07059092819690704,-1.2762953042984009
47,num__WindSpeed3pm,-0.011021898128092289,0.011021898128092289,-1.2762953042984009
47,num__Humidity9am,-0.02738317660987377,0.02738317660987377,-1.2762953042984009
47,num__Humidity3pm,-2.2770214080810547,2.2770214080810547,-1.2762953042984009
47,num__Pressure9am,0.002194957807660103,0.002194957807660103,-1.2762953042984009
47,num__Pressure3pm,0.17140506207942963,0.17140506207942963,-1.2762953042984009
47,num__Cloud9am,-0.034946225583553314,0.034946225583553314,-1.2762953042984009
47,num__Cloud3pm,-1.1541568040847778,1.1541568040847778,-1.2762953042984009
47,num__Temp9am,-0.025705967098474503,0.025705967098474503,-1.2762953042984009
47,num__Temp3pm,-0.03789931535720825,0.03789931535720825,-1.2762953042984009
47,num__TemperatureDifference,0.179270401597023,0.179270401597023,-1.2762953042984009
47,num__AverageTemperature,-0.16997550427913666,0.16997550427913666,-1.2762953042984009
47,num__HumidityIndex,-0.1924629807472229,0.1924629807472229,-1.2762953042984009
47,num__PressureDifference,-0.04575938358902931,0.04575938358902931,-1.2762953042984009
47,num__Month,-0.0006856779800727963,0.0006856779800727963,-1.2762953042984009
47,num__Quarter,0.0,0.0,-1.2762953042984009
47,num__DayOfYear,-0.09319868683815002,0.09319868683815002,-1.2762953042984009
47,num__IsWeekend,-0.0007738453568890691,0.0007738453568890691,-1.2762953042984009
47,num__RainfallIndicator,0.0,0.0,-1.2762953042984009
47,num__RainTodayBinary,0.0,0.0,-1.2762953042984009
47,cat__Location_Adelaide,-0.006532248109579086,0.006532248109579086,-1.2762953042984009
47,cat__Location_Albany,0.003377472748979926,0.003377472748979926,-1.2762953042984009
47,cat__Location_Albury,-0.004241937771439552,0.004241937771439552,-1.2762953042984009
47,cat__Location_AliceSprings,0.0010928529081866145,0.0010928529081866145,-1.2762953042984009
47,cat__Location_BadgerysCreek,-9.946187492460012e-05,9.946187492460012e-05,-1.2762953042984009
47,cat__Location_Ballarat,0.002544793765991926,0.002544793765991926,-1.2762953042984009
47,cat__Location_Bendigo,-0.0022192117758095264,0.0022192117758095264,-1.2762953042984009
47,cat__Location_Brisbane,-0.006960737518966198,0.006960737518966198,-1.2762953042984009
47,cat__Location_Cairns,-0.002211899496614933,0.002211899496614933,-1.2762953042984009
47,cat__Location_Canberra,-0.006697727367281914,0.006697727367281914,-1.2762953042984009
47,cat__Location_Cobar,-0.0013315815012902021,0.0013315815012902021,-1.2762953042984009
47,cat__Location_CoffsHarbour,0.0006461009616032243,0.0006461009616032243,-1.2762953042984009
47,cat__Location_Dartmoor,-0.003176623024046421,0.003176623024046421,-1.2762953042984009
47,cat__Location_Darwin,-0.000742241507396102,0.000742241507396102,-1.2762953042984009
47,cat__Location_GoldCoast,0.004799321293830872,0.004799321293830872,-1.2762953042984009
47,cat__Location_Hobart,0.00016957036859821528,0.00016957036859821528,-1.2762953042984009
47,cat__Location_Katherine,0.009125366806983948,0.009125366806983948,-1.2762953042984009
47,cat__Location_Launceston,0.0010081224609166384,0.0010081224609166384,-1.2762953042984009
47,cat__Location_Melbourne,-0.001980547560378909,0.001980547560378909,-1.2762953042984009
47,cat__Location_MelbourneAirport,0.0015567817026749253,0.0015567817026749253,-1.2762953042984009
47,cat__Location_Mildura,-0.00041080196388065815,0.00041080196388065815,-1.2762953042984009
47,cat__Location_Moree,8.55759863043204e-05,8.55759863043204e-05,-1.2762953042984009
47,cat__Location_MountGambier,-0.0009153620339930058,0.0009153620339930058,-1.2762953042984009
47,cat__Location_MountGinini,0.0020619656424969435,0.0020619656424969435,-1.2762953042984009
47,cat__Location_Newcastle,-0.00332504790276289,0.00332504790276289,-1.2762953042984009
47,cat__Location_Nhil,0.0003611574647948146,0.0003611574647948146,-1.2762953042984009
47,cat__Location_NorahHead,0.011044132523238659,0.011044132523238659,-1.2762953042984009
47,cat__Location_NorfolkIsland,-0.002152871573343873,0.002152871573343873,-1.2762953042984009
47,cat__Location_Nuriootpa,-0.0029673767276108265,0.0029673767276108265,-1.2762953042984009
47,cat__Location_PearceRAAF,-0.001929998630657792,0.001929998630657792,-1.2762953042984009
47,cat__Location_Penrith,-0.0021662493236362934,0.0021662493236362934,-1.2762953042984009
47,cat__Location_Perth,0.30409762263298035,0.30409762263298035,-1.2762953042984009
47,cat__Location_PerthAirport,-0.002325046341866255,0.002325046341866255,-1.2762953042984009
47,cat__Location_Portland,-0.00032423314405605197,0.00032423314405605197,-1.2762953042984009
47,cat__Location_Richmond,0.0002928493486251682,0.0002928493486251682,-1.2762953042984009
47,cat__Location_Sale,-0.003822826547548175,0.003822826547548175,-1.2762953042984009
47,cat__Location_SalmonGums,-0.0042428201995790005,0.0042428201995790005,-1.2762953042984009
47,cat__Location_Sydney,-0.007558214478194714,0.007558214478194714,-1.2762953042984009
47,cat__Location_SydneyAirport,0.000830101955216378,0.000830101955216378,-1.2762953042984009
47,cat__Location_Townsville,0.0057480214163661,0.0057480214163661,-1.2762953042984009
47,cat__Location_Tuggeranong,-0.003947525285184383,0.003947525285184383,-1.2762953042984009
47,cat__Location_Uluru,0.00019093920127488673,0.00019093920127488673,-1.2762953042984009
47,cat__Location_WaggaWagga,-0.0030320724472403526,0.0030320724472403526,-1.2762953042984009
47,cat__Location_Walpole,-7.367401849478483e-06,7.367401849478483e-06,-1.2762953042984009
47,cat__Location_Watsonia,0.00023674369731452316,0.00023674369731452316,-1.2762953042984009
47,cat__Location_Williamtown,-0.0022832693066447973,0.0022832693066447973,-1.2762953042984009
47,cat__Location_Witchcliffe,-0.007278838194906712,0.007278838194906712,-1.2762953042984009
47,cat__Location_Wollongong,0.014762764796614647,0.014762764796614647,-1.2762953042984009
47,cat__Location_Woomera,-0.0010464140214025974,0.0010464140214025974,-1.2762953042984009
47,cat__WindGustDir_E,0.0048944889567792416,0.0048944889567792416,-1.2762953042984009
47,cat__WindGustDir_ENE,-0.0002006977010751143,0.0002006977010751143,-1.2762953042984009
47,cat__WindGustDir_ESE,-0.0006439932039938867,0.0006439932039938867,-1.2762953042984009
47,cat__WindGustDir_N,-0.004300297703593969,0.004300297703593969,-1.2762953042984009
47,cat__WindGustDir_NE,0.0026096575893461704,0.0026096575893461704,-1.2762953042984009
47,cat__WindGustDir_NNE,-0.0013968010898679495,0.0013968010898679495,-1.2762953042984009
47,cat__WindGustDir_NNW,-0.009497989900410175,0.009497989900410175,-1.2762953042984009
47,cat__WindGustDir_NW,-0.0008689324022270739,0.0008689324022270739,-1.2762953042984009
47,cat__WindGustDir_S,-0.0011109824990853667,0.0011109824990853667,-1.2762953042984009
47,cat__WindGustDir_SE,-0.0009415182285010815,0.0009415182285010815,-1.2762953042984009
47,cat__WindGustDir_SSE,3.231317168683745e-05,3.231317168683745e-05,-1.2762953042984009
47,cat__WindGustDir_SSW,0.001420491375029087,0.001420491375029087,-1.2762953042984009
47,cat__WindGustDir_SW,0.004826562944799662,0.004826562944799662,-1.2762953042984009
47,cat__WindGustDir_W,-0.021567974239587784,0.021567974239587784,-1.2762953042984009
47,cat__WindGustDir_WNW,3.430669676163234e-05,3.430669676163234e-05,-1.2762953042984009
47,cat__WindGustDir_WSW,-1.0441954145790078e-05,1.0441954145790078e-05,-1.2762953042984009
47,cat__WindDir9am_E,0.0014752252027392387,0.0014752252027392387,-1.2762953042984009
47,cat__WindDir9am_ENE,-0.0010812639957293868,0.0010812639957293868,-1.2762953042984009
47,cat__WindDir9am_ESE,0.0027396781370043755,0.0027396781370043755,-1.2762953042984009
47,cat__WindDir9am_N,-0.021663770079612732,0.021663770079612732,-1.2762953042984009
47,cat__WindDir9am_NE,0.022112641483545303,0.022112641483545303,-1.2762953042984009
47,cat__WindDir9am_NNE,-0.0121298898011446,0.0121298898011446,-1.2762953042984009
47,cat__WindDir9am_NNW,1.689002601779066e-05,1.689002601779066e-05,-1.2762953042984009
47,cat__WindDir9am_NW,-0.0029271808452904224,0.0029271808452904224,-1.2762953042984009
47,cat__WindDir9am_S,0.015458477661013603,0.015458477661013603,-1.2762953042984009
47,cat__WindDir9am_SE,5.857687028765213e-06,5.857687028765213e-06,-1.2762953042984009
47,cat__WindDir9am_SSE,0.007611433509737253,0.007611433509737253,-1.2762953042984009
47,cat__WindDir9am_SSW,0.0020392904989421368,0.0020392904989421368,-1.2762953042984009
47,cat__WindDir9am_SW,-0.00015268297283910215,0.00015268297283910215,-1.2762953042984009
47,cat__WindDir9am_W,-0.0002651381946634501,0.0002651381946634501,-1.2762953042984009
47,cat__WindDir9am_WNW,-2.9435264877974987e-05,2.9435264877974987e-05,-1.2762953042984009
47,cat__WindDir9am_WSW,-0.00045513667282648385,0.00045513667282648385,-1.2762953042984009
47,cat__WindDir3pm_E,0.000418980693211779,0.000418980693211779,-1.2762953042984009
47,cat__WindDir3pm_ENE,-0.0004042969085276127,0.0004042969085276127,-1.2762953042984009
47,cat__WindDir3pm_ESE,0.000893555348739028,0.000893555348739028,-1.2762953042984009
47,cat__WindDir3pm_N,-0.012607860378921032,0.012607860378921032,-1.2762953042984009
47,cat__WindDir3pm_NE,0.0005114274099469185,0.0005114274099469185,-1.2762953042984009
47,cat__WindDir3pm_NNE,-0.005777821410447359,0.005777821410447359,-1.2762953042984009
47,cat__WindDir3pm_NNW,-0.023204471915960312,0.023204471915960312,-1.2762953042984009
47,cat__WindDir3pm_NW,-0.010241974145174026,0.010241974145174026,-1.2762953042984009
47,cat__WindDir3pm_S,-0.00040724684367887676,0.00040724684367887676,-1.2762953042984009
47,cat__WindDir3pm_SE,-3.8336351281031966e-05,3.8336351281031966e-05,-1.2762953042984009
47,cat__WindDir3pm_SSE,0.005619097966700792,0.005619097966700792,-1.2762953042984009
47,cat__WindDir3pm_SSW,0.007272963412106037,0.007272963412106037,-1.2762953042984009
47,cat__WindDir3pm_SW,0.01822846569120884,0.01822846569120884,-1.2762953042984009
47,cat__WindDir3pm_W,-0.0011438429355621338,0.0011438429355621338,-1.2762953042984009
47,cat__WindDir3pm_WNW,-0.007888776250183582,0.007888776250183582,-1.2762953042984009
47,cat__WindDir3pm_WSW,-0.0013723609736189246,0.0013723609736189246,-1.2762953042984009
47,cat__Season_Autumn,0.02112087979912758,0.02112087979912758,-1.2762953042984009
47,cat__Season_Spring,0.009264768101274967,0.009264768101274967,-1.2762953042984009
47,cat__Season_Summer,-0.012438252568244934,0.012438252568244934,-1.2762953042984009
47,cat__Season_Winter,0.003528907196596265,0.003528907196596265,-1.2762953042984009
47,cat__WindIntensityCategory_High,2.2371394152287394e-05,2.2371394152287394e-05,-1.2762953042984009
47,cat__WindIntensityCategory_Low,-0.000932936673052609,0.000932936673052609,-1.2762953042984009
47,cat__WindIntensityCategory_Moderate,-0.133670374751091,0.133670374751091,-1.2762953042984009
47,cat__WindIntensityCategory_VeryHigh,0.0,0.0,-1.2762953042984009
47,cat__RainToday_No,0.0,0.0,-1.2762953042984009
47,cat__RainToday_Yes,0.0,0.0,-1.2762953042984009
48,num__MinTemp,0.00563809322193265,0.00563809322193265,-1.2762953042984009
48,num__MaxTemp,0.031227726489305496,0.031227726489305496,-1.2762953042984009
48,num__Rainfall,0.2588190734386444,0.2588190734386444,-1.2762953042984009
48,num__Evaporation,0.019224954769015312,0.019224954769015312,-1.2762953042984009
48,num__Sunshine,0.015449300408363342,0.015449300408363342,-1.2762953042984009
48,num__WindGustSpeed,-0.4595481753349304,0.4595481753349304,-1.2762953042984009
48,num__WindSpeed9am,-0.011244958266615868,0.011244958266615868,-1.2762953042984009
48,num__WindSpeed3pm,0.026008741930127144,0.026008741930127144,-1.2762953042984009
48,num__Humidity9am,0.12867088615894318,0.12867088615894318,-1.2762953042984009
48,num__Humidity3pm,0.49143797159194946,0.49143797159194946,-1.2762953042984009
48,num__Pressure9am,-0.025648009032011032,0.025648009032011032,-1.2762953042984009
48,num__Pressure3pm,-0.4592086672782898,0.4592086672782898,-1.2762953042984009
48,num__Cloud9am,0.013615486212074757,0.013615486212074757,-1.2762953042984009
48,num__Cloud3pm,-0.014221902005374432,0.014221902005374432,-1.2762953042984009
48,num__Temp9am,0.026612412184476852,0.026612412184476852,-1.2762953042984009
48,num__Temp3pm,0.0034792765509337187,0.0034792765509337187,-1.2762953042984009
48,num__TemperatureDifference,0.043695930391550064,0.043695930391550064,-1.2762953042984009
48,num__AverageTemperature,0.00662514241412282,0.00662514241412282,-1.2762953042984009
48,num__HumidityIndex,0.051408085972070694,0.051408085972070694,-1.2762953042984009
48,num__PressureDifference,0.0081343874335289,0.0081343874335289,-1.2762953042984009
48,num__Month,0.0010932222940027714,0.0010932222940027714,-1.2762953042984009
48,num__Quarter,0.0,0.0,-1.2762953042984009
48,num__DayOfYear,0.057355690747499466,0.057355690747499466,-1.2762953042984009
48,num__IsWeekend,0.0026287988293915987,0.0026287988293915987,-1.2762953042984009
48,num__RainfallIndicator,0.0,0.0,-1.2762953042984009
48,num__RainTodayBinary,0.0,0.0,-1.2762953042984009
48,cat__Location_Adelaide,-0.008993091061711311,0.008993091061711311,-1.2762953042984009
48,cat__Location_Albany,1.329582755715819e-05,1.329582755715819e-05,-1.2762953042984009
48,cat__Location_Albury,-0.0038729566149413586,0.0038729566149413586,-1.2762953042984009
48,cat__Location_AliceSprings,-0.0007186284055933356,0.0007186284055933356,-1.2762953042984009
48,cat__Location_BadgerysCreek,-0.0012876923428848386,0.0012876923428848386,-1.2762953042984009
48,cat__Location_Ballarat,0.007306200452148914,0.007306200452148914,-1.2762953042984009
48,cat__Location_Bendigo,-0.0005407127318903804,0.0005407127318903804,-1.2762953042984009
48,cat__Location_Brisbane,-0.0177020151168108,0.0177020151168108,-1.2762953042984009
48,cat__Location_Cairns,-0.0025698021054267883,0.0025698021054267883,-1.2762953042984009
48,cat__Location_Canberra,-8.140636782627553e-05,8.140636782627553e-05,-1.2762953042984009
48,cat__Location_Cobar,0.0007786869537085295,0.0007786869537085295,-1.2762953042984009
48,cat__Location_CoffsHarbour,-0.0028049289248883724,0.0028049289248883724,-1.2762953042984009
48,cat__Location_Dartmoor,-7.233988435473293e-05,7.233988435473293e-05,-1.2762953042984009
48,cat__Location_Darwin,0.007471190765500069,0.007471190765500069,-1.2762953042984009
48,cat__Location_GoldCoast,0.002963618841022253,0.002963618841022253,-1.2762953042984009
48,cat__Location_Hobart,0.009560254402458668,0.009560254402458668,-1.2762953042984009
48,cat__Location_Katherine,0.003674878505989909,0.003674878505989909,-1.2762953042984009
48,cat__Location_Launceston,0.0010087800910696387,0.0010087800910696387,-1.2762953042984009
48,cat__Location_Melbourne,-0.0018711327575147152,0.0018711327575147152,-1.2762953042984009
48,cat__Location_MelbourneAirport,0.0034322517458349466,0.0034322517458349466,-1.2762953042984009
48,cat__Location_Mildura,0.00020048148871865124,0.00020048148871865124,-1.2762953042984009
48,cat__Location_Moree,8.55759863043204e-05,8.55759863043204e-05,-1.2762953042984009
48,cat__Location_MountGambier,6.342419510474429e-05,6.342419510474429e-05,-1.2762953042984009
48,cat__Location_MountGinini,0.011787776835262775,0.011787776835262775,-1.2762953042984009
48,cat__Location_Newcastle,-3.4636574127944186e-05,3.4636574127944186e-05,-1.2762953042984009
48,cat__Location_Nhil,0.001747581292875111,0.001747581292875111,-1.2762953042984009
48,cat__Location_NorahHead,0.007750536780804396,0.007750536780804396,-1.2762953042984009
48,cat__Location_NorfolkIsland,0.0023266091011464596,0.0023266091011464596,-1.2762953042984009
48,cat__Location_Nuriootpa,6.453047535615042e-05,6.453047535615042e-05,-1.2762953042984009
48,cat__Location_PearceRAAF,-0.005382103379815817,0.005382103379815817,-1.2762953042984009
48,cat__Location_Penrith,0.00021159736206755042,0.00021159736206755042,-1.2762953042984009
48,cat__Location_Perth,-0.006551417056471109,0.006551417056471109,-1.2762953042984009
48,cat__Location_PerthAirport,-0.002020551823079586,0.002020551823079586,-1.2762953042984009
48,cat__Location_Portland,-0.0002358525962335989,0.0002358525962335989,-1.2762953042984009
48,cat__Location_Richmond,-0.0017767021199688315,0.0017767021199688315,-1.2762953042984009
48,cat__Location_Sale,0.006364625412970781,0.006364625412970781,-1.2762953042984009
48,cat__Location_SalmonGums,-0.0031234740745276213,0.0031234740745276213,-1.2762953042984009
48,cat__Location_Sydney,-0.00551823852583766,0.00551823852583766,-1.2762953042984009
48,cat__Location_SydneyAirport,4.939644713886082e-05,4.939644713886082e-05,-1.2762953042984009
48,cat__Location_Townsville,0.005678846035152674,0.005678846035152674,-1.2762953042984009
48,cat__Location_Tuggeranong,-0.01213040016591549,0.01213040016591549,-1.2762953042984009
48,cat__Location_Uluru,-9.26809516386129e-05,9.26809516386129e-05,-1.2762953042984009
48,cat__Location_WaggaWagga,-0.0013656599912792444,0.0013656599912792444,-1.2762953042984009
48,cat__Location_Walpole,0.039368510246276855,0.039368510246276855,-1.2762953042984009
48,cat__Location_Watsonia,0.0013136956840753555,0.0013136956840753555,-1.2762953042984009
48,cat__Location_Williamtown,-0.009016876108944416,0.009016876108944416,-1.2762953042984009
48,cat__Location_Witchcliffe,-0.0123803885653615,0.0123803885653615,-1.2762953042984009
48,cat__Location_Wollongong,0.01643357425928116,0.01643357425928116,-1.2762953042984009
48,cat__Location_Woomera,0.0021880778949707747,0.0021880778949707747,-1.2762953042984009
48,cat__WindGustDir_E,0.0002501313865650445,0.0002501313865650445,-1.2762953042984009
48,cat__WindGustDir_ENE,-0.00010813004337251186,0.00010813004337251186,-1.2762953042984009
48,cat__WindGustDir_ESE,-7.126573473215103e-05,7.126573473215103e-05,-1.2762953042984009
48,cat__WindGustDir_N,0.0033527452033013105,0.0033527452033013105,-1.2762953042984009
48,cat__WindGustDir_NE,0.00011289705435046926,0.00011289705435046926,-1.2762953042984009
48,cat__WindGustDir_NNE,-0.00018020247807726264,0.00018020247807726264,-1.2762953042984009
48,cat__WindGustDir_NNW,-0.00058144167996943,0.00058144167996943,-1.2762953042984009
48,cat__WindGustDir_NW,-0.00033109847572632134,0.00033109847572632134,-1.2762953042984009
48,cat__WindGustDir_S,-2.793724343064241e-05,2.793724343064241e-05,-1.2762953042984009
48,cat__WindGustDir_SE,-0.0005089452024549246,0.0005089452024549246,-1.2762953042984009
48,cat__WindGustDir_SSE,-3.788275353144854e-05,3.788275353144854e-05,-1.2762953042984009
48,cat__WindGustDir_SSW,0.00016099409549497068,0.00016099409549497068,-1.2762953042984009
48,cat__WindGustDir_SW,-4.091205119038932e-05,4.091205119038932e-05,-1.2762953042984009
48,cat__WindGustDir_W,-0.0006659560021944344,0.0006659560021944344,-1.2762953042984009
48,cat__WindGustDir_WNW,-5.5182208598125726e-05,5.5182208598125726e-05,-1.2762953042984009
48,cat__WindGustDir_WSW,-3.0067771149333566e-05,3.0067771149333566e-05,-1.2762953042984009
48,cat__WindDir9am_E,0.0011193460086360574,0.0011193460086360574,-1.2762953042984009
48,cat__WindDir9am_ENE,0.003485670080408454,0.003485670080408454,-1.2762953042984009
48,cat__WindDir9am_ESE,0.001871309126727283,0.001871309126727283,-1.2762953042984009
48,cat__WindDir9am_N,0.034876976162195206,0.034876976162195206,-1.2762953042984009
48,cat__WindDir9am_NE,-0.0010166032006964087,0.0010166032006964087,-1.2762953042984009
48,cat__WindDir9am_NNE,0.0019632272887974977,0.0019632272887974977,-1.2762953042984009
48,cat__WindDir9am_NNW,-9.22272156458348e-05,9.22272156458348e-05,-1.2762953042984009
48,cat__WindDir9am_NW,-6.619701161980629e-05,6.619701161980629e-05,-1.2762953042984009
48,cat__WindDir9am_S,0.006705841980874538,0.006705841980874538,-1.2762953042984009
48,cat__WindDir9am_SE,5.397962013375945e-06,5.397962013375945e-06,-1.2762953042984009
48,cat__WindDir9am_SSE,0.008879812434315681,0.008879812434315681,-1.2762953042984009
48,cat__WindDir9am_SSW,0.0014579080743715167,0.0014579080743715167,-1.2762953042984009
48,cat__WindDir9am_SW,-8.961115963757038e-05,8.961115963757038e-05,-1.2762953042984009
48,cat__WindDir9am_W,-0.00010599775851005688,0.00010599775851005688,-1.2762953042984009
48,cat__WindDir9am_WNW,-3.05161411233712e-05,3.05161411233712e-05,-1.2762953042984009
48,cat__WindDir9am_WSW,1.6488218534504995e-05,1.6488218534504995e-05,-1.2762953042984009
48,cat__WindDir3pm_E,0.0008671724353916943,0.0008671724353916943,-1.2762953042984009
48,cat__WindDir3pm_ENE,-9.308630978921428e-05,9.308630978921428e-05,-1.2762953042984009
48,cat__WindDir3pm_ESE,0.00030690140556544065,0.00030690140556544065,-1.2762953042984009
48,cat__WindDir3pm_N,0.015951817855238914,0.015951817855238914,-1.2762953042984009
48,cat__WindDir3pm_NE,0.0007788166403770447,0.0007788166403770447,-1.2762953042984009
48,cat__WindDir3pm_NNE,-0.00034154075547121465,0.00034154075547121465,-1.2762953042984009
48,cat__WindDir3pm_NNW,-0.008892223238945007,0.008892223238945007,-1.2762953042984009
48,cat__WindDir3pm_NW,-0.0074704973958432674,0.0074704973958432674,-1.2762953042984009
48,cat__WindDir3pm_S,-0.00023349167895503342,0.00023349167895503342,-1.2762953042984009
48,cat__WindDir3pm_SE,-0.00015819982218090445,0.00015819982218090445,-1.2762953042984009
48,cat__WindDir3pm_SSE,0.0015828583855181932,0.0015828583855181932,-1.2762953042984009
48,cat__WindDir3pm_SSW,0.0044732727110385895,0.0044732727110385895,-1.2762953042984009
48,cat__WindDir3pm_SW,0.0016967534320428967,0.0016967534320428967,-1.2762953042984009
48,cat__WindDir3pm_W,4.8044370487332344e-05,4.8044370487332344e-05,-1.2762953042984009
48,cat__WindDir3pm_WNW,-0.008497904986143112,0.008497904986143112,-1.2762953042984009
48,cat__WindDir3pm_WSW,0.00016074767336249352,0.00016074767336249352,-1.2762953042984009
48,cat__Season_Autumn,-0.0026421304792165756,0.0026421304792165756,-1.2762953042984009
48,cat__Season_Spring,0.00031511581619270146,0.00031511581619270146,-1.2762953042984009
48,cat__Season_Summer,0.008665802888572216,0.008665802888572216,-1.2762953042984009
48,cat__Season_Winter,0.009107962250709534,0.009107962250709534,-1.2762953042984009
48,cat__WindIntensityCategory_High,4.441238706931472e-05,4.441238706931472e-05,-1.2762953042984009
48,cat__WindIntensityCategory_Low,-0.00036950071807950735,0.00036950071807950735,-1.2762953042984009
48,cat__WindIntensityCategory_Moderate,-0.0032287423964589834,0.0032287423964589834,-1.2762953042984009
48,cat__WindIntensityCategory_VeryHigh,0.0,0.0,-1.2762953042984009
48,cat__RainToday_No,0.0,0.0,-1.2762953042984009
48,cat__RainToday_Yes,0.0,0.0,-1.2762953042984009
49,num__MinTemp,-0.010143042542040348,0.010143042542040348,-1.2762953042984009
49,num__MaxTemp,-0.023029353469610214,0.023029353469610214,-1.2762953042984009
49,num__Rainfall,0.2980257272720337,0.2980257272720337,-1.2762953042984009
49,num__Evaporation,0.008878074586391449,0.008878074586391449,-1.2762953042984009
49,num__Sunshine,0.5777192711830139,0.5777192711830139,-1.2762953042984009
49,num__WindGustSpeed,0.9370651841163635,0.9370651841163635,-1.2762953042984009
49,num__WindSpeed9am,-0.0949016660451889,0.0949016660451889,-1.2762953042984009
49,num__WindSpeed3pm,-0.06701210886240005,0.06701210886240005,-1.2762953042984009
49,num__Humidity9am,-0.051295313984155655,0.051295313984155655,-1.2762953042984009
49,num__Humidity3pm,-0.44089487195014954,0.44089487195014954,-1.2762953042984009
49,num__Pressure9am,0.004467935301363468,0.004467935301363468,-1.2762953042984009
49,num__Pressure3pm,0.2276325523853302,0.2276325523853302,-1.2762953042984009
49,num__Cloud9am,0.014344432391226292,0.014344432391226292,-1.2762953042984009
49,num__Cloud3pm,0.09227374196052551,0.09227374196052551,-1.2762953042984009
49,num__Temp9am,-0.07170376926660538,0.07170376926660538,-1.2762953042984009
49,num__Temp3pm,0.015678465366363525,0.015678465366363525,-1.2762953042984009
49,num__TemperatureDifference,-0.09370270371437073,0.09370270371437073,-1.2762953042984009
49,num__AverageTemperature,0.03705035150051117,0.03705035150051117,-1.2762953042984009
49,num__HumidityIndex,-0.07590842247009277,0.07590842247009277,-1.2762953042984009
49,num__PressureDifference,-0.03099646233022213,0.03099646233022213,-1.2762953042984009
49,num__Month,0.0005557694239541888,0.0005557694239541888,-1.2762953042984009
49,num__Quarter,0.0,0.0,-1.2762953042984009
49,num__DayOfYear,-0.11485034227371216,0.11485034227371216,-1.2762953042984009
49,num__IsWeekend,-0.004110951442271471,0.004110951442271471,-1.2762953042984009
49,num__RainfallIndicator,0.0,0.0,-1.2762953042984009
49,num__RainTodayBinary,0.0,0.0,-1.2762953042984009
49,cat__Location_Adelaide,-0.006068200804293156,0.006068200804293156,-1.2762953042984009
49,cat__Location_Albany,0.0004326918569859117,0.0004326918569859117,-1.2762953042984009
49,cat__Location_Albury,-0.001675654319114983,0.001675654319114983,-1.2762953042984009
49,cat__Location_AliceSprings,0.0006253572064451873,0.0006253572064451873,-1.2762953042984009
49,cat__Location_BadgerysCreek,-0.0006606043316423893,0.0006606043316423893,-1.2762953042984009
49,cat__Location_Ballarat,0.001114558195695281,0.001114558195695281,-1.2762953042984009
49,cat__Location_Bendigo,-0.0008618085412308574,0.0008618085412308574,-1.2762953042984009
49,cat__Location_Brisbane,-0.001930032391101122,0.001930032391101122,-1.2762953042984009
49,cat__Location_Cairns,-0.0024622799828648567,0.0024622799828648567,-1.2762953042984009
49,cat__Location_Canberra,-0.0007034519803710282,0.0007034519803710282,-1.2762953042984009
49,cat__Location_Cobar,-0.0011862784158438444,0.0011862784158438444,-1.2762953042984009
49,cat__Location_CoffsHarbour,-0.0016156864585354924,0.0016156864585354924,-1.2762953042984009
49,cat__Location_Dartmoor,-0.004075759556144476,0.004075759556144476,-1.2762953042984009
49,cat__Location_Darwin,0.006845529191195965,0.006845529191195965,-1.2762953042984009
49,cat__Location_GoldCoast,0.005315772723406553,0.005315772723406553,-1.2762953042984009
49,cat__Location_Hobart,0.008413164876401424,0.008413164876401424,-1.2762953042984009
49,cat__Location_Katherine,0.00888996385037899,0.00888996385037899,-1.2762953042984009
49,cat__Location_Launceston,0.0018761571263894439,0.0018761571263894439,-1.2762953042984009
49,cat__Location_Melbourne,-0.0005872240290045738,0.0005872240290045738,-1.2762953042984009
49,cat__Location_MelbourneAirport,0.003689443925395608,0.003689443925395608,-1.2762953042984009
49,cat__Location_Mildura,7.068109698593616e-05,7.068109698593616e-05,-1.2762953042984009
49,cat__Location_Moree,8.55759863043204e-05,8.55759863043204e-05,-1.2762953042984009
49,cat__Location_MountGambier,-0.003660184796899557,0.003660184796899557,-1.2762953042984009
49,cat__Location_MountGinini,0.001976920058950782,0.001976920058950782,-1.2762953042984009
49,cat__Location_Newcastle,-3.4636574127944186e-05,3.4636574127944186e-05,-1.2762953042984009
49,cat__Location_Nhil,0.0016314348904415965,0.0016314348904415965,-1.2762953042984009
49,cat__Location_NorahHead,0.01000938843935728,0.01000938843935728,-1.2762953042984009
49,cat__Location_NorfolkIsland,0.0015057052951306105,0.0015057052951306105,-1.2762953042984009
49,cat__Location_Nuriootpa,3.717973959282972e-05,3.717973959282972e-05,-1.2762953042984009
49,cat__Location_PearceRAAF,0.024455364793539047,0.024455364793539047,-1.2762953042984009
49,cat__Location_Penrith,-0.005825757514685392,0.005825757514685392,-1.2762953042984009
49,cat__Location_Perth,-0.00470011169090867,0.00470011169090867,-1.2762953042984009
49,cat__Location_PerthAirport,-0.0019508975092321634,0.0019508975092321634,-1.2762953042984009
49,cat__Location_Portland,-0.00041931497980840504,0.00041931497980840504,-1.2762953042984009
49,cat__Location_Richmond,-0.0006138818571344018,0.0006138818571344018,-1.2762953042984009
49,cat__Location_Sale,0.0013883222127333283,0.0013883222127333283,-1.2762953042984009
49,cat__Location_SalmonGums,-0.005082383751869202,0.005082383751869202,-1.2762953042984009
49,cat__Location_Sydney,-0.005119436886161566,0.005119436886161566,-1.2762953042984009
49,cat__Location_SydneyAirport,0.00018819242541212589,0.00018819242541212589,-1.2762953042984009
49,cat__Location_Townsville,0.015187211334705353,0.015187211334705353,-1.2762953042984009
49,cat__Location_Tuggeranong,-0.006409140769392252,0.006409140769392252,-1.2762953042984009
49,cat__Location_Uluru,0.00019093920127488673,0.00019093920127488673,-1.2762953042984009
49,cat__Location_WaggaWagga,-0.0018131245160475373,0.0018131245160475373,-1.2762953042984009
49,cat__Location_Walpole,0.003430113196372986,0.003430113196372986,-1.2762953042984009
49,cat__Location_Watsonia,0.00026093318592756987,0.00026093318592756987,-1.2762953042984009
49,cat__Location_Williamtown,-0.004659712314605713,0.004659712314605713,-1.2762953042984009
49,cat__Location_Witchcliffe,-0.01283918134868145,0.01283918134868145,-1.2762953042984009
49,cat__Location_Wollongong,0.016315780580043793,0.016315780580043793,-1.2762953042984009
49,cat__Location_Woomera,0.0033354947809129953,0.0033354947809129953,-1.2762953042984009
49,cat__WindGustDir_E,0.006546689663082361,0.006546689663082361,-1.2762953042984009
49,cat__WindGustDir_ENE,0.0024148179218173027,0.0024148179218173027,-1.2762953042984009
49,cat__WindGustDir_ESE,-0.00019418260490056127,0.00019418260490056127,-1.2762953042984009
49,cat__WindGustDir_N,0.0003072364488616586,0.0003072364488616586,-1.2762953042984009
49,cat__WindGustDir_NE,0.0004381248727440834,0.0004381248727440834,-1.2762953042984009
49,cat__WindGustDir_NNE,-0.0001436812017345801,0.0001436812017345801,-1.2762953042984009
49,cat__WindGustDir_NNW,-0.00011030017049051821,0.00011030017049051821,-1.2762953042984009
49,cat__WindGustDir_NW,-0.0003541837795637548,0.0003541837795637548,-1.2762953042984009
49,cat__WindGustDir_S,-4.7252062358893454e-05,4.7252062358893454e-05,-1.2762953042984009
49,cat__WindGustDir_SE,-0.0005105376476421952,0.0005105376476421952,-1.2762953042984009
49,cat__WindGustDir_SSE,4.086762055521831e-05,4.086762055521831e-05,-1.2762953042984009
49,cat__WindGustDir_SSW,0.0001543391845189035,0.0001543391845189035,-1.2762953042984009
49,cat__WindGustDir_SW,-0.001602348405867815,0.001602348405867815,-1.2762953042984009
49,cat__WindGustDir_W,-0.005327951163053513,0.005327951163053513,-1.2762953042984009
49,cat__WindGustDir_WNW,-6.28568886895664e-05,6.28568886895664e-05,-1.2762953042984009
49,cat__WindGustDir_WSW,-1.978385989787057e-05,1.978385989787057e-05,-1.2762953042984009
49,cat__WindDir9am_E,0.000578306324314326,0.000578306324314326,-1.2762953042984009
49,cat__WindDir9am_ENE,0.008998333476483822,0.008998333476483822,-1.2762953042984009
49,cat__WindDir9am_ESE,0.0029510455206036568,0.0029510455206036568,-1.2762953042984009
49,cat__WindDir9am_N,-0.01944086141884327,0.01944086141884327,-1.2762953042984009
49,cat__WindDir9am_NE,-0.0013341805897653103,0.0013341805897653103,-1.2762953042984009
49,cat__WindDir9am_NNE,-0.009617872536182404,0.009617872536182404,-1.2762953042984009
49,cat__WindDir9am_NNW,-2.430674066999927e-05,2.430674066999927e-05,-1.2762953042984009
49,cat__WindDir9am_NW,-0.0011204963084310293,0.0011204963084310293,-1.2762953042984009
49,cat__WindDir9am_S,0.01588490605354309,0.01588490605354309,-1.2762953042984009
49,cat__WindDir9am_SE,1.722438719298225e-05,1.722438719298225e-05,-1.2762953042984009
49,cat__WindDir9am_SSE,0.008110098540782928,0.008110098540782928,-1.2762953042984009
49,cat__WindDir9am_SSW,0.0017377041513100266,0.0017377041513100266,-1.2762953042984009
49,cat__WindDir9am_SW,-0.00017695617862045765,0.00017695617862045765,-1.2762953042984009
49,cat__WindDir9am_W,2.862649671442341e-05,2.862649671442341e-05,-1.2762953042984009
49,cat__WindDir9am_WNW,-3.754670251510106e-05,3.754670251510106e-05,-1.2762953042984009
49,cat__WindDir9am_WSW,-1.73663574969396e-05,1.73663574969396e-05,-1.2762953042984009
49,cat__WindDir3pm_E,0.0013841947074979544,0.0013841947074979544,-1.2762953042984009
49,cat__WindDir3pm_ENE,-9.109151142183691e-05,9.109151142183691e-05,-1.2762953042984009
49,cat__WindDir3pm_ESE,0.0008912479970604181,0.0008912479970604181,-1.2762953042984009
49,cat__WindDir3pm_N,-0.003653415711596608,0.003653415711596608,-1.2762953042984009
49,cat__WindDir3pm_NE,0.00035367815871722996,0.00035367815871722996,-1.2762953042984009
49,cat__WindDir3pm_NNE,-0.0003293992194812745,0.0003293992194812745,-1.2762953042984009
49,cat__WindDir3pm_NNW,-0.013105661608278751,0.013105661608278751,-1.2762953042984009
49,cat__WindDir3pm_NW,-0.00979993212968111,0.00979993212968111,-1.2762953042984009
49,cat__WindDir3pm_S,-0.000324319233186543,0.000324319233186543,-1.2762953042984009
49,cat__WindDir3pm_SE,2.5836885470198467e-05,2.5836885470198467e-05,-1.2762953042984009
49,cat__WindDir3pm_SSE,0.00940902903676033,0.00940902903676033,-1.2762953042984009
49,cat__WindDir3pm_SSW,0.009306637570261955,0.009306637570261955,-1.2762953042984009
49,cat__WindDir3pm_SW,0.0031665139831602573,0.0031665139831602573,-1.2762953042984009
49,cat__WindDir3pm_W,0.00025216303765773773,0.00025216303765773773,-1.2762953042984009
49,cat__WindDir3pm_WNW,-0.010626673698425293,0.010626673698425293,-1.2762953042984009
49,cat__WindDir3pm_WSW,0.00022077385801821947,0.00022077385801821947,-1.2762953042984009
49,cat__Season_Autumn,0.013818450272083282,0.013818450272083282,-1.2762953042984009
49,cat__Season_Spring,0.00016532452718820423,0.00016532452718820423,-1.2762953042984009
49,cat__Season_Summer,0.01475964393466711,0.01475964393466711,-1.2762953042984009
49,cat__Season_Winter,0.00248667667619884,0.00248667667619884,-1.2762953042984009
49,cat__WindIntensityCategory_High,-1.7287671653321013e-05,1.7287671653321013e-05,-1.2762953042984009
49,cat__WindIntensityCategory_Low,-0.0006768408929929137,0.0006768408929929137,-1.2762953042984009
49,cat__WindIntensityCategory_Moderate,0.0028404381591826677,0.0028404381591826677,-1.2762953042984009
49,cat__WindIntensityCategory_VeryHigh,0.0,0.0,-1.2762953042984009
49,cat__RainToday_No,0.0,0.0,-1.2762953042984009
49,cat__RainToday_Yes,0.0,0.0,-1.2762953042984009
